event_id,day_index,hour,site_token,metric_raw,layer,pii_status,dataset
B-00001,0,0,SITE-001,49.07,bronze,tokenised,SYNTHETIC_PUBLIC_SAFE
B-00002,0,2,SITE-001,51.88,bronze,tokenised,SYNTHETIC_PUBLIC_SAFE
B-00003,0,4,SITE-001,67.78,bronze,tokenised,SYNTHETIC_PUBLIC_SAFE
B-00004,0,6,SITE-001,72.19,bronze,tokenised,SYNTHETIC_PUBLIC_SAFE
B-00005,0,8,SITE-001,52.8,bronze,tokenised,SYNTHETIC_PUBLIC_SAFE
B-00006,0,10,SITE-001,88.13,bronze,tokenised,SYNTHETIC_PUBLIC_SAFE
B-00007,0,12,SITE-001,67.37,bronze,tokenised,SYNTHETIC_PUBLIC_SAFE
B-00008,0,14,SITE-001,48.51,bronze,tokenised,SYNTHETIC_PUBLIC_SAFE
B-00009,0,16,SITE-001,64.92,bronze,tokenised,SYNTHETIC_PUBLIC_SAFE
B-00010,0,18,SITE-001,58.28,bronze,tokenised,SYNTHETIC_PUBLIC_SAFE
B-00011,0,20,SITE-001,82.91,bronze,tokenised,SYNTHETIC_PUBLIC_SAFE
B-00012,0,22,SITE-001,81.51,bronze,tokenised,SYNTHETIC_PUBLIC_SAFE
B-00013,0,0,SITE-002,46.74,bronze,tokenised,SYNTHETIC_PUBLIC_SAFE
B-00014,0,2,SITE-002,90.77,bronze,tokenised,SYNTHETIC_PUBLIC_SAFE
B-00015,0,4,SITE-002,64.82,bronze,tokenised,SYNTHETIC_PUBLIC_SAFE
B-00016,0,6,SITE-002,41.48,bronze,tokenised,SYNTHETIC_PUBLIC_SAFE
B-00017,0,8,SITE-002,67.28,bronze,tokenised,SYNTHETIC_PUBLIC_SAFE
B-00018,0,10,SITE-002,52.21,bronze,tokenised,SYNTHETIC_PUBLIC_SAFE
B-00019,0,12,SITE-002,49.94,bronze,tokenised,SYNTHETIC_PUBLIC_SAFE
B-00020,0,14,SITE-002,59.06,bronze,tokenised,SYNTHETIC_PUBLIC_SAFE
B-00021,0,16,SITE-002,43.61,bronze,tokenised,SYNTHETIC_PUBLIC_SAFE
B-00022,0,18,SITE-002,77.58,bronze,tokenised,SYNTHETIC_PUBLIC_SAFE
B-00023,0,20,SITE-002,62.39,bronze,tokenised,SYNTHETIC_PUBLIC_SAFE
B-00024,0,22,SITE-002,88.57,bronze,tokenised,SYNTHETIC_PUBLIC_SAFE
B-00025,0,0,SITE-003,88.19,bronze,tokenised,SYNTHETIC_PUBLIC_SAFE
B-00026,0,2,SITE-003,82.57,bronze,tokenised,SYNTHETIC_PUBLIC_SAFE
B-00027,0,4,SITE-003,54.19,bronze,tokenised,SYNTHETIC_PUBLIC_SAFE
B-00028,0,6,SITE-003,43.82,bronze,tokenised,SYNTHETIC_PUBLIC_SAFE
B-00029,0,8,SITE-003,81.02,bronze,tokenised,SYNTHETIC_PUBLIC_SAFE
B-00030,0,10,SITE-003,68.91,bronze,tokenised,SYNTHETIC_PUBLIC_SAFE
B-00031,0,12,SITE-003,86.1,bronze,tokenised,SYNTHETIC_PUBLIC_SAFE
B-00032,0,14,SITE-003,63.43,bronze,tokenised,SYNTHETIC_PUBLIC_SAFE
B-00033,0,16,SITE-003,69.39,bronze,tokenised,SYNTHETIC_PUBLIC_SAFE
B-00034,0,18,SITE-003,77.69,bronze,tokenised,SYNTHETIC_PUBLIC_SAFE
B-00035,0,20,SITE-003,75.41,bronze,tokenised,SYNTHETIC_PUBLIC_SAFE
B-00036,0,22,SITE-003,62.31,bronze,tokenised,SYNTHETIC_PUBLIC_SAFE
B-00037,0,0,SITE-004,45.22,bronze,tokenised,SYNTHETIC_PUBLIC_SAFE
B-00038,0,2,SITE-004,47.75,bronze,tokenised,SYNTHETIC_PUBLIC_SAFE
B-00039,0,4,SITE-004,69.63,bronze,tokenised,SYNTHETIC_PUBLIC_SAFE
B-00040,0,6,SITE-004,49.13,bronze,tokenised,SYNTHETIC_PUBLIC_SAFE
B-00041,0,8,SITE-004,70.25,bronze,tokenised,SYNTHETIC_PUBLIC_SAFE
B-00042,0,10,SITE-004,82.58,bronze,tokenised,SYNTHETIC_PUBLIC_SAFE
B-00043,0,12,SITE-004,43.49,bronze,tokenised,SYNTHETIC_PUBLIC_SAFE
B-00044,0,14,SITE-004,53.91,bronze,tokenised,SYNTHETIC_PUBLIC_SAFE
B-00045,0,16,SITE-004,61.39,bronze,tokenised,SYNTHETIC_PUBLIC_SAFE
B-00046,0,18,SITE-004,67.67,bronze,tokenised,SYNTHETIC_PUBLIC_SAFE
B-00047,0,20,SITE-004,73.06,bronze,tokenised,SYNTHETIC_PUBLIC_SAFE
B-00048,0,22,SITE-004,57.06,bronze,tokenised,SYNTHETIC_PUBLIC_SAFE
B-00049,0,0,SITE-005,43.5,bronze,tokenised,SYNTHETIC_PUBLIC_SAFE
B-00050,0,2,SITE-005,57.5,bronze,tokenised,SYNTHETIC_PUBLIC_SAFE
B-00051,0,4,SITE-005,44.03,bronze,tokenised,SYNTHETIC_PUBLIC_SAFE
B-00052,0,6,SITE-005,82.18,bronze,tokenised,SYNTHETIC_PUBLIC_SAFE
B-00053,0,8,SITE-005,68.46,bronze,tokenised,SYNTHETIC_PUBLIC_SAFE
B-00054,0,10,SITE-005,42.69,bronze,tokenised,SYNTHETIC_PUBLIC_SAFE
B-00055,0,12,SITE-005,84.95,bronze,tokenised,SYNTHETIC_PUBLIC_SAFE
B-00056,0,14,SITE-005,61.2,bronze,tokenised,SYNTHETIC_PUBLIC_SAFE
B-00057,0,16,SITE-005,44.7,bronze,tokenised,SYNTHETIC_PUBLIC_SAFE
B-00058,0,18,SITE-005,88.98,bronze,tokenised,SYNTHETIC_PUBLIC_SAFE
B-00059,0,20,SITE-005,76.74,bronze,tokenised,SYNTHETIC_PUBLIC_SAFE
B-00060,0,22,SITE-005,53.49,bronze,tokenised,SYNTHETIC_PUBLIC_SAFE
B-00061,0,0,SITE-006,85.37,bronze,tokenised,SYNTHETIC_PUBLIC_SAFE
B-00062,0,2,SITE-006,57.19,bronze,tokenised,SYNTHETIC_PUBLIC_SAFE
B-00063,0,4,SITE-006,70.43,bronze,tokenised,SYNTHETIC_PUBLIC_SAFE
B-00064,0,6,SITE-006,80.83,bronze,tokenised,SYNTHETIC_PUBLIC_SAFE
B-00065,0,8,SITE-006,78.72,bronze,tokenised,SYNTHETIC_PUBLIC_SAFE
B-00066,0,10,SITE-006,77.49,bronze,tokenised,SYNTHETIC_PUBLIC_SAFE
B-00067,0,12,SITE-006,53.98,bronze,tokenised,SYNTHETIC_PUBLIC_SAFE
B-00068,0,14,SITE-006,50.99,bronze,tokenised,SYNTHETIC_PUBLIC_SAFE
B-00069,0,16,SITE-006,91.74,bronze,tokenised,SYNTHETIC_PUBLIC_SAFE
B-00070,0,18,SITE-006,55.43,bronze,tokenised,SYNTHETIC_PUBLIC_SAFE
B-00071,0,20,SITE-006,50.37,bronze,tokenised,SYNTHETIC_PUBLIC_SAFE
B-00072,0,22,SITE-006,91.41,bronze,tokenised,SYNTHETIC_PUBLIC_SAFE
B-00073,0,0,SITE-007,42.16,bronze,tokenised,SYNTHETIC_PUBLIC_SAFE
B-00074,0,2,SITE-007,40.42,bronze,tokenised,SYNTHETIC_PUBLIC_SAFE
B-00075,0,4,SITE-007,64.98,bronze,tokenised,SYNTHETIC_PUBLIC_SAFE
B-00076,0,6,SITE-007,83.54,bronze,tokenised,SYNTHETIC_PUBLIC_SAFE
B-00077,0,8,SITE-007,50.32,bronze,tokenised,SYNTHETIC_PUBLIC_SAFE
B-00078,0,10,SITE-007,84.13,bronze,tokenised,SYNTHETIC_PUBLIC_SAFE
B-00079,0,12,SITE-007,40.97,bronze,tokenised,SYNTHETIC_PUBLIC_SAFE
B-00080,0,14,SITE-007,81.08,bronze,tokenised,SYNTHETIC_PUBLIC_SAFE
B-00081,0,16,SITE-007,84.84,bronze,tokenised,SYNTHETIC_PUBLIC_SAFE
B-00082,0,18,SITE-007,84.01,bronze,tokenised,SYNTHETIC_PUBLIC_SAFE
B-00083,0,20,SITE-007,56.39,bronze,tokenised,SYNTHETIC_PUBLIC_SAFE
B-00084,0,22,SITE-007,43.72,bronze,tokenised,SYNTHETIC_PUBLIC_SAFE
B-00085,0,0,SITE-008,54.84,bronze,tokenised,SYNTHETIC_PUBLIC_SAFE
B-00086,0,2,SITE-008,77.44,bronze,tokenised,SYNTHETIC_PUBLIC_SAFE
B-00087,0,4,SITE-008,91.2,bronze,tokenised,SYNTHETIC_PUBLIC_SAFE
B-00088,0,6,SITE-008,80.03,bronze,tokenised,SYNTHETIC_PUBLIC_SAFE
B-00089,0,8,SITE-008,51.75,bronze,tokenised,SYNTHETIC_PUBLIC_SAFE
B-00090,0,10,SITE-008,74.55,bronze,tokenised,SYNTHETIC_PUBLIC_SAFE
B-00091,0,12,SITE-008,48.91,bronze,tokenised,SYNTHETIC_PUBLIC_SAFE
B-00092,0,14,SITE-008,77.37,bronze,tokenised,SYNTHETIC_PUBLIC_SAFE
B-00093,0,16,SITE-008,69.33,bronze,tokenised,SYNTHETIC_PUBLIC_SAFE
B-00094,0,18,SITE-008,91.8,bronze,tokenised,SYNTHETIC_PUBLIC_SAFE
B-00095,0,20,SITE-008,59.36,bronze,tokenised,SYNTHETIC_PUBLIC_SAFE
B-00096,0,22,SITE-008,75.58,bronze,tokenised,SYNTHETIC_PUBLIC_SAFE
B-00097,0,0,SITE-009,88.49,bronze,tokenised,SYNTHETIC_PUBLIC_SAFE
B-00098,0,2,SITE-009,82.66,bronze,tokenised,SYNTHETIC_PUBLIC_SAFE
B-00099,0,4,SITE-009,44.55,bronze,tokenised,SYNTHETIC_PUBLIC_SAFE
B-00100,0,6,SITE-009,84.82,bronze,tokenised,SYNTHETIC_PUBLIC_SAFE
B-00101,0,8,SITE-009,63.26,bronze,tokenised,SYNTHETIC_PUBLIC_SAFE
B-00102,0,10,SITE-009,51.6,bronze,tokenised,SYNTHETIC_PUBLIC_SAFE
B-00103,0,12,SITE-009,89.23,bronze,tokenised,SYNTHETIC_PUBLIC_SAFE
B-00104,0,14,SITE-009,63.33,bronze,tokenised,SYNTHETIC_PUBLIC_SAFE
B-00105,0,16,SITE-009,75.79,bronze,tokenised,SYNTHETIC_PUBLIC_SAFE
B-00106,0,18,SITE-009,66.93,bronze,tokenised,SYNTHETIC_PUBLIC_SAFE
B-00107,0,20,SITE-009,41.96,bronze,tokenised,SYNTHETIC_PUBLIC_SAFE
B-00108,0,22,SITE-009,80.51,bronze,tokenised,SYNTHETIC_PUBLIC_SAFE
B-00109,0,0,SITE-010,69.65,bronze,tokenised,SYNTHETIC_PUBLIC_SAFE
B-00110,0,2,SITE-010,71.7,bronze,tokenised,SYNTHETIC_PUBLIC_SAFE
B-00111,0,4,SITE-010,80.38,bronze,tokenised,SYNTHETIC_PUBLIC_SAFE
B-00112,0,6,SITE-010,60.37,bronze,tokenised,SYNTHETIC_PUBLIC_SAFE
B-00113,0,8,SITE-010,61.42,bronze,tokenised,SYNTHETIC_PUBLIC_SAFE
B-00114,0,10,SITE-010,87.59,bronze,tokenised,SYNTHETIC_PUBLIC_SAFE
B-00115,0,12,SITE-010,83.0,bronze,tokenised,SYNTHETIC_PUBLIC_SAFE
B-00116,0,14,SITE-010,86.62,bronze,tokenised,SYNTHETIC_PUBLIC_SAFE
B-00117,0,16,SITE-010,74.85,bronze,tokenised,SYNTHETIC_PUBLIC_SAFE
B-00118,0,18,SITE-010,77.53,bronze,tokenised,SYNTHETIC_PUBLIC_SAFE
B-00119,0,20,SITE-010,67.37,bronze,tokenised,SYNTHETIC_PUBLIC_SAFE
B-00120,0,22,SITE-010,58.43,bronze,tokenised,SYNTHETIC_PUBLIC_SAFE
B-00121,0,0,SITE-011,47.76,bronze,tokenised,SYNTHETIC_PUBLIC_SAFE
B-00122,0,2,SITE-011,46.78,bronze,tokenised,SYNTHETIC_PUBLIC_SAFE
B-00123,0,4,SITE-011,79.86,bronze,tokenised,SYNTHETIC_PUBLIC_SAFE
B-00124,0,6,SITE-011,92.92,bronze,tokenised,SYNTHETIC_PUBLIC_SAFE
B-00125,0,8,SITE-011,60.12,bronze,tokenised,SYNTHETIC_PUBLIC_SAFE
B-00126,0,10,SITE-011,65.13,bronze,tokenised,SYNTHETIC_PUBLIC_SAFE
B-00127,0,12,SITE-011,41.09,bronze,tokenised,SYNTHETIC_PUBLIC_SAFE
B-00128,0,14,SITE-011,72.27,bronze,tokenised,SYNTHETIC_PUBLIC_SAFE
B-00129,0,16,SITE-011,49.08,bronze,tokenised,SYNTHETIC_PUBLIC_SAFE
B-00130,0,18,SITE-011,51.85,bronze,tokenised,SYNTHETIC_PUBLIC_SAFE
B-00131,0,20,SITE-011,74.33,bronze,tokenised,SYNTHETIC_PUBLIC_SAFE
B-00132,0,22,SITE-011,69.4,bronze,tokenised,SYNTHETIC_PUBLIC_SAFE
B-00133,0,0,SITE-012,51.17,bronze,tokenised,SYNTHETIC_PUBLIC_SAFE
B-00134,0,2,SITE-012,53.34,bronze,tokenised,SYNTHETIC_PUBLIC_SAFE
B-00135,0,4,SITE-012,71.72,bronze,tokenised,SYNTHETIC_PUBLIC_SAFE
B-00136,0,6,SITE-012,40.5,bronze,tokenised,SYNTHETIC_PUBLIC_SAFE
B-00137,0,8,SITE-012,59.66,bronze,tokenised,SYNTHETIC_PUBLIC_SAFE
B-00138,0,10,SITE-012,89.03,bronze,tokenised,SYNTHETIC_PUBLIC_SAFE
B-00139,0,12,SITE-012,90.94,bronze,tokenised,SYNTHETIC_PUBLIC_SAFE
B-00140,0,14,SITE-012,79.58,bronze,tokenised,SYNTHETIC_PUBLIC_SAFE
B-00141,0,16,SITE-012,76.52,bronze,tokenised,SYNTHETIC_PUBLIC_SAFE
B-00142,0,18,SITE-012,42.94,bronze,tokenised,SYNTHETIC_PUBLIC_SAFE
B-00143,0,20,SITE-012,83.61,bronze,tokenised,SYNTHETIC_PUBLIC_SAFE
B-00144,0,22,SITE-012,46.17,bronze,tokenised,SYNTHETIC_PUBLIC_SAFE
B-00145,1,0,SITE-001,60.58,bronze,tokenised,SYNTHETIC_PUBLIC_SAFE
B-00146,1,2,SITE-001,74.52,bronze,tokenised,SYNTHETIC_PUBLIC_SAFE
B-00147,1,4,SITE-001,50.91,bronze,tokenised,SYNTHETIC_PUBLIC_SAFE
B-00148,1,6,SITE-001,50.26,bronze,tokenised,SYNTHETIC_PUBLIC_SAFE
B-00149,1,8,SITE-001,41.75,bronze,tokenised,SYNTHETIC_PUBLIC_SAFE
B-00150,1,10,SITE-001,76.69,bronze,tokenised,SYNTHETIC_PUBLIC_SAFE
B-00151,1,12,SITE-001,80.5,bronze,tokenised,SYNTHETIC_PUBLIC_SAFE
B-00152,1,14,SITE-001,72.68,bronze,tokenised,SYNTHETIC_PUBLIC_SAFE
B-00153,1,16,SITE-001,58.07,bronze,tokenised,SYNTHETIC_PUBLIC_SAFE
B-00154,1,18,SITE-001,77.36,bronze,tokenised,SYNTHETIC_PUBLIC_SAFE
B-00155,1,20,SITE-001,88.35,bronze,tokenised,SYNTHETIC_PUBLIC_SAFE
B-00156,1,22,SITE-001,60.89,bronze,tokenised,SYNTHETIC_PUBLIC_SAFE
B-00157,1,0,SITE-002,74.43,bronze,tokenised,SYNTHETIC_PUBLIC_SAFE
B-00158,1,2,SITE-002,73.69,bronze,tokenised,SYNTHETIC_PUBLIC_SAFE
B-00159,1,4,SITE-002,89.15,bronze,tokenised,SYNTHETIC_PUBLIC_SAFE
B-00160,1,6,SITE-002,78.59,bronze,tokenised,SYNTHETIC_PUBLIC_SAFE
B-00161,1,8,SITE-002,63.68,bronze,tokenised,SYNTHETIC_PUBLIC_SAFE
B-00162,1,10,SITE-002,61.25,bronze,tokenised,SYNTHETIC_PUBLIC_SAFE
B-00163,1,12,SITE-002,64.99,bronze,tokenised,SYNTHETIC_PUBLIC_SAFE
B-00164,1,14,SITE-002,46.12,bronze,tokenised,SYNTHETIC_PUBLIC_SAFE
B-00165,1,16,SITE-002,79.16,bronze,tokenised,SYNTHETIC_PUBLIC_SAFE
B-00166,1,18,SITE-002,46.37,bronze,tokenised,SYNTHETIC_PUBLIC_SAFE
B-00167,1,20,SITE-002,93.87,bronze,tokenised,SYNTHETIC_PUBLIC_SAFE
B-00168,1,22,SITE-002,78.6,bronze,tokenised,SYNTHETIC_PUBLIC_SAFE
B-00169,1,0,SITE-003,91.49,bronze,tokenised,SYNTHETIC_PUBLIC_SAFE
B-00170,1,2,SITE-003,55.33,bronze,tokenised,SYNTHETIC_PUBLIC_SAFE
B-00171,1,4,SITE-003,49.18,bronze,tokenised,SYNTHETIC_PUBLIC_SAFE
B-00172,1,6,SITE-003,84.17,bronze,tokenised,SYNTHETIC_PUBLIC_SAFE
B-00173,1,8,SITE-003,86.72,bronze,tokenised,SYNTHETIC_PUBLIC_SAFE
B-00174,1,10,SITE-003,81.85,bronze,tokenised,SYNTHETIC_PUBLIC_SAFE
B-00175,1,12,SITE-003,53.9,bronze,tokenised,SYNTHETIC_PUBLIC_SAFE
B-00176,1,14,SITE-003,87.02,bronze,tokenised,SYNTHETIC_PUBLIC_SAFE
B-00177,1,16,SITE-003,57.67,bronze,tokenised,SYNTHETIC_PUBLIC_SAFE
B-00178,1,18,SITE-003,94.78,bronze,tokenised,SYNTHETIC_PUBLIC_SAFE
B-00179,1,20,SITE-003,65.35,bronze,tokenised,SYNTHETIC_PUBLIC_SAFE
B-00180,1,22,SITE-003,73.87,bronze,tokenised,SYNTHETIC_PUBLIC_SAFE
B-00181,1,0,SITE-004,44.66,bronze,tokenised,SYNTHETIC_PUBLIC_SAFE
B-00182,1,2,SITE-004,49.18,bronze,tokenised,SYNTHETIC_PUBLIC_SAFE
B-00183,1,4,SITE-004,87.74,bronze,tokenised,SYNTHETIC_PUBLIC_SAFE
B-00184,1,6,SITE-004,74.95,bronze,tokenised,SYNTHETIC_PUBLIC_SAFE
B-00185,1,8,SITE-004,93.09,bronze,tokenised,SYNTHETIC_PUBLIC_SAFE
B-00186,1,10,SITE-004,73.34,bronze,tokenised,SYNTHETIC_PUBLIC_SAFE
B-00187,1,12,SITE-004,50.26,bronze,tokenised,SYNTHETIC_PUBLIC_SAFE
B-00188,1,14,SITE-004,43.78,bronze,tokenised,SYNTHETIC_PUBLIC_SAFE
B-00189,1,16,SITE-004,57.24,bronze,tokenised,SYNTHETIC_PUBLIC_SAFE
B-00190,1,18,SITE-004,46.38,bronze,tokenised,SYNTHETIC_PUBLIC_SAFE
B-00191,1,20,SITE-004,51.12,bronze,tokenised,SYNTHETIC_PUBLIC_SAFE
B-00192,1,22,SITE-004,86.03,bronze,tokenised,SYNTHETIC_PUBLIC_SAFE
B-00193,1,0,SITE-005,77.72,bronze,tokenised,SYNTHETIC_PUBLIC_SAFE
B-00194,1,2,SITE-005,69.39,bronze,tokenised,SYNTHETIC_PUBLIC_SAFE
B-00195,1,4,SITE-005,54.53,bronze,tokenised,SYNTHETIC_PUBLIC_SAFE
B-00196,1,6,SITE-005,89.79,bronze,tokenised,SYNTHETIC_PUBLIC_SAFE
B-00197,1,8,SITE-005,81.27,bronze,tokenised,SYNTHETIC_PUBLIC_SAFE
B-00198,1,10,SITE-005,54.14,bronze,tokenised,SYNTHETIC_PUBLIC_SAFE
B-00199,1,12,SITE-005,46.37,bronze,tokenised,SYNTHETIC_PUBLIC_SAFE
B-00200,1,14,SITE-005,69.58,bronze,tokenised,SYNTHETIC_PUBLIC_SAFE
B-00201,1,16,SITE-005,93.36,bronze,tokenised,SYNTHETIC_PUBLIC_SAFE
B-00202,1,18,SITE-005,63.08,bronze,tokenised,SYNTHETIC_PUBLIC_SAFE
B-00203,1,20,SITE-005,78.08,bronze,tokenised,SYNTHETIC_PUBLIC_SAFE
B-00204,1,22,SITE-005,60.73,bronze,tokenised,SYNTHETIC_PUBLIC_SAFE
B-00205,1,0,SITE-006,91.23,bronze,tokenised,SYNTHETIC_PUBLIC_SAFE
B-00206,1,2,SITE-006,72.26,bronze,tokenised,SYNTHETIC_PUBLIC_SAFE
B-00207,1,4,SITE-006,60.58,bronze,tokenised,SYNTHETIC_PUBLIC_SAFE
B-00208,1,6,SITE-006,77.35,bronze,tokenised,SYNTHETIC_PUBLIC_SAFE
B-00209,1,8,SITE-006,58.41,bronze,tokenised,SYNTHETIC_PUBLIC_SAFE
B-00210,1,10,SITE-006,49.5,bronze,tokenised,SYNTHETIC_PUBLIC_SAFE
B-00211,1,12,SITE-006,44.64,bronze,tokenised,SYNTHETIC_PUBLIC_SAFE
B-00212,1,14,SITE-006,87.27,bronze,tokenised,SYNTHETIC_PUBLIC_SAFE
B-00213,1,16,SITE-006,85.14,bronze,tokenised,SYNTHETIC_PUBLIC_SAFE
B-00214,1,18,SITE-006,50.24,bronze,tokenised,SYNTHETIC_PUBLIC_SAFE
B-00215,1,20,SITE-006,62.21,bronze,tokenised,SYNTHETIC_PUBLIC_SAFE
B-00216,1,22,SITE-006,51.25,bronze,tokenised,SYNTHETIC_PUBLIC_SAFE
B-00217,1,0,SITE-007,58.52,bronze,tokenised,SYNTHETIC_PUBLIC_SAFE
B-00218,1,2,SITE-007,70.2,bronze,tokenised,SYNTHETIC_PUBLIC_SAFE
B-00219,1,4,SITE-007,80.0,bronze,tokenised,SYNTHETIC_PUBLIC_SAFE
B-00220,1,6,SITE-007,68.83,bronze,tokenised,SYNTHETIC_PUBLIC_SAFE
B-00221,1,8,SITE-007,57.55,bronze,tokenised,SYNTHETIC_PUBLIC_SAFE
B-00222,1,10,SITE-007,84.88,bronze,tokenised,SYNTHETIC_PUBLIC_SAFE
B-00223,1,12,SITE-007,62.63,bronze,tokenised,SYNTHETIC_PUBLIC_SAFE
B-00224,1,14,SITE-007,78.94,bronze,tokenised,SYNTHETIC_PUBLIC_SAFE
B-00225,1,16,SITE-007,83.73,bronze,tokenised,SYNTHETIC_PUBLIC_SAFE
B-00226,1,18,SITE-007,82.77,bronze,tokenised,SYNTHETIC_PUBLIC_SAFE
B-00227,1,20,SITE-007,89.75,bronze,tokenised,SYNTHETIC_PUBLIC_SAFE
B-00228,1,22,SITE-007,81.6,bronze,tokenised,SYNTHETIC_PUBLIC_SAFE
B-00229,1,0,SITE-008,44.96,bronze,tokenised,SYNTHETIC_PUBLIC_SAFE
B-00230,1,2,SITE-008,92.08,bronze,tokenised,SYNTHETIC_PUBLIC_SAFE
B-00231,1,4,SITE-008,58.12,bronze,tokenised,SYNTHETIC_PUBLIC_SAFE
B-00232,1,6,SITE-008,47.68,bronze,tokenised,SYNTHETIC_PUBLIC_SAFE
B-00233,1,8,SITE-008,74.58,bronze,tokenised,SYNTHETIC_PUBLIC_SAFE
B-00234,1,10,SITE-008,67.0,bronze,tokenised,SYNTHETIC_PUBLIC_SAFE
B-00235,1,12,SITE-008,84.21,bronze,tokenised,SYNTHETIC_PUBLIC_SAFE
B-00236,1,14,SITE-008,67.13,bronze,tokenised,SYNTHETIC_PUBLIC_SAFE
B-00237,1,16,SITE-008,51.34,bronze,tokenised,SYNTHETIC_PUBLIC_SAFE
B-00238,1,18,SITE-008,72.93,bronze,tokenised,SYNTHETIC_PUBLIC_SAFE
B-00239,1,20,SITE-008,91.0,bronze,tokenised,SYNTHETIC_PUBLIC_SAFE
B-00240,1,22,SITE-008,54.81,bronze,tokenised,SYNTHETIC_PUBLIC_SAFE
B-00241,1,0,SITE-009,85.85,bronze,tokenised,SYNTHETIC_PUBLIC_SAFE
B-00242,1,2,SITE-009,58.98,bronze,tokenised,SYNTHETIC_PUBLIC_SAFE
B-00243,1,4,SITE-009,41.38,bronze,tokenised,SYNTHETIC_PUBLIC_SAFE
B-00244,1,6,SITE-009,70.35,bronze,tokenised,SYNTHETIC_PUBLIC_SAFE
B-00245,1,8,SITE-009,79.05,bronze,tokenised,SYNTHETIC_PUBLIC_SAFE
B-00246,1,10,SITE-009,74.57,bronze,tokenised,SYNTHETIC_PUBLIC_SAFE
B-00247,1,12,SITE-009,79.57,bronze,tokenised,SYNTHETIC_PUBLIC_SAFE
B-00248,1,14,SITE-009,42.01,bronze,tokenised,SYNTHETIC_PUBLIC_SAFE
B-00249,1,16,SITE-009,68.76,bronze,tokenised,SYNTHETIC_PUBLIC_SAFE
B-00250,1,18,SITE-009,78.17,bronze,tokenised,SYNTHETIC_PUBLIC_SAFE
B-00251,1,20,SITE-009,66.09,bronze,tokenised,SYNTHETIC_PUBLIC_SAFE
B-00252,1,22,SITE-009,74.84,bronze,tokenised,SYNTHETIC_PUBLIC_SAFE
B-00253,1,0,SITE-010,51.94,bronze,tokenised,SYNTHETIC_PUBLIC_SAFE
B-00254,1,2,SITE-010,75.21,bronze,tokenised,SYNTHETIC_PUBLIC_SAFE
B-00255,1,4,SITE-010,66.4,bronze,tokenised,SYNTHETIC_PUBLIC_SAFE
B-00256,1,6,SITE-010,54.33,bronze,tokenised,SYNTHETIC_PUBLIC_SAFE
B-00257,1,8,SITE-010,52.3,bronze,tokenised,SYNTHETIC_PUBLIC_SAFE
B-00258,1,10,SITE-010,91.79,bronze,tokenised,SYNTHETIC_PUBLIC_SAFE
B-00259,1,12,SITE-010,47.17,bronze,tokenised,SYNTHETIC_PUBLIC_SAFE
B-00260,1,14,SITE-010,56.43,bronze,tokenised,SYNTHETIC_PUBLIC_SAFE
B-00261,1,16,SITE-010,50.09,bronze,tokenised,SYNTHETIC_PUBLIC_SAFE
B-00262,1,18,SITE-010,88.21,bronze,tokenised,SYNTHETIC_PUBLIC_SAFE
B-00263,1,20,SITE-010,71.77,bronze,tokenised,SYNTHETIC_PUBLIC_SAFE
B-00264,1,22,SITE-010,56.53,bronze,tokenised,SYNTHETIC_PUBLIC_SAFE
B-00265,1,0,SITE-011,83.98,bronze,tokenised,SYNTHETIC_PUBLIC_SAFE
B-00266,1,2,SITE-011,68.88,bronze,tokenised,SYNTHETIC_PUBLIC_SAFE
B-00267,1,4,SITE-011,75.51,bronze,tokenised,SYNTHETIC_PUBLIC_SAFE
B-00268,1,6,SITE-011,42.33,bronze,tokenised,SYNTHETIC_PUBLIC_SAFE
B-00269,1,8,SITE-011,63.45,bronze,tokenised,SYNTHETIC_PUBLIC_SAFE
B-00270,1,10,SITE-011,40.99,bronze,tokenised,SYNTHETIC_PUBLIC_SAFE
B-00271,1,12,SITE-011,43.68,bronze,tokenised,SYNTHETIC_PUBLIC_SAFE
B-00272,1,14,SITE-011,49.66,bronze,tokenised,SYNTHETIC_PUBLIC_SAFE
B-00273,1,16,SITE-011,66.63,bronze,tokenised,SYNTHETIC_PUBLIC_SAFE
B-00274,1,18,SITE-011,84.72,bronze,tokenised,SYNTHETIC_PUBLIC_SAFE
B-00275,1,20,SITE-011,60.72,bronze,tokenised,SYNTHETIC_PUBLIC_SAFE
B-00276,1,22,SITE-011,82.18,bronze,tokenised,SYNTHETIC_PUBLIC_SAFE
B-00277,1,0,SITE-012,66.03,bronze,tokenised,SYNTHETIC_PUBLIC_SAFE
B-00278,1,2,SITE-012,71.41,bronze,tokenised,SYNTHETIC_PUBLIC_SAFE
B-00279,1,4,SITE-012,60.56,bronze,tokenised,SYNTHETIC_PUBLIC_SAFE
B-00280,1,6,SITE-012,41.15,bronze,tokenised,SYNTHETIC_PUBLIC_SAFE
B-00281,1,8,SITE-012,46.31,bronze,tokenised,SYNTHETIC_PUBLIC_SAFE
B-00282,1,10,SITE-012,43.98,bronze,tokenised,SYNTHETIC_PUBLIC_SAFE
B-00283,1,12,SITE-012,43.93,bronze,tokenised,SYNTHETIC_PUBLIC_SAFE
B-00284,1,14,SITE-012,52.25,bronze,tokenised,SYNTHETIC_PUBLIC_SAFE
B-00285,1,16,SITE-012,66.98,bronze,tokenised,SYNTHETIC_PUBLIC_SAFE
B-00286,1,18,SITE-012,89.56,bronze,tokenised,SYNTHETIC_PUBLIC_SAFE
B-00287,1,20,SITE-012,94.57,bronze,tokenised,SYNTHETIC_PUBLIC_SAFE
B-00288,1,22,SITE-012,82.95,bronze,tokenised,SYNTHETIC_PUBLIC_SAFE
B-00289,2,0,SITE-001,94.41,bronze,tokenised,SYNTHETIC_PUBLIC_SAFE
B-00290,2,2,SITE-001,59.65,bronze,tokenised,SYNTHETIC_PUBLIC_SAFE
B-00291,2,4,SITE-001,70.74,bronze,tokenised,SYNTHETIC_PUBLIC_SAFE
B-00292,2,6,SITE-001,63.87,bronze,tokenised,SYNTHETIC_PUBLIC_SAFE
B-00293,2,8,SITE-001,75.04,bronze,tokenised,SYNTHETIC_PUBLIC_SAFE
B-00294,2,10,SITE-001,84.18,bronze,tokenised,SYNTHETIC_PUBLIC_SAFE
B-00295,2,12,SITE-001,44.96,bronze,tokenised,SYNTHETIC_PUBLIC_SAFE
B-00296,2,14,SITE-001,81.88,bronze,tokenised,SYNTHETIC_PUBLIC_SAFE
B-00297,2,16,SITE-001,86.59,bronze,tokenised,SYNTHETIC_PUBLIC_SAFE
B-00298,2,18,SITE-001,87.63,bronze,tokenised,SYNTHETIC_PUBLIC_SAFE
B-00299,2,20,SITE-001,59.12,bronze,tokenised,SYNTHETIC_PUBLIC_SAFE
B-00300,2,22,SITE-001,50.97,bronze,tokenised,SYNTHETIC_PUBLIC_SAFE
B-00301,2,0,SITE-002,73.01,bronze,tokenised,SYNTHETIC_PUBLIC_SAFE
B-00302,2,2,SITE-002,71.01,bronze,tokenised,SYNTHETIC_PUBLIC_SAFE
B-00303,2,4,SITE-002,63.9,bronze,tokenised,SYNTHETIC_PUBLIC_SAFE
B-00304,2,6,SITE-002,86.97,bronze,tokenised,SYNTHETIC_PUBLIC_SAFE
B-00305,2,8,SITE-002,66.37,bronze,tokenised,SYNTHETIC_PUBLIC_SAFE
B-00306,2,10,SITE-002,56.9,bronze,tokenised,SYNTHETIC_PUBLIC_SAFE
B-00307,2,12,SITE-002,62.84,bronze,tokenised,SYNTHETIC_PUBLIC_SAFE
B-00308,2,14,SITE-002,50.71,bronze,tokenised,SYNTHETIC_PUBLIC_SAFE
B-00309,2,16,SITE-002,88.11,bronze,tokenised,SYNTHETIC_PUBLIC_SAFE
B-00310,2,18,SITE-002,92.47,bronze,tokenised,SYNTHETIC_PUBLIC_SAFE
B-00311,2,20,SITE-002,90.67,bronze,tokenised,SYNTHETIC_PUBLIC_SAFE
B-00312,2,22,SITE-002,46.53,bronze,tokenised,SYNTHETIC_PUBLIC_SAFE
B-00313,2,0,SITE-003,51.61,bronze,tokenised,SYNTHETIC_PUBLIC_SAFE
B-00314,2,2,SITE-003,42.29,bronze,tokenised,SYNTHETIC_PUBLIC_SAFE
B-00315,2,4,SITE-003,69.12,bronze,tokenised,SYNTHETIC_PUBLIC_SAFE
B-00316,2,6,SITE-003,51.83,bronze,tokenised,SYNTHETIC_PUBLIC_SAFE
B-00317,2,8,SITE-003,59.59,bronze,tokenised,SYNTHETIC_PUBLIC_SAFE
B-00318,2,10,SITE-003,90.46,bronze,tokenised,SYNTHETIC_PUBLIC_SAFE
B-00319,2,12,SITE-003,85.61,bronze,tokenised,SYNTHETIC_PUBLIC_SAFE
B-00320,2,14,SITE-003,93.55,bronze,tokenised,SYNTHETIC_PUBLIC_SAFE
B-00321,2,16,SITE-003,89.7,bronze,tokenised,SYNTHETIC_PUBLIC_SAFE
B-00322,2,18,SITE-003,60.45,bronze,tokenised,SYNTHETIC_PUBLIC_SAFE
B-00323,2,20,SITE-003,74.92,bronze,tokenised,SYNTHETIC_PUBLIC_SAFE
B-00324,2,22,SITE-003,62.59,bronze,tokenised,SYNTHETIC_PUBLIC_SAFE
B-00325,2,0,SITE-004,59.75,bronze,tokenised,SYNTHETIC_PUBLIC_SAFE
B-00326,2,2,SITE-004,72.49,bronze,tokenised,SYNTHETIC_PUBLIC_SAFE
B-00327,2,4,SITE-004,71.91,bronze,tokenised,SYNTHETIC_PUBLIC_SAFE
B-00328,2,6,SITE-004,47.1,bronze,tokenised,SYNTHETIC_PUBLIC_SAFE
B-00329,2,8,SITE-004,54.83,bronze,tokenised,SYNTHETIC_PUBLIC_SAFE
B-00330,2,10,SITE-004,47.96,bronze,tokenised,SYNTHETIC_PUBLIC_SAFE
B-00331,2,12,SITE-004,76.69,bronze,tokenised,SYNTHETIC_PUBLIC_SAFE
B-00332,2,14,SITE-004,81.75,bronze,tokenised,SYNTHETIC_PUBLIC_SAFE
B-00333,2,16,SITE-004,45.56,bronze,tokenised,SYNTHETIC_PUBLIC_SAFE
B-00334,2,18,SITE-004,41.94,bronze,tokenised,SYNTHETIC_PUBLIC_SAFE
B-00335,2,20,SITE-004,52.17,bronze,tokenised,SYNTHETIC_PUBLIC_SAFE
B-00336,2,22,SITE-004,102.04,bronze,tokenised,SYNTHETIC_PUBLIC_SAFE
B-00337,2,0,SITE-005,72.32,bronze,tokenised,SYNTHETIC_PUBLIC_SAFE
B-00338,2,2,SITE-005,62.26,bronze,tokenised,SYNTHETIC_PUBLIC_SAFE
B-00339,2,4,SITE-005,88.07,bronze,tokenised,SYNTHETIC_PUBLIC_SAFE
B-00340,2,6,SITE-005,72.5,bronze,tokenised,SYNTHETIC_PUBLIC_SAFE
B-00341,2,8,SITE-005,52.17,bronze,tokenised,SYNTHETIC_PUBLIC_SAFE
B-00342,2,10,SITE-005,80.76,bronze,tokenised,SYNTHETIC_PUBLIC_SAFE
B-00343,2,12,SITE-005,68.18,bronze,tokenised,SYNTHETIC_PUBLIC_SAFE
B-00344,2,14,SITE-005,70.02,bronze,tokenised,SYNTHETIC_PUBLIC_SAFE
B-00345,2,16,SITE-005,69.85,bronze,tokenised,SYNTHETIC_PUBLIC_SAFE
B-00346,2,18,SITE-005,93.17,bronze,tokenised,SYNTHETIC_PUBLIC_SAFE
B-00347,2,20,SITE-005,100.96,bronze,tokenised,SYNTHETIC_PUBLIC_SAFE
B-00348,2,22,SITE-005,46.36,bronze,tokenised,SYNTHETIC_PUBLIC_SAFE
B-00349,2,0,SITE-006,68.67,bronze,tokenised,SYNTHETIC_PUBLIC_SAFE
B-00350,2,2,SITE-006,52.62,bronze,tokenised,SYNTHETIC_PUBLIC_SAFE
B-00351,2,4,SITE-006,55.51,bronze,tokenised,SYNTHETIC_PUBLIC_SAFE
B-00352,2,6,SITE-006,51.88,bronze,tokenised,SYNTHETIC_PUBLIC_SAFE
B-00353,2,8,SITE-006,72.43,bronze,tokenised,SYNTHETIC_PUBLIC_SAFE
B-00354,2,10,SITE-006,58.63,bronze,tokenised,SYNTHETIC_PUBLIC_SAFE
B-00355,2,12,SITE-006,70.41,bronze,tokenised,SYNTHETIC_PUBLIC_SAFE
B-00356,2,14,SITE-006,51.17,bronze,tokenised,SYNTHETIC_PUBLIC_SAFE
B-00357,2,16,SITE-006,48.66,bronze,tokenised,SYNTHETIC_PUBLIC_SAFE
B-00358,2,18,SITE-006,90.48,bronze,tokenised,SYNTHETIC_PUBLIC_SAFE
B-00359,2,20,SITE-006,55.98,bronze,tokenised,SYNTHETIC_PUBLIC_SAFE
B-00360,2,22,SITE-006,41.12,bronze,tokenised,SYNTHETIC_PUBLIC_SAFE
B-00361,2,0,SITE-007,89.15,bronze,tokenised,SYNTHETIC_PUBLIC_SAFE
B-00362,2,2,SITE-007,73.33,bronze,tokenised,SYNTHETIC_PUBLIC_SAFE
B-00363,2,4,SITE-007,65.31,bronze,tokenised,SYNTHETIC_PUBLIC_SAFE
B-00364,2,6,SITE-007,87.9,bronze,tokenised,SYNTHETIC_PUBLIC_SAFE
B-00365,2,8,SITE-007,58.86,bronze,tokenised,SYNTHETIC_PUBLIC_SAFE
B-00366,2,10,SITE-007,58.08,bronze,tokenised,SYNTHETIC_PUBLIC_SAFE
B-00367,2,12,SITE-007,43.88,bronze,tokenised,SYNTHETIC_PUBLIC_SAFE
B-00368,2,14,SITE-007,59.61,bronze,tokenised,SYNTHETIC_PUBLIC_SAFE
B-00369,2,16,SITE-007,49.08,bronze,tokenised,SYNTHETIC_PUBLIC_SAFE
B-00370,2,18,SITE-007,43.27,bronze,tokenised,SYNTHETIC_PUBLIC_SAFE
B-00371,2,20,SITE-007,64.86,bronze,tokenised,SYNTHETIC_PUBLIC_SAFE
B-00372,2,22,SITE-007,44.06,bronze,tokenised,SYNTHETIC_PUBLIC_SAFE
B-00373,2,0,SITE-008,66.13,bronze,tokenised,SYNTHETIC_PUBLIC_SAFE
B-00374,2,2,SITE-008,83.65,bronze,tokenised,SYNTHETIC_PUBLIC_SAFE
B-00375,2,4,SITE-008,94.71,bronze,tokenised,SYNTHETIC_PUBLIC_SAFE
B-00376,2,6,SITE-008,43.21,bronze,tokenised,SYNTHETIC_PUBLIC_SAFE
B-00377,2,8,SITE-008,56.07,bronze,tokenised,SYNTHETIC_PUBLIC_SAFE
B-00378,2,10,SITE-008,82.1,bronze,tokenised,SYNTHETIC_PUBLIC_SAFE
B-00379,2,12,SITE-008,65.75,bronze,tokenised,SYNTHETIC_PUBLIC_SAFE
B-00380,2,14,SITE-008,90.19,bronze,tokenised,SYNTHETIC_PUBLIC_SAFE
B-00381,2,16,SITE-008,77.12,bronze,tokenised,SYNTHETIC_PUBLIC_SAFE
B-00382,2,18,SITE-008,93.94,bronze,tokenised,SYNTHETIC_PUBLIC_SAFE
B-00383,2,20,SITE-008,44.91,bronze,tokenised,SYNTHETIC_PUBLIC_SAFE
B-00384,2,22,SITE-008,70.54,bronze,tokenised,SYNTHETIC_PUBLIC_SAFE
B-00385,2,0,SITE-009,92.84,bronze,tokenised,SYNTHETIC_PUBLIC_SAFE
B-00386,2,2,SITE-009,92.54,bronze,tokenised,SYNTHETIC_PUBLIC_SAFE
B-00387,2,4,SITE-009,79.17,bronze,tokenised,SYNTHETIC_PUBLIC_SAFE
B-00388,2,6,SITE-009,71.8,bronze,tokenised,SYNTHETIC_PUBLIC_SAFE
B-00389,2,8,SITE-009,89.34,bronze,tokenised,SYNTHETIC_PUBLIC_SAFE
B-00390,2,10,SITE-009,77.22,bronze,tokenised,SYNTHETIC_PUBLIC_SAFE
B-00391,2,12,SITE-009,68.32,bronze,tokenised,SYNTHETIC_PUBLIC_SAFE
B-00392,2,14,SITE-009,41.7,bronze,tokenised,SYNTHETIC_PUBLIC_SAFE
B-00393,2,16,SITE-009,79.47,bronze,tokenised,SYNTHETIC_PUBLIC_SAFE
B-00394,2,18,SITE-009,83.35,bronze,tokenised,SYNTHETIC_PUBLIC_SAFE
B-00395,2,20,SITE-009,83.69,bronze,tokenised,SYNTHETIC_PUBLIC_SAFE
B-00396,2,22,SITE-009,62.33,bronze,tokenised,SYNTHETIC_PUBLIC_SAFE
B-00397,2,0,SITE-010,59.68,bronze,tokenised,SYNTHETIC_PUBLIC_SAFE
B-00398,2,2,SITE-010,86.46,bronze,tokenised,SYNTHETIC_PUBLIC_SAFE
B-00399,2,4,SITE-010,69.61,bronze,tokenised,SYNTHETIC_PUBLIC_SAFE
B-00400,2,6,SITE-010,43.61,bronze,tokenised,SYNTHETIC_PUBLIC_SAFE
B-00401,2,8,SITE-010,76.86,bronze,tokenised,SYNTHETIC_PUBLIC_SAFE
B-00402,2,10,SITE-010,78.62,bronze,tokenised,SYNTHETIC_PUBLIC_SAFE
B-00403,2,12,SITE-010,41.48,bronze,tokenised,SYNTHETIC_PUBLIC_SAFE
B-00404,2,14,SITE-010,75.08,bronze,tokenised,SYNTHETIC_PUBLIC_SAFE
B-00405,2,16,SITE-010,61.81,bronze,tokenised,SYNTHETIC_PUBLIC_SAFE
B-00406,2,18,SITE-010,45.59,bronze,tokenised,SYNTHETIC_PUBLIC_SAFE
B-00407,2,20,SITE-010,72.47,bronze,tokenised,SYNTHETIC_PUBLIC_SAFE
B-00408,2,22,SITE-010,88.95,bronze,tokenised,SYNTHETIC_PUBLIC_SAFE
B-00409,2,0,SITE-011,71.69,bronze,tokenised,SYNTHETIC_PUBLIC_SAFE
B-00410,2,2,SITE-011,64.37,bronze,tokenised,SYNTHETIC_PUBLIC_SAFE
B-00411,2,4,SITE-011,87.4,bronze,tokenised,SYNTHETIC_PUBLIC_SAFE
B-00412,2,6,SITE-011,79.12,bronze,tokenised,SYNTHETIC_PUBLIC_SAFE
B-00413,2,8,SITE-011,71.73,bronze,tokenised,SYNTHETIC_PUBLIC_SAFE
B-00414,2,10,SITE-011,50.85,bronze,tokenised,SYNTHETIC_PUBLIC_SAFE
B-00415,2,12,SITE-011,92.15,bronze,tokenised,SYNTHETIC_PUBLIC_SAFE
B-00416,2,14,SITE-011,85.66,bronze,tokenised,SYNTHETIC_PUBLIC_SAFE
B-00417,2,16,SITE-011,84.18,bronze,tokenised,SYNTHETIC_PUBLIC_SAFE
B-00418,2,18,SITE-011,42.71,bronze,tokenised,SYNTHETIC_PUBLIC_SAFE
B-00419,2,20,SITE-011,82.73,bronze,tokenised,SYNTHETIC_PUBLIC_SAFE
B-00420,2,22,SITE-011,48.81,bronze,tokenised,SYNTHETIC_PUBLIC_SAFE
B-00421,2,0,SITE-012,68.54,bronze,tokenised,SYNTHETIC_PUBLIC_SAFE
B-00422,2,2,SITE-012,65.15,bronze,tokenised,SYNTHETIC_PUBLIC_SAFE
B-00423,2,4,SITE-012,79.39,bronze,tokenised,SYNTHETIC_PUBLIC_SAFE
B-00424,2,6,SITE-012,42.54,bronze,tokenised,SYNTHETIC_PUBLIC_SAFE
B-00425,2,8,SITE-012,72.94,bronze,tokenised,SYNTHETIC_PUBLIC_SAFE
B-00426,2,10,SITE-012,80.61,bronze,tokenised,SYNTHETIC_PUBLIC_SAFE
B-00427,2,12,SITE-012,78.23,bronze,tokenised,SYNTHETIC_PUBLIC_SAFE
B-00428,2,14,SITE-012,87.41,bronze,tokenised,SYNTHETIC_PUBLIC_SAFE
B-00429,2,16,SITE-012,85.99,bronze,tokenised,SYNTHETIC_PUBLIC_SAFE
B-00430,2,18,SITE-012,85.37,bronze,tokenised,SYNTHETIC_PUBLIC_SAFE
B-00431,2,20,SITE-012,94.73,bronze,tokenised,SYNTHETIC_PUBLIC_SAFE
B-00432,2,22,SITE-012,60.73,bronze,tokenised,SYNTHETIC_PUBLIC_SAFE
B-00433,3,0,SITE-001,66.29,bronze,tokenised,SYNTHETIC_PUBLIC_SAFE
B-00434,3,2,SITE-001,51.16,bronze,tokenised,SYNTHETIC_PUBLIC_SAFE
B-00435,3,4,SITE-001,55.73,bronze,tokenised,SYNTHETIC_PUBLIC_SAFE
B-00436,3,6,SITE-001,81.42,bronze,tokenised,SYNTHETIC_PUBLIC_SAFE
B-00437,3,8,SITE-001,52.08,bronze,tokenised,SYNTHETIC_PUBLIC_SAFE
B-00438,3,10,SITE-001,60.57,bronze,tokenised,SYNTHETIC_PUBLIC_SAFE
B-00439,3,12,SITE-001,46.91,bronze,tokenised,SYNTHETIC_PUBLIC_SAFE
B-00440,3,14,SITE-001,69.84,bronze,tokenised,SYNTHETIC_PUBLIC_SAFE
B-00441,3,16,SITE-001,90.59,bronze,tokenised,SYNTHETIC_PUBLIC_SAFE
B-00442,3,18,SITE-001,53.73,bronze,tokenised,SYNTHETIC_PUBLIC_SAFE
B-00443,3,20,SITE-001,41.23,bronze,tokenised,SYNTHETIC_PUBLIC_SAFE
B-00444,3,22,SITE-001,41.24,bronze,tokenised,SYNTHETIC_PUBLIC_SAFE
B-00445,3,0,SITE-002,72.84,bronze,tokenised,SYNTHETIC_PUBLIC_SAFE
B-00446,3,2,SITE-002,52.69,bronze,tokenised,SYNTHETIC_PUBLIC_SAFE
B-00447,3,4,SITE-002,94.23,bronze,tokenised,SYNTHETIC_PUBLIC_SAFE
B-00448,3,6,SITE-002,80.82,bronze,tokenised,SYNTHETIC_PUBLIC_SAFE
B-00449,3,8,SITE-002,67.94,bronze,tokenised,SYNTHETIC_PUBLIC_SAFE
B-00450,3,10,SITE-002,40.4,bronze,tokenised,SYNTHETIC_PUBLIC_SAFE
B-00451,3,12,SITE-002,44.75,bronze,tokenised,SYNTHETIC_PUBLIC_SAFE
B-00452,3,14,SITE-002,65.39,bronze,tokenised,SYNTHETIC_PUBLIC_SAFE
B-00453,3,16,SITE-002,55.07,bronze,tokenised,SYNTHETIC_PUBLIC_SAFE
B-00454,3,18,SITE-002,69.89,bronze,tokenised,SYNTHETIC_PUBLIC_SAFE
B-00455,3,20,SITE-002,69.49,bronze,tokenised,SYNTHETIC_PUBLIC_SAFE
B-00456,3,22,SITE-002,81.15,bronze,tokenised,SYNTHETIC_PUBLIC_SAFE
B-00457,3,0,SITE-003,66.28,bronze,tokenised,SYNTHETIC_PUBLIC_SAFE
B-00458,3,2,SITE-003,60.12,bronze,tokenised,SYNTHETIC_PUBLIC_SAFE
B-00459,3,4,SITE-003,86.06,bronze,tokenised,SYNTHETIC_PUBLIC_SAFE
B-00460,3,6,SITE-003,55.51,bronze,tokenised,SYNTHETIC_PUBLIC_SAFE
B-00461,3,8,SITE-003,64.75,bronze,tokenised,SYNTHETIC_PUBLIC_SAFE
B-00462,3,10,SITE-003,92.52,bronze,tokenised,SYNTHETIC_PUBLIC_SAFE
B-00463,3,12,SITE-003,61.29,bronze,tokenised,SYNTHETIC_PUBLIC_SAFE
B-00464,3,14,SITE-003,83.67,bronze,tokenised,SYNTHETIC_PUBLIC_SAFE
B-00465,3,16,SITE-003,82.39,bronze,tokenised,SYNTHETIC_PUBLIC_SAFE
B-00466,3,18,SITE-003,89.92,bronze,tokenised,SYNTHETIC_PUBLIC_SAFE
B-00467,3,20,SITE-003,75.58,bronze,tokenised,SYNTHETIC_PUBLIC_SAFE
B-00468,3,22,SITE-003,82.85,bronze,tokenised,SYNTHETIC_PUBLIC_SAFE
B-00469,3,0,SITE-004,53.58,bronze,tokenised,SYNTHETIC_PUBLIC_SAFE
B-00470,3,2,SITE-004,54.54,bronze,tokenised,SYNTHETIC_PUBLIC_SAFE
B-00471,3,4,SITE-004,64.73,bronze,tokenised,SYNTHETIC_PUBLIC_SAFE
B-00472,3,6,SITE-004,66.18,bronze,tokenised,SYNTHETIC_PUBLIC_SAFE
B-00473,3,8,SITE-004,42.33,bronze,tokenised,SYNTHETIC_PUBLIC_SAFE
B-00474,3,10,SITE-004,71.75,bronze,tokenised,SYNTHETIC_PUBLIC_SAFE
B-00475,3,12,SITE-004,77.37,bronze,tokenised,SYNTHETIC_PUBLIC_SAFE
B-00476,3,14,SITE-004,91.16,bronze,tokenised,SYNTHETIC_PUBLIC_SAFE
B-00477,3,16,SITE-004,46.95,bronze,tokenised,SYNTHETIC_PUBLIC_SAFE
B-00478,3,18,SITE-004,66.62,bronze,tokenised,SYNTHETIC_PUBLIC_SAFE
B-00479,3,20,SITE-004,54.0,bronze,tokenised,SYNTHETIC_PUBLIC_SAFE
B-00480,3,22,SITE-004,42.54,bronze,tokenised,SYNTHETIC_PUBLIC_SAFE
B-00481,3,0,SITE-005,62.98,bronze,tokenised,SYNTHETIC_PUBLIC_SAFE
B-00482,3,2,SITE-005,81.37,bronze,tokenised,SYNTHETIC_PUBLIC_SAFE
B-00483,3,4,SITE-005,72.62,bronze,tokenised,SYNTHETIC_PUBLIC_SAFE
B-00484,3,6,SITE-005,68.53,bronze,tokenised,SYNTHETIC_PUBLIC_SAFE
B-00485,3,8,SITE-005,90.1,bronze,tokenised,SYNTHETIC_PUBLIC_SAFE
B-00486,3,10,SITE-005,50.33,bronze,tokenised,SYNTHETIC_PUBLIC_SAFE
B-00487,3,12,SITE-005,90.03,bronze,tokenised,SYNTHETIC_PUBLIC_SAFE
B-00488,3,14,SITE-005,48.32,bronze,tokenised,SYNTHETIC_PUBLIC_SAFE
B-00489,3,16,SITE-005,46.86,bronze,tokenised,SYNTHETIC_PUBLIC_SAFE
B-00490,3,18,SITE-005,51.44,bronze,tokenised,SYNTHETIC_PUBLIC_SAFE
B-00491,3,20,SITE-005,77.65,bronze,tokenised,SYNTHETIC_PUBLIC_SAFE
B-00492,3,22,SITE-005,77.85,bronze,tokenised,SYNTHETIC_PUBLIC_SAFE
B-00493,3,0,SITE-006,42.69,bronze,tokenised,SYNTHETIC_PUBLIC_SAFE
B-00494,3,2,SITE-006,45.59,bronze,tokenised,SYNTHETIC_PUBLIC_SAFE
B-00495,3,4,SITE-006,46.27,bronze,tokenised,SYNTHETIC_PUBLIC_SAFE
B-00496,3,6,SITE-006,45.57,bronze,tokenised,SYNTHETIC_PUBLIC_SAFE
B-00497,3,8,SITE-006,81.63,bronze,tokenised,SYNTHETIC_PUBLIC_SAFE
B-00498,3,10,SITE-006,88.5,bronze,tokenised,SYNTHETIC_PUBLIC_SAFE
B-00499,3,12,SITE-006,74.7,bronze,tokenised,SYNTHETIC_PUBLIC_SAFE
B-00500,3,14,SITE-006,78.18,bronze,tokenised,SYNTHETIC_PUBLIC_SAFE
B-00501,3,16,SITE-006,49.46,bronze,tokenised,SYNTHETIC_PUBLIC_SAFE
B-00502,3,18,SITE-006,84.86,bronze,tokenised,SYNTHETIC_PUBLIC_SAFE
B-00503,3,20,SITE-006,90.73,bronze,tokenised,SYNTHETIC_PUBLIC_SAFE
B-00504,3,22,SITE-006,59.55,bronze,tokenised,SYNTHETIC_PUBLIC_SAFE
B-00505,3,0,SITE-007,74.52,bronze,tokenised,SYNTHETIC_PUBLIC_SAFE
B-00506,3,2,SITE-007,84.3,bronze,tokenised,SYNTHETIC_PUBLIC_SAFE
B-00507,3,4,SITE-007,94.2,bronze,tokenised,SYNTHETIC_PUBLIC_SAFE
B-00508,3,6,SITE-007,81.29,bronze,tokenised,SYNTHETIC_PUBLIC_SAFE
B-00509,3,8,SITE-007,91.7,bronze,tokenised,SYNTHETIC_PUBLIC_SAFE
B-00510,3,10,SITE-007,58.55,bronze,tokenised,SYNTHETIC_PUBLIC_SAFE
B-00511,3,12,SITE-007,65.08,bronze,tokenised,SYNTHETIC_PUBLIC_SAFE
B-00512,3,14,SITE-007,81.99,bronze,tokenised,SYNTHETIC_PUBLIC_SAFE
B-00513,3,16,SITE-007,82.83,bronze,tokenised,SYNTHETIC_PUBLIC_SAFE
B-00514,3,18,SITE-007,90.63,bronze,tokenised,SYNTHETIC_PUBLIC_SAFE
B-00515,3,20,SITE-007,59.7,bronze,tokenised,SYNTHETIC_PUBLIC_SAFE
B-00516,3,22,SITE-007,57.61,bronze,tokenised,SYNTHETIC_PUBLIC_SAFE
B-00517,3,0,SITE-008,67.13,bronze,tokenised,SYNTHETIC_PUBLIC_SAFE
B-00518,3,2,SITE-008,68.85,bronze,tokenised,SYNTHETIC_PUBLIC_SAFE
B-00519,3,4,SITE-008,63.85,bronze,tokenised,SYNTHETIC_PUBLIC_SAFE
B-00520,3,6,SITE-008,71.38,bronze,tokenised,SYNTHETIC_PUBLIC_SAFE
B-00521,3,8,SITE-008,67.44,bronze,tokenised,SYNTHETIC_PUBLIC_SAFE
B-00522,3,10,SITE-008,90.53,bronze,tokenised,SYNTHETIC_PUBLIC_SAFE
B-00523,3,12,SITE-008,60.43,bronze,tokenised,SYNTHETIC_PUBLIC_SAFE
B-00524,3,14,SITE-008,73.59,bronze,tokenised,SYNTHETIC_PUBLIC_SAFE
B-00525,3,16,SITE-008,71.37,bronze,tokenised,SYNTHETIC_PUBLIC_SAFE
B-00526,3,18,SITE-008,42.26,bronze,tokenised,SYNTHETIC_PUBLIC_SAFE
B-00527,3,20,SITE-008,59.39,bronze,tokenised,SYNTHETIC_PUBLIC_SAFE
B-00528,3,22,SITE-008,70.57,bronze,tokenised,SYNTHETIC_PUBLIC_SAFE
B-00529,3,0,SITE-009,64.86,bronze,tokenised,SYNTHETIC_PUBLIC_SAFE
B-00530,3,2,SITE-009,47.08,bronze,tokenised,SYNTHETIC_PUBLIC_SAFE
B-00531,3,4,SITE-009,86.82,bronze,tokenised,SYNTHETIC_PUBLIC_SAFE
B-00532,3,6,SITE-009,45.66,bronze,tokenised,SYNTHETIC_PUBLIC_SAFE
B-00533,3,8,SITE-009,74.46,bronze,tokenised,SYNTHETIC_PUBLIC_SAFE
B-00534,3,10,SITE-009,84.94,bronze,tokenised,SYNTHETIC_PUBLIC_SAFE
B-00535,3,12,SITE-009,76.61,bronze,tokenised,SYNTHETIC_PUBLIC_SAFE
B-00536,3,14,SITE-009,93.23,bronze,tokenised,SYNTHETIC_PUBLIC_SAFE
B-00537,3,16,SITE-009,60.61,bronze,tokenised,SYNTHETIC_PUBLIC_SAFE
B-00538,3,18,SITE-009,67.51,bronze,tokenised,SYNTHETIC_PUBLIC_SAFE
B-00539,3,20,SITE-009,90.42,bronze,tokenised,SYNTHETIC_PUBLIC_SAFE
B-00540,3,22,SITE-009,94.09,bronze,tokenised,SYNTHETIC_PUBLIC_SAFE
B-00541,3,0,SITE-010,76.33,bronze,tokenised,SYNTHETIC_PUBLIC_SAFE
B-00542,3,2,SITE-010,71.38,bronze,tokenised,SYNTHETIC_PUBLIC_SAFE
B-00543,3,4,SITE-010,56.18,bronze,tokenised,SYNTHETIC_PUBLIC_SAFE
B-00544,3,6,SITE-010,76.01,bronze,tokenised,SYNTHETIC_PUBLIC_SAFE
B-00545,3,8,SITE-010,82.31,bronze,tokenised,SYNTHETIC_PUBLIC_SAFE
B-00546,3,10,SITE-010,76.85,bronze,tokenised,SYNTHETIC_PUBLIC_SAFE
B-00547,3,12,SITE-010,91.41,bronze,tokenised,SYNTHETIC_PUBLIC_SAFE
B-00548,3,14,SITE-010,55.97,bronze,tokenised,SYNTHETIC_PUBLIC_SAFE
B-00549,3,16,SITE-010,82.14,bronze,tokenised,SYNTHETIC_PUBLIC_SAFE
B-00550,3,18,SITE-010,73.39,bronze,tokenised,SYNTHETIC_PUBLIC_SAFE
B-00551,3,20,SITE-010,53.99,bronze,tokenised,SYNTHETIC_PUBLIC_SAFE
B-00552,3,22,SITE-010,62.32,bronze,tokenised,SYNTHETIC_PUBLIC_SAFE
B-00553,3,0,SITE-011,61.12,bronze,tokenised,SYNTHETIC_PUBLIC_SAFE
B-00554,3,2,SITE-011,85.99,bronze,tokenised,SYNTHETIC_PUBLIC_SAFE
B-00555,3,4,SITE-011,67.94,bronze,tokenised,SYNTHETIC_PUBLIC_SAFE
B-00556,3,6,SITE-011,43.11,bronze,tokenised,SYNTHETIC_PUBLIC_SAFE
B-00557,3,8,SITE-011,64.08,bronze,tokenised,SYNTHETIC_PUBLIC_SAFE
B-00558,3,10,SITE-011,62.49,bronze,tokenised,SYNTHETIC_PUBLIC_SAFE
B-00559,3,12,SITE-011,85.61,bronze,tokenised,SYNTHETIC_PUBLIC_SAFE
B-00560,3,14,SITE-011,79.03,bronze,tokenised,SYNTHETIC_PUBLIC_SAFE
B-00561,3,16,SITE-011,67.06,bronze,tokenised,SYNTHETIC_PUBLIC_SAFE
B-00562,3,18,SITE-011,60.16,bronze,tokenised,SYNTHETIC_PUBLIC_SAFE
B-00563,3,20,SITE-011,77.05,bronze,tokenised,SYNTHETIC_PUBLIC_SAFE
B-00564,3,22,SITE-011,70.79,bronze,tokenised,SYNTHETIC_PUBLIC_SAFE
B-00565,3,0,SITE-012,52.35,bronze,tokenised,SYNTHETIC_PUBLIC_SAFE
B-00566,3,2,SITE-012,88.85,bronze,tokenised,SYNTHETIC_PUBLIC_SAFE
B-00567,3,4,SITE-012,68.91,bronze,tokenised,SYNTHETIC_PUBLIC_SAFE
B-00568,3,6,SITE-012,41.07,bronze,tokenised,SYNTHETIC_PUBLIC_SAFE
B-00569,3,8,SITE-012,93.26,bronze,tokenised,SYNTHETIC_PUBLIC_SAFE
B-00570,3,10,SITE-012,93.48,bronze,tokenised,SYNTHETIC_PUBLIC_SAFE
B-00571,3,12,SITE-012,65.2,bronze,tokenised,SYNTHETIC_PUBLIC_SAFE
B-00572,3,14,SITE-012,54.75,bronze,tokenised,SYNTHETIC_PUBLIC_SAFE
B-00573,3,16,SITE-012,91.04,bronze,tokenised,SYNTHETIC_PUBLIC_SAFE
B-00574,3,18,SITE-012,77.0,bronze,tokenised,SYNTHETIC_PUBLIC_SAFE
B-00575,3,20,SITE-012,81.33,bronze,tokenised,SYNTHETIC_PUBLIC_SAFE
B-00576,3,22,SITE-012,77.24,bronze,tokenised,SYNTHETIC_PUBLIC_SAFE
B-00577,4,0,SITE-001,75.5,bronze,tokenised,SYNTHETIC_PUBLIC_SAFE
B-00578,4,2,SITE-001,88.12,bronze,tokenised,SYNTHETIC_PUBLIC_SAFE
B-00579,4,4,SITE-001,73.81,bronze,tokenised,SYNTHETIC_PUBLIC_SAFE
B-00580,4,6,SITE-001,90.97,bronze,tokenised,SYNTHETIC_PUBLIC_SAFE
B-00581,4,8,SITE-001,49.67,bronze,tokenised,SYNTHETIC_PUBLIC_SAFE
B-00582,4,10,SITE-001,72.92,bronze,tokenised,SYNTHETIC_PUBLIC_SAFE
B-00583,4,12,SITE-001,68.47,bronze,tokenised,SYNTHETIC_PUBLIC_SAFE
B-00584,4,14,SITE-001,74.59,bronze,tokenised,SYNTHETIC_PUBLIC_SAFE
B-00585,4,16,SITE-001,92.93,bronze,tokenised,SYNTHETIC_PUBLIC_SAFE
B-00586,4,18,SITE-001,72.1,bronze,tokenised,SYNTHETIC_PUBLIC_SAFE
B-00587,4,20,SITE-001,56.17,bronze,tokenised,SYNTHETIC_PUBLIC_SAFE
B-00588,4,22,SITE-001,93.86,bronze,tokenised,SYNTHETIC_PUBLIC_SAFE
B-00589,4,0,SITE-002,44.81,bronze,tokenised,SYNTHETIC_PUBLIC_SAFE
B-00590,4,2,SITE-002,41.17,bronze,tokenised,SYNTHETIC_PUBLIC_SAFE
B-00591,4,4,SITE-002,79.36,bronze,tokenised,SYNTHETIC_PUBLIC_SAFE
B-00592,4,6,SITE-002,42.55,bronze,tokenised,SYNTHETIC_PUBLIC_SAFE
B-00593,4,8,SITE-002,55.6,bronze,tokenised,SYNTHETIC_PUBLIC_SAFE
B-00594,4,10,SITE-002,85.87,bronze,tokenised,SYNTHETIC_PUBLIC_SAFE
B-00595,4,12,SITE-002,40.67,bronze,tokenised,SYNTHETIC_PUBLIC_SAFE
B-00596,4,14,SITE-002,46.77,bronze,tokenised,SYNTHETIC_PUBLIC_SAFE
B-00597,4,16,SITE-002,60.99,bronze,tokenised,SYNTHETIC_PUBLIC_SAFE
B-00598,4,18,SITE-002,80.7,bronze,tokenised,SYNTHETIC_PUBLIC_SAFE
B-00599,4,20,SITE-002,79.63,bronze,tokenised,SYNTHETIC_PUBLIC_SAFE
B-00600,4,22,SITE-002,58.36,bronze,tokenised,SYNTHETIC_PUBLIC_SAFE
B-00601,4,0,SITE-003,55.73,bronze,tokenised,SYNTHETIC_PUBLIC_SAFE
B-00602,4,2,SITE-003,87.66,bronze,tokenised,SYNTHETIC_PUBLIC_SAFE
B-00603,4,4,SITE-003,60.01,bronze,tokenised,SYNTHETIC_PUBLIC_SAFE
B-00604,4,6,SITE-003,82.67,bronze,tokenised,SYNTHETIC_PUBLIC_SAFE
B-00605,4,8,SITE-003,87.47,bronze,tokenised,SYNTHETIC_PUBLIC_SAFE
B-00606,4,10,SITE-003,87.94,bronze,tokenised,SYNTHETIC_PUBLIC_SAFE
B-00607,4,12,SITE-003,66.63,bronze,tokenised,SYNTHETIC_PUBLIC_SAFE
B-00608,4,14,SITE-003,60.47,bronze,tokenised,SYNTHETIC_PUBLIC_SAFE
B-00609,4,16,SITE-003,57.7,bronze,tokenised,SYNTHETIC_PUBLIC_SAFE
B-00610,4,18,SITE-003,71.78,bronze,tokenised,SYNTHETIC_PUBLIC_SAFE
B-00611,4,20,SITE-003,72.36,bronze,tokenised,SYNTHETIC_PUBLIC_SAFE
B-00612,4,22,SITE-003,67.99,bronze,tokenised,SYNTHETIC_PUBLIC_SAFE
B-00613,4,0,SITE-004,50.57,bronze,tokenised,SYNTHETIC_PUBLIC_SAFE
B-00614,4,2,SITE-004,51.36,bronze,tokenised,SYNTHETIC_PUBLIC_SAFE
B-00615,4,4,SITE-004,58.61,bronze,tokenised,SYNTHETIC_PUBLIC_SAFE
B-00616,4,6,SITE-004,82.87,bronze,tokenised,SYNTHETIC_PUBLIC_SAFE
B-00617,4,8,SITE-004,81.73,bronze,tokenised,SYNTHETIC_PUBLIC_SAFE
B-00618,4,10,SITE-004,85.75,bronze,tokenised,SYNTHETIC_PUBLIC_SAFE
B-00619,4,12,SITE-004,50.46,bronze,tokenised,SYNTHETIC_PUBLIC_SAFE
B-00620,4,14,SITE-004,58.99,bronze,tokenised,SYNTHETIC_PUBLIC_SAFE
B-00621,4,16,SITE-004,72.89,bronze,tokenised,SYNTHETIC_PUBLIC_SAFE
B-00622,4,18,SITE-004,92.91,bronze,tokenised,SYNTHETIC_PUBLIC_SAFE
B-00623,4,20,SITE-004,88.75,bronze,tokenised,SYNTHETIC_PUBLIC_SAFE
B-00624,4,22,SITE-004,48.77,bronze,tokenised,SYNTHETIC_PUBLIC_SAFE
B-00625,4,0,SITE-005,63.82,bronze,tokenised,SYNTHETIC_PUBLIC_SAFE
B-00626,4,2,SITE-005,46.01,bronze,tokenised,SYNTHETIC_PUBLIC_SAFE
B-00627,4,4,SITE-005,87.0,bronze,tokenised,SYNTHETIC_PUBLIC_SAFE
B-00628,4,6,SITE-005,40.68,bronze,tokenised,SYNTHETIC_PUBLIC_SAFE
B-00629,4,8,SITE-005,75.54,bronze,tokenised,SYNTHETIC_PUBLIC_SAFE
B-00630,4,10,SITE-005,62.09,bronze,tokenised,SYNTHETIC_PUBLIC_SAFE
B-00631,4,12,SITE-005,70.71,bronze,tokenised,SYNTHETIC_PUBLIC_SAFE
B-00632,4,14,SITE-005,58.56,bronze,tokenised,SYNTHETIC_PUBLIC_SAFE
B-00633,4,16,SITE-005,79.91,bronze,tokenised,SYNTHETIC_PUBLIC_SAFE
B-00634,4,18,SITE-005,84.47,bronze,tokenised,SYNTHETIC_PUBLIC_SAFE
B-00635,4,20,SITE-005,87.44,bronze,tokenised,SYNTHETIC_PUBLIC_SAFE
B-00636,4,22,SITE-005,72.42,bronze,tokenised,SYNTHETIC_PUBLIC_SAFE
B-00637,4,0,SITE-006,41.16,bronze,tokenised,SYNTHETIC_PUBLIC_SAFE
B-00638,4,2,SITE-006,41.0,bronze,tokenised,SYNTHETIC_PUBLIC_SAFE
B-00639,4,4,SITE-006,75.51,bronze,tokenised,SYNTHETIC_PUBLIC_SAFE
B-00640,4,6,SITE-006,77.51,bronze,tokenised,SYNTHETIC_PUBLIC_SAFE
B-00641,4,8,SITE-006,47.1,bronze,tokenised,SYNTHETIC_PUBLIC_SAFE
B-00642,4,10,SITE-006,76.08,bronze,tokenised,SYNTHETIC_PUBLIC_SAFE
B-00643,4,12,SITE-006,45.73,bronze,tokenised,SYNTHETIC_PUBLIC_SAFE
B-00644,4,14,SITE-006,54.84,bronze,tokenised,SYNTHETIC_PUBLIC_SAFE
B-00645,4,16,SITE-006,74.74,bronze,tokenised,SYNTHETIC_PUBLIC_SAFE
B-00646,4,18,SITE-006,92.47,bronze,tokenised,SYNTHETIC_PUBLIC_SAFE
B-00647,4,20,SITE-006,79.25,bronze,tokenised,SYNTHETIC_PUBLIC_SAFE
B-00648,4,22,SITE-006,93.78,bronze,tokenised,SYNTHETIC_PUBLIC_SAFE
B-00649,4,0,SITE-007,57.78,bronze,tokenised,SYNTHETIC_PUBLIC_SAFE
B-00650,4,2,SITE-007,72.38,bronze,tokenised,SYNTHETIC_PUBLIC_SAFE
B-00651,4,4,SITE-007,53.32,bronze,tokenised,SYNTHETIC_PUBLIC_SAFE
B-00652,4,6,SITE-007,79.12,bronze,tokenised,SYNTHETIC_PUBLIC_SAFE
B-00653,4,8,SITE-007,87.06,bronze,tokenised,SYNTHETIC_PUBLIC_SAFE
B-00654,4,10,SITE-007,89.12,bronze,tokenised,SYNTHETIC_PUBLIC_SAFE
B-00655,4,12,SITE-007,82.63,bronze,tokenised,SYNTHETIC_PUBLIC_SAFE
B-00656,4,14,SITE-007,61.06,bronze,tokenised,SYNTHETIC_PUBLIC_SAFE
B-00657,4,16,SITE-007,89.89,bronze,tokenised,SYNTHETIC_PUBLIC_SAFE
B-00658,4,18,SITE-007,60.33,bronze,tokenised,SYNTHETIC_PUBLIC_SAFE
B-00659,4,20,SITE-007,76.89,bronze,tokenised,SYNTHETIC_PUBLIC_SAFE
B-00660,4,22,SITE-007,55.54,bronze,tokenised,SYNTHETIC_PUBLIC_SAFE
B-00661,4,0,SITE-008,67.96,bronze,tokenised,SYNTHETIC_PUBLIC_SAFE
B-00662,4,2,SITE-008,75.07,bronze,tokenised,SYNTHETIC_PUBLIC_SAFE
B-00663,4,4,SITE-008,68.65,bronze,tokenised,SYNTHETIC_PUBLIC_SAFE
B-00664,4,6,SITE-008,84.5,bronze,tokenised,SYNTHETIC_PUBLIC_SAFE
B-00665,4,8,SITE-008,43.67,bronze,tokenised,SYNTHETIC_PUBLIC_SAFE
B-00666,4,10,SITE-008,70.71,bronze,tokenised,SYNTHETIC_PUBLIC_SAFE
B-00667,4,12,SITE-008,85.46,bronze,tokenised,SYNTHETIC_PUBLIC_SAFE
B-00668,4,14,SITE-008,43.53,bronze,tokenised,SYNTHETIC_PUBLIC_SAFE
B-00669,4,16,SITE-008,58.24,bronze,tokenised,SYNTHETIC_PUBLIC_SAFE
B-00670,4,18,SITE-008,60.12,bronze,tokenised,SYNTHETIC_PUBLIC_SAFE
B-00671,4,20,SITE-008,79.77,bronze,tokenised,SYNTHETIC_PUBLIC_SAFE
B-00672,4,22,SITE-008,86.23,bronze,tokenised,SYNTHETIC_PUBLIC_SAFE
B-00673,4,0,SITE-009,80.09,bronze,tokenised,SYNTHETIC_PUBLIC_SAFE
B-00674,4,2,SITE-009,65.59,bronze,tokenised,SYNTHETIC_PUBLIC_SAFE
B-00675,4,4,SITE-009,47.52,bronze,tokenised,SYNTHETIC_PUBLIC_SAFE
B-00676,4,6,SITE-009,63.43,bronze,tokenised,SYNTHETIC_PUBLIC_SAFE
B-00677,4,8,SITE-009,90.43,bronze,tokenised,SYNTHETIC_PUBLIC_SAFE
B-00678,4,10,SITE-009,89.92,bronze,tokenised,SYNTHETIC_PUBLIC_SAFE
B-00679,4,12,SITE-009,83.46,bronze,tokenised,SYNTHETIC_PUBLIC_SAFE
B-00680,4,14,SITE-009,76.52,bronze,tokenised,SYNTHETIC_PUBLIC_SAFE
B-00681,4,16,SITE-009,59.86,bronze,tokenised,SYNTHETIC_PUBLIC_SAFE
B-00682,4,18,SITE-009,55.48,bronze,tokenised,SYNTHETIC_PUBLIC_SAFE
B-00683,4,20,SITE-009,90.5,bronze,tokenised,SYNTHETIC_PUBLIC_SAFE
B-00684,4,22,SITE-009,70.44,bronze,tokenised,SYNTHETIC_PUBLIC_SAFE
B-00685,4,0,SITE-010,47.54,bronze,tokenised,SYNTHETIC_PUBLIC_SAFE
B-00686,4,2,SITE-010,59.97,bronze,tokenised,SYNTHETIC_PUBLIC_SAFE
B-00687,4,4,SITE-010,63.63,bronze,tokenised,SYNTHETIC_PUBLIC_SAFE
B-00688,4,6,SITE-010,57.71,bronze,tokenised,SYNTHETIC_PUBLIC_SAFE
B-00689,4,8,SITE-010,45.94,bronze,tokenised,SYNTHETIC_PUBLIC_SAFE
B-00690,4,10,SITE-010,73.25,bronze,tokenised,SYNTHETIC_PUBLIC_SAFE
B-00691,4,12,SITE-010,84.73,bronze,tokenised,SYNTHETIC_PUBLIC_SAFE
B-00692,4,14,SITE-010,48.53,bronze,tokenised,SYNTHETIC_PUBLIC_SAFE
B-00693,4,16,SITE-010,53.14,bronze,tokenised,SYNTHETIC_PUBLIC_SAFE
B-00694,4,18,SITE-010,70.54,bronze,tokenised,SYNTHETIC_PUBLIC_SAFE
B-00695,4,20,SITE-010,51.58,bronze,tokenised,SYNTHETIC_PUBLIC_SAFE
B-00696,4,22,SITE-010,87.93,bronze,tokenised,SYNTHETIC_PUBLIC_SAFE
B-00697,4,0,SITE-011,93.95,bronze,tokenised,SYNTHETIC_PUBLIC_SAFE
B-00698,4,2,SITE-011,89.18,bronze,tokenised,SYNTHETIC_PUBLIC_SAFE
B-00699,4,4,SITE-011,72.38,bronze,tokenised,SYNTHETIC_PUBLIC_SAFE
B-00700,4,6,SITE-011,75.82,bronze,tokenised,SYNTHETIC_PUBLIC_SAFE
B-00701,4,8,SITE-011,46.52,bronze,tokenised,SYNTHETIC_PUBLIC_SAFE
B-00702,4,10,SITE-011,86.94,bronze,tokenised,SYNTHETIC_PUBLIC_SAFE
B-00703,4,12,SITE-011,45.02,bronze,tokenised,SYNTHETIC_PUBLIC_SAFE
B-00704,4,14,SITE-011,94.61,bronze,tokenised,SYNTHETIC_PUBLIC_SAFE
B-00705,4,16,SITE-011,48.53,bronze,tokenised,SYNTHETIC_PUBLIC_SAFE
B-00706,4,18,SITE-011,86.83,bronze,tokenised,SYNTHETIC_PUBLIC_SAFE
B-00707,4,20,SITE-011,68.71,bronze,tokenised,SYNTHETIC_PUBLIC_SAFE
B-00708,4,22,SITE-011,61.3,bronze,tokenised,SYNTHETIC_PUBLIC_SAFE
B-00709,4,0,SITE-012,60.74,bronze,tokenised,SYNTHETIC_PUBLIC_SAFE
B-00710,4,2,SITE-012,65.99,bronze,tokenised,SYNTHETIC_PUBLIC_SAFE
B-00711,4,4,SITE-012,54.94,bronze,tokenised,SYNTHETIC_PUBLIC_SAFE
B-00712,4,6,SITE-012,79.47,bronze,tokenised,SYNTHETIC_PUBLIC_SAFE
B-00713,4,8,SITE-012,86.59,bronze,tokenised,SYNTHETIC_PUBLIC_SAFE
B-00714,4,10,SITE-012,46.95,bronze,tokenised,SYNTHETIC_PUBLIC_SAFE
B-00715,4,12,SITE-012,54.1,bronze,tokenised,SYNTHETIC_PUBLIC_SAFE
B-00716,4,14,SITE-012,78.11,bronze,tokenised,SYNTHETIC_PUBLIC_SAFE
B-00717,4,16,SITE-012,50.29,bronze,tokenised,SYNTHETIC_PUBLIC_SAFE
B-00718,4,18,SITE-012,67.8,bronze,tokenised,SYNTHETIC_PUBLIC_SAFE
B-00719,4,20,SITE-012,80.54,bronze,tokenised,SYNTHETIC_PUBLIC_SAFE
B-00720,4,22,SITE-012,59.62,bronze,tokenised,SYNTHETIC_PUBLIC_SAFE
B-00721,5,0,SITE-001,51.76,bronze,tokenised,SYNTHETIC_PUBLIC_SAFE
B-00722,5,2,SITE-001,70.53,bronze,tokenised,SYNTHETIC_PUBLIC_SAFE
B-00723,5,4,SITE-001,43.1,bronze,tokenised,SYNTHETIC_PUBLIC_SAFE
B-00724,5,6,SITE-001,89.04,bronze,tokenised,SYNTHETIC_PUBLIC_SAFE
B-00725,5,8,SITE-001,91.04,bronze,tokenised,SYNTHETIC_PUBLIC_SAFE
B-00726,5,10,SITE-001,59.67,bronze,tokenised,SYNTHETIC_PUBLIC_SAFE
B-00727,5,12,SITE-001,83.86,bronze,tokenised,SYNTHETIC_PUBLIC_SAFE
B-00728,5,14,SITE-001,50.33,bronze,tokenised,SYNTHETIC_PUBLIC_SAFE
B-00729,5,16,SITE-001,70.87,bronze,tokenised,SYNTHETIC_PUBLIC_SAFE
B-00730,5,18,SITE-001,67.21,bronze,tokenised,SYNTHETIC_PUBLIC_SAFE
B-00731,5,20,SITE-001,77.81,bronze,tokenised,SYNTHETIC_PUBLIC_SAFE
B-00732,5,22,SITE-001,41.21,bronze,tokenised,SYNTHETIC_PUBLIC_SAFE
B-00733,5,0,SITE-002,68.77,bronze,tokenised,SYNTHETIC_PUBLIC_SAFE
B-00734,5,2,SITE-002,46.18,bronze,tokenised,SYNTHETIC_PUBLIC_SAFE
B-00735,5,4,SITE-002,41.43,bronze,tokenised,SYNTHETIC_PUBLIC_SAFE
B-00736,5,6,SITE-002,77.35,bronze,tokenised,SYNTHETIC_PUBLIC_SAFE
B-00737,5,8,SITE-002,77.45,bronze,tokenised,SYNTHETIC_PUBLIC_SAFE
B-00738,5,10,SITE-002,79.08,bronze,tokenised,SYNTHETIC_PUBLIC_SAFE
B-00739,5,12,SITE-002,89.12,bronze,tokenised,SYNTHETIC_PUBLIC_SAFE
B-00740,5,14,SITE-002,55.92,bronze,tokenised,SYNTHETIC_PUBLIC_SAFE
B-00741,5,16,SITE-002,42.84,bronze,tokenised,SYNTHETIC_PUBLIC_SAFE
B-00742,5,18,SITE-002,50.21,bronze,tokenised,SYNTHETIC_PUBLIC_SAFE
B-00743,5,20,SITE-002,75.33,bronze,tokenised,SYNTHETIC_PUBLIC_SAFE
B-00744,5,22,SITE-002,92.7,bronze,tokenised,SYNTHETIC_PUBLIC_SAFE
B-00745,5,0,SITE-003,81.62,bronze,tokenised,SYNTHETIC_PUBLIC_SAFE
B-00746,5,2,SITE-003,52.24,bronze,tokenised,SYNTHETIC_PUBLIC_SAFE
B-00747,5,4,SITE-003,92.0,bronze,tokenised,SYNTHETIC_PUBLIC_SAFE
B-00748,5,6,SITE-003,52.46,bronze,tokenised,SYNTHETIC_PUBLIC_SAFE
B-00749,5,8,SITE-003,74.77,bronze,tokenised,SYNTHETIC_PUBLIC_SAFE
B-00750,5,10,SITE-003,76.82,bronze,tokenised,SYNTHETIC_PUBLIC_SAFE
B-00751,5,12,SITE-003,86.63,bronze,tokenised,SYNTHETIC_PUBLIC_SAFE
B-00752,5,14,SITE-003,43.38,bronze,tokenised,SYNTHETIC_PUBLIC_SAFE
B-00753,5,16,SITE-003,89.68,bronze,tokenised,SYNTHETIC_PUBLIC_SAFE
B-00754,5,18,SITE-003,66.79,bronze,tokenised,SYNTHETIC_PUBLIC_SAFE
B-00755,5,20,SITE-003,91.3,bronze,tokenised,SYNTHETIC_PUBLIC_SAFE
B-00756,5,22,SITE-003,79.62,bronze,tokenised,SYNTHETIC_PUBLIC_SAFE
B-00757,5,0,SITE-004,91.1,bronze,tokenised,SYNTHETIC_PUBLIC_SAFE
B-00758,5,2,SITE-004,73.14,bronze,tokenised,SYNTHETIC_PUBLIC_SAFE
B-00759,5,4,SITE-004,94.55,bronze,tokenised,SYNTHETIC_PUBLIC_SAFE
B-00760,5,6,SITE-004,74.12,bronze,tokenised,SYNTHETIC_PUBLIC_SAFE
B-00761,5,8,SITE-004,58.03,bronze,tokenised,SYNTHETIC_PUBLIC_SAFE
B-00762,5,10,SITE-004,70.55,bronze,tokenised,SYNTHETIC_PUBLIC_SAFE
B-00763,5,12,SITE-004,62.54,bronze,tokenised,SYNTHETIC_PUBLIC_SAFE
B-00764,5,14,SITE-004,51.55,bronze,tokenised,SYNTHETIC_PUBLIC_SAFE
B-00765,5,16,SITE-004,72.76,bronze,tokenised,SYNTHETIC_PUBLIC_SAFE
B-00766,5,18,SITE-004,41.43,bronze,tokenised,SYNTHETIC_PUBLIC_SAFE
B-00767,5,20,SITE-004,84.06,bronze,tokenised,SYNTHETIC_PUBLIC_SAFE
B-00768,5,22,SITE-004,71.6,bronze,tokenised,SYNTHETIC_PUBLIC_SAFE
B-00769,5,0,SITE-005,49.47,bronze,tokenised,SYNTHETIC_PUBLIC_SAFE
B-00770,5,2,SITE-005,66.56,bronze,tokenised,SYNTHETIC_PUBLIC_SAFE
B-00771,5,4,SITE-005,45.97,bronze,tokenised,SYNTHETIC_PUBLIC_SAFE
B-00772,5,6,SITE-005,44.78,bronze,tokenised,SYNTHETIC_PUBLIC_SAFE
B-00773,5,8,SITE-005,82.55,bronze,tokenised,SYNTHETIC_PUBLIC_SAFE
B-00774,5,10,SITE-005,60.86,bronze,tokenised,SYNTHETIC_PUBLIC_SAFE
B-00775,5,12,SITE-005,77.66,bronze,tokenised,SYNTHETIC_PUBLIC_SAFE
B-00776,5,14,SITE-005,41.24,bronze,tokenised,SYNTHETIC_PUBLIC_SAFE
B-00777,5,16,SITE-005,80.14,bronze,tokenised,SYNTHETIC_PUBLIC_SAFE
B-00778,5,18,SITE-005,79.27,bronze,tokenised,SYNTHETIC_PUBLIC_SAFE
B-00779,5,20,SITE-005,71.57,bronze,tokenised,SYNTHETIC_PUBLIC_SAFE
B-00780,5,22,SITE-005,46.81,bronze,tokenised,SYNTHETIC_PUBLIC_SAFE
B-00781,5,0,SITE-006,81.16,bronze,tokenised,SYNTHETIC_PUBLIC_SAFE
B-00782,5,2,SITE-006,80.43,bronze,tokenised,SYNTHETIC_PUBLIC_SAFE
B-00783,5,4,SITE-006,65.04,bronze,tokenised,SYNTHETIC_PUBLIC_SAFE
B-00784,5,6,SITE-006,67.33,bronze,tokenised,SYNTHETIC_PUBLIC_SAFE
B-00785,5,8,SITE-006,87.14,bronze,tokenised,SYNTHETIC_PUBLIC_SAFE
B-00786,5,10,SITE-006,73.23,bronze,tokenised,SYNTHETIC_PUBLIC_SAFE
B-00787,5,12,SITE-006,65.24,bronze,tokenised,SYNTHETIC_PUBLIC_SAFE
B-00788,5,14,SITE-006,64.54,bronze,tokenised,SYNTHETIC_PUBLIC_SAFE
B-00789,5,16,SITE-006,43.03,bronze,tokenised,SYNTHETIC_PUBLIC_SAFE
B-00790,5,18,SITE-006,56.32,bronze,tokenised,SYNTHETIC_PUBLIC_SAFE
B-00791,5,20,SITE-006,49.34,bronze,tokenised,SYNTHETIC_PUBLIC_SAFE
B-00792,5,22,SITE-006,43.37,bronze,tokenised,SYNTHETIC_PUBLIC_SAFE
B-00793,5,0,SITE-007,78.42,bronze,tokenised,SYNTHETIC_PUBLIC_SAFE
B-00794,5,2,SITE-007,100.18,bronze,tokenised,SYNTHETIC_PUBLIC_SAFE
B-00795,5,4,SITE-007,82.44,bronze,tokenised,SYNTHETIC_PUBLIC_SAFE
B-00796,5,6,SITE-007,72.13,bronze,tokenised,SYNTHETIC_PUBLIC_SAFE
B-00797,5,8,SITE-007,43.45,bronze,tokenised,SYNTHETIC_PUBLIC_SAFE
B-00798,5,10,SITE-007,46.32,bronze,tokenised,SYNTHETIC_PUBLIC_SAFE
B-00799,5,12,SITE-007,58.34,bronze,tokenised,SYNTHETIC_PUBLIC_SAFE
B-00800,5,14,SITE-007,57.91,bronze,tokenised,SYNTHETIC_PUBLIC_SAFE
B-00801,5,16,SITE-007,90.14,bronze,tokenised,SYNTHETIC_PUBLIC_SAFE
B-00802,5,18,SITE-007,69.73,bronze,tokenised,SYNTHETIC_PUBLIC_SAFE
B-00803,5,20,SITE-007,56.67,bronze,tokenised,SYNTHETIC_PUBLIC_SAFE
B-00804,5,22,SITE-007,60.49,bronze,tokenised,SYNTHETIC_PUBLIC_SAFE
B-00805,5,0,SITE-008,83.3,bronze,tokenised,SYNTHETIC_PUBLIC_SAFE
B-00806,5,2,SITE-008,67.51,bronze,tokenised,SYNTHETIC_PUBLIC_SAFE
B-00807,5,4,SITE-008,54.77,bronze,tokenised,SYNTHETIC_PUBLIC_SAFE
B-00808,5,6,SITE-008,82.24,bronze,tokenised,SYNTHETIC_PUBLIC_SAFE
B-00809,5,8,SITE-008,66.64,bronze,tokenised,SYNTHETIC_PUBLIC_SAFE
B-00810,5,10,SITE-008,59.47,bronze,tokenised,SYNTHETIC_PUBLIC_SAFE
B-00811,5,12,SITE-008,68.5,bronze,tokenised,SYNTHETIC_PUBLIC_SAFE
B-00812,5,14,SITE-008,93.15,bronze,tokenised,SYNTHETIC_PUBLIC_SAFE
B-00813,5,16,SITE-008,89.45,bronze,tokenised,SYNTHETIC_PUBLIC_SAFE
B-00814,5,18,SITE-008,83.22,bronze,tokenised,SYNTHETIC_PUBLIC_SAFE
B-00815,5,20,SITE-008,69.38,bronze,tokenised,SYNTHETIC_PUBLIC_SAFE
B-00816,5,22,SITE-008,45.56,bronze,tokenised,SYNTHETIC_PUBLIC_SAFE
B-00817,5,0,SITE-009,56.61,bronze,tokenised,SYNTHETIC_PUBLIC_SAFE
B-00818,5,2,SITE-009,80.3,bronze,tokenised,SYNTHETIC_PUBLIC_SAFE
B-00819,5,4,SITE-009,84.67,bronze,tokenised,SYNTHETIC_PUBLIC_SAFE
B-00820,5,6,SITE-009,41.99,bronze,tokenised,SYNTHETIC_PUBLIC_SAFE
B-00821,5,8,SITE-009,81.34,bronze,tokenised,SYNTHETIC_PUBLIC_SAFE
B-00822,5,10,SITE-009,46.0,bronze,tokenised,SYNTHETIC_PUBLIC_SAFE
B-00823,5,12,SITE-009,77.67,bronze,tokenised,SYNTHETIC_PUBLIC_SAFE
B-00824,5,14,SITE-009,70.62,bronze,tokenised,SYNTHETIC_PUBLIC_SAFE
B-00825,5,16,SITE-009,81.6,bronze,tokenised,SYNTHETIC_PUBLIC_SAFE
B-00826,5,18,SITE-009,92.32,bronze,tokenised,SYNTHETIC_PUBLIC_SAFE
B-00827,5,20,SITE-009,91.12,bronze,tokenised,SYNTHETIC_PUBLIC_SAFE
B-00828,5,22,SITE-009,88.9,bronze,tokenised,SYNTHETIC_PUBLIC_SAFE
B-00829,5,0,SITE-010,82.79,bronze,tokenised,SYNTHETIC_PUBLIC_SAFE
B-00830,5,2,SITE-010,50.59,bronze,tokenised,SYNTHETIC_PUBLIC_SAFE
B-00831,5,4,SITE-010,73.78,bronze,tokenised,SYNTHETIC_PUBLIC_SAFE
B-00832,5,6,SITE-010,60.38,bronze,tokenised,SYNTHETIC_PUBLIC_SAFE
B-00833,5,8,SITE-010,40.16,bronze,tokenised,SYNTHETIC_PUBLIC_SAFE
B-00834,5,10,SITE-010,75.99,bronze,tokenised,SYNTHETIC_PUBLIC_SAFE
B-00835,5,12,SITE-010,67.46,bronze,tokenised,SYNTHETIC_PUBLIC_SAFE
B-00836,5,14,SITE-010,70.69,bronze,tokenised,SYNTHETIC_PUBLIC_SAFE
B-00837,5,16,SITE-010,69.59,bronze,tokenised,SYNTHETIC_PUBLIC_SAFE
B-00838,5,18,SITE-010,87.9,bronze,tokenised,SYNTHETIC_PUBLIC_SAFE
B-00839,5,20,SITE-010,56.57,bronze,tokenised,SYNTHETIC_PUBLIC_SAFE
B-00840,5,22,SITE-010,50.03,bronze,tokenised,SYNTHETIC_PUBLIC_SAFE
B-00841,5,0,SITE-011,62.55,bronze,tokenised,SYNTHETIC_PUBLIC_SAFE
B-00842,5,2,SITE-011,79.43,bronze,tokenised,SYNTHETIC_PUBLIC_SAFE
B-00843,5,4,SITE-011,64.16,bronze,tokenised,SYNTHETIC_PUBLIC_SAFE
B-00844,5,6,SITE-011,55.44,bronze,tokenised,SYNTHETIC_PUBLIC_SAFE
B-00845,5,8,SITE-011,86.82,bronze,tokenised,SYNTHETIC_PUBLIC_SAFE
B-00846,5,10,SITE-011,79.33,bronze,tokenised,SYNTHETIC_PUBLIC_SAFE
B-00847,5,12,SITE-011,87.05,bronze,tokenised,SYNTHETIC_PUBLIC_SAFE
B-00848,5,14,SITE-011,61.94,bronze,tokenised,SYNTHETIC_PUBLIC_SAFE
B-00849,5,16,SITE-011,54.77,bronze,tokenised,SYNTHETIC_PUBLIC_SAFE
B-00850,5,18,SITE-011,93.76,bronze,tokenised,SYNTHETIC_PUBLIC_SAFE
B-00851,5,20,SITE-011,50.54,bronze,tokenised,SYNTHETIC_PUBLIC_SAFE
B-00852,5,22,SITE-011,94.19,bronze,tokenised,SYNTHETIC_PUBLIC_SAFE
B-00853,5,0,SITE-012,62.9,bronze,tokenised,SYNTHETIC_PUBLIC_SAFE
B-00854,5,2,SITE-012,62.11,bronze,tokenised,SYNTHETIC_PUBLIC_SAFE
B-00855,5,4,SITE-012,41.27,bronze,tokenised,SYNTHETIC_PUBLIC_SAFE
B-00856,5,6,SITE-012,77.77,bronze,tokenised,SYNTHETIC_PUBLIC_SAFE
B-00857,5,8,SITE-012,93.37,bronze,tokenised,SYNTHETIC_PUBLIC_SAFE
B-00858,5,10,SITE-012,52.94,bronze,tokenised,SYNTHETIC_PUBLIC_SAFE
B-00859,5,12,SITE-012,65.62,bronze,tokenised,SYNTHETIC_PUBLIC_SAFE
B-00860,5,14,SITE-012,83.21,bronze,tokenised,SYNTHETIC_PUBLIC_SAFE
B-00861,5,16,SITE-012,84.28,bronze,tokenised,SYNTHETIC_PUBLIC_SAFE
B-00862,5,18,SITE-012,55.74,bronze,tokenised,SYNTHETIC_PUBLIC_SAFE
B-00863,5,20,SITE-012,52.03,bronze,tokenised,SYNTHETIC_PUBLIC_SAFE
B-00864,5,22,SITE-012,47.74,bronze,tokenised,SYNTHETIC_PUBLIC_SAFE
B-00865,6,0,SITE-001,47.69,bronze,tokenised,SYNTHETIC_PUBLIC_SAFE
B-00866,6,2,SITE-001,75.17,bronze,tokenised,SYNTHETIC_PUBLIC_SAFE
B-00867,6,4,SITE-001,67.48,bronze,tokenised,SYNTHETIC_PUBLIC_SAFE
B-00868,6,6,SITE-001,46.46,bronze,tokenised,SYNTHETIC_PUBLIC_SAFE
B-00869,6,8,SITE-001,89.52,bronze,tokenised,SYNTHETIC_PUBLIC_SAFE
B-00870,6,10,SITE-001,41.91,bronze,tokenised,SYNTHETIC_PUBLIC_SAFE
B-00871,6,12,SITE-001,76.9,bronze,tokenised,SYNTHETIC_PUBLIC_SAFE
B-00872,6,14,SITE-001,83.95,bronze,tokenised,SYNTHETIC_PUBLIC_SAFE
B-00873,6,16,SITE-001,52.05,bronze,tokenised,SYNTHETIC_PUBLIC_SAFE
B-00874,6,18,SITE-001,80.82,bronze,tokenised,SYNTHETIC_PUBLIC_SAFE
B-00875,6,20,SITE-001,58.64,bronze,tokenised,SYNTHETIC_PUBLIC_SAFE
B-00876,6,22,SITE-001,44.74,bronze,tokenised,SYNTHETIC_PUBLIC_SAFE
B-00877,6,0,SITE-002,56.88,bronze,tokenised,SYNTHETIC_PUBLIC_SAFE
B-00878,6,2,SITE-002,70.71,bronze,tokenised,SYNTHETIC_PUBLIC_SAFE
B-00879,6,4,SITE-002,74.54,bronze,tokenised,SYNTHETIC_PUBLIC_SAFE
B-00880,6,6,SITE-002,73.31,bronze,tokenised,SYNTHETIC_PUBLIC_SAFE
B-00881,6,8,SITE-002,44.17,bronze,tokenised,SYNTHETIC_PUBLIC_SAFE
B-00882,6,10,SITE-002,72.83,bronze,tokenised,SYNTHETIC_PUBLIC_SAFE
B-00883,6,12,SITE-002,57.9,bronze,tokenised,SYNTHETIC_PUBLIC_SAFE
B-00884,6,14,SITE-002,68.28,bronze,tokenised,SYNTHETIC_PUBLIC_SAFE
B-00885,6,16,SITE-002,84.46,bronze,tokenised,SYNTHETIC_PUBLIC_SAFE
B-00886,6,18,SITE-002,71.94,bronze,tokenised,SYNTHETIC_PUBLIC_SAFE
B-00887,6,20,SITE-002,84.86,bronze,tokenised,SYNTHETIC_PUBLIC_SAFE
B-00888,6,22,SITE-002,66.64,bronze,tokenised,SYNTHETIC_PUBLIC_SAFE
B-00889,6,0,SITE-003,51.73,bronze,tokenised,SYNTHETIC_PUBLIC_SAFE
B-00890,6,2,SITE-003,76.85,bronze,tokenised,SYNTHETIC_PUBLIC_SAFE
B-00891,6,4,SITE-003,74.81,bronze,tokenised,SYNTHETIC_PUBLIC_SAFE
B-00892,6,6,SITE-003,65.5,bronze,tokenised,SYNTHETIC_PUBLIC_SAFE
B-00893,6,8,SITE-003,42.19,bronze,tokenised,SYNTHETIC_PUBLIC_SAFE
B-00894,6,10,SITE-003,76.33,bronze,tokenised,SYNTHETIC_PUBLIC_SAFE
B-00895,6,12,SITE-003,92.03,bronze,tokenised,SYNTHETIC_PUBLIC_SAFE
B-00896,6,14,SITE-003,86.8,bronze,tokenised,SYNTHETIC_PUBLIC_SAFE
B-00897,6,16,SITE-003,41.56,bronze,tokenised,SYNTHETIC_PUBLIC_SAFE
B-00898,6,18,SITE-003,44.11,bronze,tokenised,SYNTHETIC_PUBLIC_SAFE
B-00899,6,20,SITE-003,81.92,bronze,tokenised,SYNTHETIC_PUBLIC_SAFE
B-00900,6,22,SITE-003,66.41,bronze,tokenised,SYNTHETIC_PUBLIC_SAFE
B-00901,6,0,SITE-004,61.62,bronze,tokenised,SYNTHETIC_PUBLIC_SAFE
B-00902,6,2,SITE-004,76.88,bronze,tokenised,SYNTHETIC_PUBLIC_SAFE
B-00903,6,4,SITE-004,93.07,bronze,tokenised,SYNTHETIC_PUBLIC_SAFE
B-00904,6,6,SITE-004,54.98,bronze,tokenised,SYNTHETIC_PUBLIC_SAFE
B-00905,6,8,SITE-004,81.87,bronze,tokenised,SYNTHETIC_PUBLIC_SAFE
B-00906,6,10,SITE-004,63.03,bronze,tokenised,SYNTHETIC_PUBLIC_SAFE
B-00907,6,12,SITE-004,49.9,bronze,tokenised,SYNTHETIC_PUBLIC_SAFE
B-00908,6,14,SITE-004,79.11,bronze,tokenised,SYNTHETIC_PUBLIC_SAFE
B-00909,6,16,SITE-004,60.42,bronze,tokenised,SYNTHETIC_PUBLIC_SAFE
B-00910,6,18,SITE-004,92.38,bronze,tokenised,SYNTHETIC_PUBLIC_SAFE
B-00911,6,20,SITE-004,40.49,bronze,tokenised,SYNTHETIC_PUBLIC_SAFE
B-00912,6,22,SITE-004,68.06,bronze,tokenised,SYNTHETIC_PUBLIC_SAFE
B-00913,6,0,SITE-005,44.89,bronze,tokenised,SYNTHETIC_PUBLIC_SAFE
B-00914,6,2,SITE-005,60.66,bronze,tokenised,SYNTHETIC_PUBLIC_SAFE
B-00915,6,4,SITE-005,65.9,bronze,tokenised,SYNTHETIC_PUBLIC_SAFE
B-00916,6,6,SITE-005,59.06,bronze,tokenised,SYNTHETIC_PUBLIC_SAFE
B-00917,6,8,SITE-005,73.38,bronze,tokenised,SYNTHETIC_PUBLIC_SAFE
B-00918,6,10,SITE-005,63.0,bronze,tokenised,SYNTHETIC_PUBLIC_SAFE
B-00919,6,12,SITE-005,76.0,bronze,tokenised,SYNTHETIC_PUBLIC_SAFE
B-00920,6,14,SITE-005,72.19,bronze,tokenised,SYNTHETIC_PUBLIC_SAFE
B-00921,6,16,SITE-005,70.16,bronze,tokenised,SYNTHETIC_PUBLIC_SAFE
B-00922,6,18,SITE-005,62.32,bronze,tokenised,SYNTHETIC_PUBLIC_SAFE
B-00923,6,20,SITE-005,90.29,bronze,tokenised,SYNTHETIC_PUBLIC_SAFE
B-00924,6,22,SITE-005,43.47,bronze,tokenised,SYNTHETIC_PUBLIC_SAFE
B-00925,6,0,SITE-006,63.56,bronze,tokenised,SYNTHETIC_PUBLIC_SAFE
B-00926,6,2,SITE-006,40.92,bronze,tokenised,SYNTHETIC_PUBLIC_SAFE
B-00927,6,4,SITE-006,46.71,bronze,tokenised,SYNTHETIC_PUBLIC_SAFE
B-00928,6,6,SITE-006,62.55,bronze,tokenised,SYNTHETIC_PUBLIC_SAFE
B-00929,6,8,SITE-006,54.6,bronze,tokenised,SYNTHETIC_PUBLIC_SAFE
B-00930,6,10,SITE-006,41.42,bronze,tokenised,SYNTHETIC_PUBLIC_SAFE
B-00931,6,12,SITE-006,94.46,bronze,tokenised,SYNTHETIC_PUBLIC_SAFE
B-00932,6,14,SITE-006,57.53,bronze,tokenised,SYNTHETIC_PUBLIC_SAFE
B-00933,6,16,SITE-006,50.32,bronze,tokenised,SYNTHETIC_PUBLIC_SAFE
B-00934,6,18,SITE-006,70.41,bronze,tokenised,SYNTHETIC_PUBLIC_SAFE
B-00935,6,20,SITE-006,76.0,bronze,tokenised,SYNTHETIC_PUBLIC_SAFE
B-00936,6,22,SITE-006,89.59,bronze,tokenised,SYNTHETIC_PUBLIC_SAFE
B-00937,6,0,SITE-007,42.28,bronze,tokenised,SYNTHETIC_PUBLIC_SAFE
B-00938,6,2,SITE-007,51.34,bronze,tokenised,SYNTHETIC_PUBLIC_SAFE
B-00939,6,4,SITE-007,45.35,bronze,tokenised,SYNTHETIC_PUBLIC_SAFE
B-00940,6,6,SITE-007,51.55,bronze,tokenised,SYNTHETIC_PUBLIC_SAFE
B-00941,6,8,SITE-007,74.51,bronze,tokenised,SYNTHETIC_PUBLIC_SAFE
B-00942,6,10,SITE-007,56.07,bronze,tokenised,SYNTHETIC_PUBLIC_SAFE
B-00943,6,12,SITE-007,61.76,bronze,tokenised,SYNTHETIC_PUBLIC_SAFE
B-00944,6,14,SITE-007,44.97,bronze,tokenised,SYNTHETIC_PUBLIC_SAFE
B-00945,6,16,SITE-007,74.12,bronze,tokenised,SYNTHETIC_PUBLIC_SAFE
B-00946,6,18,SITE-007,47.55,bronze,tokenised,SYNTHETIC_PUBLIC_SAFE
B-00947,6,20,SITE-007,79.33,bronze,tokenised,SYNTHETIC_PUBLIC_SAFE
B-00948,6,22,SITE-007,72.58,bronze,tokenised,SYNTHETIC_PUBLIC_SAFE
B-00949,6,0,SITE-008,66.78,bronze,tokenised,SYNTHETIC_PUBLIC_SAFE
B-00950,6,2,SITE-008,54.94,bronze,tokenised,SYNTHETIC_PUBLIC_SAFE
B-00951,6,4,SITE-008,58.97,bronze,tokenised,SYNTHETIC_PUBLIC_SAFE
B-00952,6,6,SITE-008,75.4,bronze,tokenised,SYNTHETIC_PUBLIC_SAFE
B-00953,6,8,SITE-008,83.59,bronze,tokenised,SYNTHETIC_PUBLIC_SAFE
B-00954,6,10,SITE-008,59.56,bronze,tokenised,SYNTHETIC_PUBLIC_SAFE
B-00955,6,12,SITE-008,50.19,bronze,tokenised,SYNTHETIC_PUBLIC_SAFE
B-00956,6,14,SITE-008,65.97,bronze,tokenised,SYNTHETIC_PUBLIC_SAFE
B-00957,6,16,SITE-008,40.78,bronze,tokenised,SYNTHETIC_PUBLIC_SAFE
B-00958,6,18,SITE-008,86.29,bronze,tokenised,SYNTHETIC_PUBLIC_SAFE
B-00959,6,20,SITE-008,87.86,bronze,tokenised,SYNTHETIC_PUBLIC_SAFE
B-00960,6,22,SITE-008,44.98,bronze,tokenised,SYNTHETIC_PUBLIC_SAFE
B-00961,6,0,SITE-009,80.22,bronze,tokenised,SYNTHETIC_PUBLIC_SAFE
B-00962,6,2,SITE-009,83.37,bronze,tokenised,SYNTHETIC_PUBLIC_SAFE
B-00963,6,4,SITE-009,85.29,bronze,tokenised,SYNTHETIC_PUBLIC_SAFE
B-00964,6,6,SITE-009,72.1,bronze,tokenised,SYNTHETIC_PUBLIC_SAFE
B-00965,6,8,SITE-009,41.19,bronze,tokenised,SYNTHETIC_PUBLIC_SAFE
B-00966,6,10,SITE-009,59.51,bronze,tokenised,SYNTHETIC_PUBLIC_SAFE
B-00967,6,12,SITE-009,80.73,bronze,tokenised,SYNTHETIC_PUBLIC_SAFE
B-00968,6,14,SITE-009,75.02,bronze,tokenised,SYNTHETIC_PUBLIC_SAFE
B-00969,6,16,SITE-009,90.58,bronze,tokenised,SYNTHETIC_PUBLIC_SAFE
B-00970,6,18,SITE-009,79.04,bronze,tokenised,SYNTHETIC_PUBLIC_SAFE
B-00971,6,20,SITE-009,41.8,bronze,tokenised,SYNTHETIC_PUBLIC_SAFE
B-00972,6,22,SITE-009,63.58,bronze,tokenised,SYNTHETIC_PUBLIC_SAFE
B-00973,6,0,SITE-010,41.91,bronze,tokenised,SYNTHETIC_PUBLIC_SAFE
B-00974,6,2,SITE-010,56.28,bronze,tokenised,SYNTHETIC_PUBLIC_SAFE
B-00975,6,4,SITE-010,69.89,bronze,tokenised,SYNTHETIC_PUBLIC_SAFE
B-00976,6,6,SITE-010,55.66,bronze,tokenised,SYNTHETIC_PUBLIC_SAFE
B-00977,6,8,SITE-010,57.16,bronze,tokenised,SYNTHETIC_PUBLIC_SAFE
B-00978,6,10,SITE-010,46.01,bronze,tokenised,SYNTHETIC_PUBLIC_SAFE
B-00979,6,12,SITE-010,60.79,bronze,tokenised,SYNTHETIC_PUBLIC_SAFE
B-00980,6,14,SITE-010,66.04,bronze,tokenised,SYNTHETIC_PUBLIC_SAFE
B-00981,6,16,SITE-010,68.43,bronze,tokenised,SYNTHETIC_PUBLIC_SAFE
B-00982,6,18,SITE-010,82.0,bronze,tokenised,SYNTHETIC_PUBLIC_SAFE
B-00983,6,20,SITE-010,48.27,bronze,tokenised,SYNTHETIC_PUBLIC_SAFE
B-00984,6,22,SITE-010,68.04,bronze,tokenised,SYNTHETIC_PUBLIC_SAFE
B-00985,6,0,SITE-011,41.99,bronze,tokenised,SYNTHETIC_PUBLIC_SAFE
B-00986,6,2,SITE-011,43.47,bronze,tokenised,SYNTHETIC_PUBLIC_SAFE
B-00987,6,4,SITE-011,64.66,bronze,tokenised,SYNTHETIC_PUBLIC_SAFE
B-00988,6,6,SITE-011,75.14,bronze,tokenised,SYNTHETIC_PUBLIC_SAFE
B-00989,6,8,SITE-011,89.98,bronze,tokenised,SYNTHETIC_PUBLIC_SAFE
B-00990,6,10,SITE-011,82.61,bronze,tokenised,SYNTHETIC_PUBLIC_SAFE
B-00991,6,12,SITE-011,83.0,bronze,tokenised,SYNTHETIC_PUBLIC_SAFE
B-00992,6,14,SITE-011,60.61,bronze,tokenised,SYNTHETIC_PUBLIC_SAFE
B-00993,6,16,SITE-011,83.83,bronze,tokenised,SYNTHETIC_PUBLIC_SAFE
B-00994,6,18,SITE-011,53.68,bronze,tokenised,SYNTHETIC_PUBLIC_SAFE
B-00995,6,20,SITE-011,66.92,bronze,tokenised,SYNTHETIC_PUBLIC_SAFE
B-00996,6,22,SITE-011,77.96,bronze,tokenised,SYNTHETIC_PUBLIC_SAFE
B-00997,6,0,SITE-012,58.49,bronze,tokenised,SYNTHETIC_PUBLIC_SAFE
B-00998,6,2,SITE-012,55.36,bronze,tokenised,SYNTHETIC_PUBLIC_SAFE
B-00999,6,4,SITE-012,43.51,bronze,tokenised,SYNTHETIC_PUBLIC_SAFE
B-01000,6,6,SITE-012,47.63,bronze,tokenised,SYNTHETIC_PUBLIC_SAFE
B-01001,6,8,SITE-012,93.28,bronze,tokenised,SYNTHETIC_PUBLIC_SAFE
B-01002,6,10,SITE-012,53.35,bronze,tokenised,SYNTHETIC_PUBLIC_SAFE
B-01003,6,12,SITE-012,65.76,bronze,tokenised,SYNTHETIC_PUBLIC_SAFE
B-01004,6,14,SITE-012,71.83,bronze,tokenised,SYNTHETIC_PUBLIC_SAFE
B-01005,6,16,SITE-012,79.4,bronze,tokenised,SYNTHETIC_PUBLIC_SAFE
B-01006,6,18,SITE-012,52.31,bronze,tokenised,SYNTHETIC_PUBLIC_SAFE
B-01007,6,20,SITE-012,53.43,bronze,tokenised,SYNTHETIC_PUBLIC_SAFE
B-01008,6,22,SITE-012,89.96,bronze,tokenised,SYNTHETIC_PUBLIC_SAFE
B-01009,7,0,SITE-001,65.95,bronze,tokenised,SYNTHETIC_PUBLIC_SAFE
B-01010,7,2,SITE-001,71.36,bronze,tokenised,SYNTHETIC_PUBLIC_SAFE
B-01011,7,4,SITE-001,43.27,bronze,tokenised,SYNTHETIC_PUBLIC_SAFE
B-01012,7,6,SITE-001,43.76,bronze,tokenised,SYNTHETIC_PUBLIC_SAFE
B-01013,7,8,SITE-001,47.96,bronze,tokenised,SYNTHETIC_PUBLIC_SAFE
B-01014,7,10,SITE-001,65.2,bronze,tokenised,SYNTHETIC_PUBLIC_SAFE
B-01015,7,12,SITE-001,70.25,bronze,tokenised,SYNTHETIC_PUBLIC_SAFE
B-01016,7,14,SITE-001,48.02,bronze,tokenised,SYNTHETIC_PUBLIC_SAFE
B-01017,7,16,SITE-001,60.43,bronze,tokenised,SYNTHETIC_PUBLIC_SAFE
B-01018,7,18,SITE-001,69.67,bronze,tokenised,SYNTHETIC_PUBLIC_SAFE
B-01019,7,20,SITE-001,93.2,bronze,tokenised,SYNTHETIC_PUBLIC_SAFE
B-01020,7,22,SITE-001,52.19,bronze,tokenised,SYNTHETIC_PUBLIC_SAFE
B-01021,7,0,SITE-002,66.92,bronze,tokenised,SYNTHETIC_PUBLIC_SAFE
B-01022,7,2,SITE-002,85.69,bronze,tokenised,SYNTHETIC_PUBLIC_SAFE
B-01023,7,4,SITE-002,90.28,bronze,tokenised,SYNTHETIC_PUBLIC_SAFE
B-01024,7,6,SITE-002,62.32,bronze,tokenised,SYNTHETIC_PUBLIC_SAFE
B-01025,7,8,SITE-002,81.12,bronze,tokenised,SYNTHETIC_PUBLIC_SAFE
B-01026,7,10,SITE-002,60.1,bronze,tokenised,SYNTHETIC_PUBLIC_SAFE
B-01027,7,12,SITE-002,56.88,bronze,tokenised,SYNTHETIC_PUBLIC_SAFE
B-01028,7,14,SITE-002,90.0,bronze,tokenised,SYNTHETIC_PUBLIC_SAFE
B-01029,7,16,SITE-002,72.84,bronze,tokenised,SYNTHETIC_PUBLIC_SAFE
B-01030,7,18,SITE-002,46.12,bronze,tokenised,SYNTHETIC_PUBLIC_SAFE
B-01031,7,20,SITE-002,61.44,bronze,tokenised,SYNTHETIC_PUBLIC_SAFE
B-01032,7,22,SITE-002,70.19,bronze,tokenised,SYNTHETIC_PUBLIC_SAFE
B-01033,7,0,SITE-003,47.5,bronze,tokenised,SYNTHETIC_PUBLIC_SAFE
B-01034,7,2,SITE-003,93.31,bronze,tokenised,SYNTHETIC_PUBLIC_SAFE
B-01035,7,4,SITE-003,81.44,bronze,tokenised,SYNTHETIC_PUBLIC_SAFE
B-01036,7,6,SITE-003,83.39,bronze,tokenised,SYNTHETIC_PUBLIC_SAFE
B-01037,7,8,SITE-003,41.06,bronze,tokenised,SYNTHETIC_PUBLIC_SAFE
B-01038,7,10,SITE-003,62.75,bronze,tokenised,SYNTHETIC_PUBLIC_SAFE
B-01039,7,12,SITE-003,94.7,bronze,tokenised,SYNTHETIC_PUBLIC_SAFE
B-01040,7,14,SITE-003,40.34,bronze,tokenised,SYNTHETIC_PUBLIC_SAFE
B-01041,7,16,SITE-003,64.39,bronze,tokenised,SYNTHETIC_PUBLIC_SAFE
B-01042,7,18,SITE-003,54.86,bronze,tokenised,SYNTHETIC_PUBLIC_SAFE
B-01043,7,20,SITE-003,92.71,bronze,tokenised,SYNTHETIC_PUBLIC_SAFE
B-01044,7,22,SITE-003,62.36,bronze,tokenised,SYNTHETIC_PUBLIC_SAFE
B-01045,7,0,SITE-004,57.58,bronze,tokenised,SYNTHETIC_PUBLIC_SAFE
B-01046,7,2,SITE-004,80.47,bronze,tokenised,SYNTHETIC_PUBLIC_SAFE
B-01047,7,4,SITE-004,65.25,bronze,tokenised,SYNTHETIC_PUBLIC_SAFE
B-01048,7,6,SITE-004,87.89,bronze,tokenised,SYNTHETIC_PUBLIC_SAFE
B-01049,7,8,SITE-004,82.65,bronze,tokenised,SYNTHETIC_PUBLIC_SAFE
B-01050,7,10,SITE-004,58.4,bronze,tokenised,SYNTHETIC_PUBLIC_SAFE
B-01051,7,12,SITE-004,43.0,bronze,tokenised,SYNTHETIC_PUBLIC_SAFE
B-01052,7,14,SITE-004,88.67,bronze,tokenised,SYNTHETIC_PUBLIC_SAFE
B-01053,7,16,SITE-004,41.21,bronze,tokenised,SYNTHETIC_PUBLIC_SAFE
B-01054,7,18,SITE-004,58.4,bronze,tokenised,SYNTHETIC_PUBLIC_SAFE
B-01055,7,20,SITE-004,70.69,bronze,tokenised,SYNTHETIC_PUBLIC_SAFE
B-01056,7,22,SITE-004,75.98,bronze,tokenised,SYNTHETIC_PUBLIC_SAFE
B-01057,7,0,SITE-005,78.64,bronze,tokenised,SYNTHETIC_PUBLIC_SAFE
B-01058,7,2,SITE-005,42.24,bronze,tokenised,SYNTHETIC_PUBLIC_SAFE
B-01059,7,4,SITE-005,43.07,bronze,tokenised,SYNTHETIC_PUBLIC_SAFE
B-01060,7,6,SITE-005,73.59,bronze,tokenised,SYNTHETIC_PUBLIC_SAFE
B-01061,7,8,SITE-005,53.79,bronze,tokenised,SYNTHETIC_PUBLIC_SAFE
B-01062,7,10,SITE-005,58.91,bronze,tokenised,SYNTHETIC_PUBLIC_SAFE
B-01063,7,12,SITE-005,75.81,bronze,tokenised,SYNTHETIC_PUBLIC_SAFE
B-01064,7,14,SITE-005,58.05,bronze,tokenised,SYNTHETIC_PUBLIC_SAFE
B-01065,7,16,SITE-005,59.27,bronze,tokenised,SYNTHETIC_PUBLIC_SAFE
B-01066,7,18,SITE-005,50.64,bronze,tokenised,SYNTHETIC_PUBLIC_SAFE
B-01067,7,20,SITE-005,59.65,bronze,tokenised,SYNTHETIC_PUBLIC_SAFE
B-01068,7,22,SITE-005,77.49,bronze,tokenised,SYNTHETIC_PUBLIC_SAFE
B-01069,7,0,SITE-006,66.02,bronze,tokenised,SYNTHETIC_PUBLIC_SAFE
B-01070,7,2,SITE-006,93.08,bronze,tokenised,SYNTHETIC_PUBLIC_SAFE
B-01071,7,4,SITE-006,62.73,bronze,tokenised,SYNTHETIC_PUBLIC_SAFE
B-01072,7,6,SITE-006,64.51,bronze,tokenised,SYNTHETIC_PUBLIC_SAFE
B-01073,7,8,SITE-006,87.24,bronze,tokenised,SYNTHETIC_PUBLIC_SAFE
B-01074,7,10,SITE-006,59.01,bronze,tokenised,SYNTHETIC_PUBLIC_SAFE
B-01075,7,12,SITE-006,84.26,bronze,tokenised,SYNTHETIC_PUBLIC_SAFE
B-01076,7,14,SITE-006,71.95,bronze,tokenised,SYNTHETIC_PUBLIC_SAFE
B-01077,7,16,SITE-006,51.24,bronze,tokenised,SYNTHETIC_PUBLIC_SAFE
B-01078,7,18,SITE-006,83.88,bronze,tokenised,SYNTHETIC_PUBLIC_SAFE
B-01079,7,20,SITE-006,73.56,bronze,tokenised,SYNTHETIC_PUBLIC_SAFE
B-01080,7,22,SITE-006,61.88,bronze,tokenised,SYNTHETIC_PUBLIC_SAFE
B-01081,7,0,SITE-007,49.05,bronze,tokenised,SYNTHETIC_PUBLIC_SAFE
B-01082,7,2,SITE-007,83.03,bronze,tokenised,SYNTHETIC_PUBLIC_SAFE
B-01083,7,4,SITE-007,80.18,bronze,tokenised,SYNTHETIC_PUBLIC_SAFE
B-01084,7,6,SITE-007,54.02,bronze,tokenised,SYNTHETIC_PUBLIC_SAFE
B-01085,7,8,SITE-007,46.1,bronze,tokenised,SYNTHETIC_PUBLIC_SAFE
B-01086,7,10,SITE-007,51.44,bronze,tokenised,SYNTHETIC_PUBLIC_SAFE
B-01087,7,12,SITE-007,75.14,bronze,tokenised,SYNTHETIC_PUBLIC_SAFE
B-01088,7,14,SITE-007,51.49,bronze,tokenised,SYNTHETIC_PUBLIC_SAFE
B-01089,7,16,SITE-007,75.23,bronze,tokenised,SYNTHETIC_PUBLIC_SAFE
B-01090,7,18,SITE-007,74.32,bronze,tokenised,SYNTHETIC_PUBLIC_SAFE
B-01091,7,20,SITE-007,54.56,bronze,tokenised,SYNTHETIC_PUBLIC_SAFE
B-01092,7,22,SITE-007,82.53,bronze,tokenised,SYNTHETIC_PUBLIC_SAFE
B-01093,7,0,SITE-008,55.19,bronze,tokenised,SYNTHETIC_PUBLIC_SAFE
B-01094,7,2,SITE-008,44.25,bronze,tokenised,SYNTHETIC_PUBLIC_SAFE
B-01095,7,4,SITE-008,42.66,bronze,tokenised,SYNTHETIC_PUBLIC_SAFE
B-01096,7,6,SITE-008,42.11,bronze,tokenised,SYNTHETIC_PUBLIC_SAFE
B-01097,7,8,SITE-008,75.34,bronze,tokenised,SYNTHETIC_PUBLIC_SAFE
B-01098,7,10,SITE-008,63.68,bronze,tokenised,SYNTHETIC_PUBLIC_SAFE
B-01099,7,12,SITE-008,45.2,bronze,tokenised,SYNTHETIC_PUBLIC_SAFE
B-01100,7,14,SITE-008,60.62,bronze,tokenised,SYNTHETIC_PUBLIC_SAFE
B-01101,7,16,SITE-008,50.05,bronze,tokenised,SYNTHETIC_PUBLIC_SAFE
B-01102,7,18,SITE-008,56.18,bronze,tokenised,SYNTHETIC_PUBLIC_SAFE
B-01103,7,20,SITE-008,94.89,bronze,tokenised,SYNTHETIC_PUBLIC_SAFE
B-01104,7,22,SITE-008,61.51,bronze,tokenised,SYNTHETIC_PUBLIC_SAFE
B-01105,7,0,SITE-009,65.63,bronze,tokenised,SYNTHETIC_PUBLIC_SAFE
B-01106,7,2,SITE-009,48.18,bronze,tokenised,SYNTHETIC_PUBLIC_SAFE
B-01107,7,4,SITE-009,65.1,bronze,tokenised,SYNTHETIC_PUBLIC_SAFE
B-01108,7,6,SITE-009,51.51,bronze,tokenised,SYNTHETIC_PUBLIC_SAFE
B-01109,7,8,SITE-009,94.01,bronze,tokenised,SYNTHETIC_PUBLIC_SAFE
B-01110,7,10,SITE-009,84.99,bronze,tokenised,SYNTHETIC_PUBLIC_SAFE
B-01111,7,12,SITE-009,52.32,bronze,tokenised,SYNTHETIC_PUBLIC_SAFE
B-01112,7,14,SITE-009,58.81,bronze,tokenised,SYNTHETIC_PUBLIC_SAFE
B-01113,7,16,SITE-009,52.23,bronze,tokenised,SYNTHETIC_PUBLIC_SAFE
B-01114,7,18,SITE-009,92.29,bronze,tokenised,SYNTHETIC_PUBLIC_SAFE
B-01115,7,20,SITE-009,54.32,bronze,tokenised,SYNTHETIC_PUBLIC_SAFE
B-01116,7,22,SITE-009,77.64,bronze,tokenised,SYNTHETIC_PUBLIC_SAFE
B-01117,7,0,SITE-010,48.44,bronze,tokenised,SYNTHETIC_PUBLIC_SAFE
B-01118,7,2,SITE-010,64.37,bronze,tokenised,SYNTHETIC_PUBLIC_SAFE
B-01119,7,4,SITE-010,66.7,bronze,tokenised,SYNTHETIC_PUBLIC_SAFE
B-01120,7,6,SITE-010,87.1,bronze,tokenised,SYNTHETIC_PUBLIC_SAFE
B-01121,7,8,SITE-010,79.35,bronze,tokenised,SYNTHETIC_PUBLIC_SAFE
B-01122,7,10,SITE-010,61.43,bronze,tokenised,SYNTHETIC_PUBLIC_SAFE
B-01123,7,12,SITE-010,54.3,bronze,tokenised,SYNTHETIC_PUBLIC_SAFE
B-01124,7,14,SITE-010,73.84,bronze,tokenised,SYNTHETIC_PUBLIC_SAFE
B-01125,7,16,SITE-010,52.25,bronze,tokenised,SYNTHETIC_PUBLIC_SAFE
B-01126,7,18,SITE-010,90.95,bronze,tokenised,SYNTHETIC_PUBLIC_SAFE
B-01127,7,20,SITE-010,48.34,bronze,tokenised,SYNTHETIC_PUBLIC_SAFE
B-01128,7,22,SITE-010,40.97,bronze,tokenised,SYNTHETIC_PUBLIC_SAFE
B-01129,7,0,SITE-011,68.46,bronze,tokenised,SYNTHETIC_PUBLIC_SAFE
B-01130,7,2,SITE-011,83.63,bronze,tokenised,SYNTHETIC_PUBLIC_SAFE
B-01131,7,4,SITE-011,69.95,bronze,tokenised,SYNTHETIC_PUBLIC_SAFE
B-01132,7,6,SITE-011,74.89,bronze,tokenised,SYNTHETIC_PUBLIC_SAFE
B-01133,7,8,SITE-011,85.91,bronze,tokenised,SYNTHETIC_PUBLIC_SAFE
B-01134,7,10,SITE-011,71.86,bronze,tokenised,SYNTHETIC_PUBLIC_SAFE
B-01135,7,12,SITE-011,48.2,bronze,tokenised,SYNTHETIC_PUBLIC_SAFE
B-01136,7,14,SITE-011,60.79,bronze,tokenised,SYNTHETIC_PUBLIC_SAFE
B-01137,7,16,SITE-011,62.32,bronze,tokenised,SYNTHETIC_PUBLIC_SAFE
B-01138,7,18,SITE-011,89.08,bronze,tokenised,SYNTHETIC_PUBLIC_SAFE
B-01139,7,20,SITE-011,40.86,bronze,tokenised,SYNTHETIC_PUBLIC_SAFE
B-01140,7,22,SITE-011,88.74,bronze,tokenised,SYNTHETIC_PUBLIC_SAFE
B-01141,7,0,SITE-012,69.46,bronze,tokenised,SYNTHETIC_PUBLIC_SAFE
B-01142,7,2,SITE-012,41.65,bronze,tokenised,SYNTHETIC_PUBLIC_SAFE
B-01143,7,4,SITE-012,76.49,bronze,tokenised,SYNTHETIC_PUBLIC_SAFE
B-01144,7,6,SITE-012,49.3,bronze,tokenised,SYNTHETIC_PUBLIC_SAFE
B-01145,7,8,SITE-012,62.1,bronze,tokenised,SYNTHETIC_PUBLIC_SAFE
B-01146,7,10,SITE-012,75.13,bronze,tokenised,SYNTHETIC_PUBLIC_SAFE
B-01147,7,12,SITE-012,88.2,bronze,tokenised,SYNTHETIC_PUBLIC_SAFE
B-01148,7,14,SITE-012,79.93,bronze,tokenised,SYNTHETIC_PUBLIC_SAFE
B-01149,7,16,SITE-012,46.51,bronze,tokenised,SYNTHETIC_PUBLIC_SAFE
B-01150,7,18,SITE-012,58.06,bronze,tokenised,SYNTHETIC_PUBLIC_SAFE
B-01151,7,20,SITE-012,58.73,bronze,tokenised,SYNTHETIC_PUBLIC_SAFE
B-01152,7,22,SITE-012,68.76,bronze,tokenised,SYNTHETIC_PUBLIC_SAFE
B-01153,8,0,SITE-001,42.78,bronze,tokenised,SYNTHETIC_PUBLIC_SAFE
B-01154,8,2,SITE-001,71.02,bronze,tokenised,SYNTHETIC_PUBLIC_SAFE
B-01155,8,4,SITE-001,61.96,bronze,tokenised,SYNTHETIC_PUBLIC_SAFE
B-01156,8,6,SITE-001,43.2,bronze,tokenised,SYNTHETIC_PUBLIC_SAFE
B-01157,8,8,SITE-001,64.73,bronze,tokenised,SYNTHETIC_PUBLIC_SAFE
B-01158,8,10,SITE-001,42.46,bronze,tokenised,SYNTHETIC_PUBLIC_SAFE
B-01159,8,12,SITE-001,52.4,bronze,tokenised,SYNTHETIC_PUBLIC_SAFE
B-01160,8,14,SITE-001,54.05,bronze,tokenised,SYNTHETIC_PUBLIC_SAFE
B-01161,8,16,SITE-001,53.73,bronze,tokenised,SYNTHETIC_PUBLIC_SAFE
B-01162,8,18,SITE-001,78.61,bronze,tokenised,SYNTHETIC_PUBLIC_SAFE
B-01163,8,20,SITE-001,89.68,bronze,tokenised,SYNTHETIC_PUBLIC_SAFE
B-01164,8,22,SITE-001,88.68,bronze,tokenised,SYNTHETIC_PUBLIC_SAFE
B-01165,8,0,SITE-002,56.41,bronze,tokenised,SYNTHETIC_PUBLIC_SAFE
B-01166,8,2,SITE-002,54.3,bronze,tokenised,SYNTHETIC_PUBLIC_SAFE
B-01167,8,4,SITE-002,53.28,bronze,tokenised,SYNTHETIC_PUBLIC_SAFE
B-01168,8,6,SITE-002,92.37,bronze,tokenised,SYNTHETIC_PUBLIC_SAFE
B-01169,8,8,SITE-002,60.33,bronze,tokenised,SYNTHETIC_PUBLIC_SAFE
B-01170,8,10,SITE-002,46.57,bronze,tokenised,SYNTHETIC_PUBLIC_SAFE
B-01171,8,12,SITE-002,72.18,bronze,tokenised,SYNTHETIC_PUBLIC_SAFE
B-01172,8,14,SITE-002,72.28,bronze,tokenised,SYNTHETIC_PUBLIC_SAFE
B-01173,8,16,SITE-002,67.33,bronze,tokenised,SYNTHETIC_PUBLIC_SAFE
B-01174,8,18,SITE-002,52.28,bronze,tokenised,SYNTHETIC_PUBLIC_SAFE
B-01175,8,20,SITE-002,54.47,bronze,tokenised,SYNTHETIC_PUBLIC_SAFE
B-01176,8,22,SITE-002,43.35,bronze,tokenised,SYNTHETIC_PUBLIC_SAFE
B-01177,8,0,SITE-003,92.53,bronze,tokenised,SYNTHETIC_PUBLIC_SAFE
B-01178,8,2,SITE-003,65.37,bronze,tokenised,SYNTHETIC_PUBLIC_SAFE
B-01179,8,4,SITE-003,42.99,bronze,tokenised,SYNTHETIC_PUBLIC_SAFE
B-01180,8,6,SITE-003,62.41,bronze,tokenised,SYNTHETIC_PUBLIC_SAFE
B-01181,8,8,SITE-003,84.55,bronze,tokenised,SYNTHETIC_PUBLIC_SAFE
B-01182,8,10,SITE-003,87.01,bronze,tokenised,SYNTHETIC_PUBLIC_SAFE
B-01183,8,12,SITE-003,83.48,bronze,tokenised,SYNTHETIC_PUBLIC_SAFE
B-01184,8,14,SITE-003,80.48,bronze,tokenised,SYNTHETIC_PUBLIC_SAFE
B-01185,8,16,SITE-003,47.76,bronze,tokenised,SYNTHETIC_PUBLIC_SAFE
B-01186,8,18,SITE-003,48.01,bronze,tokenised,SYNTHETIC_PUBLIC_SAFE
B-01187,8,20,SITE-003,65.8,bronze,tokenised,SYNTHETIC_PUBLIC_SAFE
B-01188,8,22,SITE-003,65.86,bronze,tokenised,SYNTHETIC_PUBLIC_SAFE
B-01189,8,0,SITE-004,50.49,bronze,tokenised,SYNTHETIC_PUBLIC_SAFE
B-01190,8,2,SITE-004,87.19,bronze,tokenised,SYNTHETIC_PUBLIC_SAFE
B-01191,8,4,SITE-004,69.72,bronze,tokenised,SYNTHETIC_PUBLIC_SAFE
B-01192,8,6,SITE-004,65.6,bronze,tokenised,SYNTHETIC_PUBLIC_SAFE
B-01193,8,8,SITE-004,66.13,bronze,tokenised,SYNTHETIC_PUBLIC_SAFE
B-01194,8,10,SITE-004,42.69,bronze,tokenised,SYNTHETIC_PUBLIC_SAFE
B-01195,8,12,SITE-004,73.08,bronze,tokenised,SYNTHETIC_PUBLIC_SAFE
B-01196,8,14,SITE-004,47.32,bronze,tokenised,SYNTHETIC_PUBLIC_SAFE
B-01197,8,16,SITE-004,64.77,bronze,tokenised,SYNTHETIC_PUBLIC_SAFE
B-01198,8,18,SITE-004,81.4,bronze,tokenised,SYNTHETIC_PUBLIC_SAFE
B-01199,8,20,SITE-004,82.3,bronze,tokenised,SYNTHETIC_PUBLIC_SAFE
B-01200,8,22,SITE-004,76.71,bronze,tokenised,SYNTHETIC_PUBLIC_SAFE
B-01201,8,0,SITE-005,44.02,bronze,tokenised,SYNTHETIC_PUBLIC_SAFE
B-01202,8,2,SITE-005,59.43,bronze,tokenised,SYNTHETIC_PUBLIC_SAFE
B-01203,8,4,SITE-005,82.84,bronze,tokenised,SYNTHETIC_PUBLIC_SAFE
B-01204,8,6,SITE-005,49.58,bronze,tokenised,SYNTHETIC_PUBLIC_SAFE
B-01205,8,8,SITE-005,59.2,bronze,tokenised,SYNTHETIC_PUBLIC_SAFE
B-01206,8,10,SITE-005,93.03,bronze,tokenised,SYNTHETIC_PUBLIC_SAFE
B-01207,8,12,SITE-005,88.68,bronze,tokenised,SYNTHETIC_PUBLIC_SAFE
B-01208,8,14,SITE-005,44.82,bronze,tokenised,SYNTHETIC_PUBLIC_SAFE
B-01209,8,16,SITE-005,87.89,bronze,tokenised,SYNTHETIC_PUBLIC_SAFE
B-01210,8,18,SITE-005,60.68,bronze,tokenised,SYNTHETIC_PUBLIC_SAFE
B-01211,8,20,SITE-005,84.89,bronze,tokenised,SYNTHETIC_PUBLIC_SAFE
B-01212,8,22,SITE-005,71.66,bronze,tokenised,SYNTHETIC_PUBLIC_SAFE
B-01213,8,0,SITE-006,63.58,bronze,tokenised,SYNTHETIC_PUBLIC_SAFE
B-01214,8,2,SITE-006,64.09,bronze,tokenised,SYNTHETIC_PUBLIC_SAFE
B-01215,8,4,SITE-006,87.63,bronze,tokenised,SYNTHETIC_PUBLIC_SAFE
B-01216,8,6,SITE-006,41.99,bronze,tokenised,SYNTHETIC_PUBLIC_SAFE
B-01217,8,8,SITE-006,41.04,bronze,tokenised,SYNTHETIC_PUBLIC_SAFE
B-01218,8,10,SITE-006,47.89,bronze,tokenised,SYNTHETIC_PUBLIC_SAFE
B-01219,8,12,SITE-006,56.7,bronze,tokenised,SYNTHETIC_PUBLIC_SAFE
B-01220,8,14,SITE-006,95.08,bronze,tokenised,SYNTHETIC_PUBLIC_SAFE
B-01221,8,16,SITE-006,69.36,bronze,tokenised,SYNTHETIC_PUBLIC_SAFE
B-01222,8,18,SITE-006,47.99,bronze,tokenised,SYNTHETIC_PUBLIC_SAFE
B-01223,8,20,SITE-006,66.12,bronze,tokenised,SYNTHETIC_PUBLIC_SAFE
B-01224,8,22,SITE-006,70.57,bronze,tokenised,SYNTHETIC_PUBLIC_SAFE
B-01225,8,0,SITE-007,52.83,bronze,tokenised,SYNTHETIC_PUBLIC_SAFE
B-01226,8,2,SITE-007,52.55,bronze,tokenised,SYNTHETIC_PUBLIC_SAFE
B-01227,8,4,SITE-007,59.93,bronze,tokenised,SYNTHETIC_PUBLIC_SAFE
B-01228,8,6,SITE-007,63.59,bronze,tokenised,SYNTHETIC_PUBLIC_SAFE
B-01229,8,8,SITE-007,66.57,bronze,tokenised,SYNTHETIC_PUBLIC_SAFE
B-01230,8,10,SITE-007,68.1,bronze,tokenised,SYNTHETIC_PUBLIC_SAFE
B-01231,8,12,SITE-007,61.8,bronze,tokenised,SYNTHETIC_PUBLIC_SAFE
B-01232,8,14,SITE-007,65.42,bronze,tokenised,SYNTHETIC_PUBLIC_SAFE
B-01233,8,16,SITE-007,43.82,bronze,tokenised,SYNTHETIC_PUBLIC_SAFE
B-01234,8,18,SITE-007,51.93,bronze,tokenised,SYNTHETIC_PUBLIC_SAFE
B-01235,8,20,SITE-007,93.17,bronze,tokenised,SYNTHETIC_PUBLIC_SAFE
B-01236,8,22,SITE-007,83.65,bronze,tokenised,SYNTHETIC_PUBLIC_SAFE
B-01237,8,0,SITE-008,49.8,bronze,tokenised,SYNTHETIC_PUBLIC_SAFE
B-01238,8,2,SITE-008,57.53,bronze,tokenised,SYNTHETIC_PUBLIC_SAFE
B-01239,8,4,SITE-008,59.69,bronze,tokenised,SYNTHETIC_PUBLIC_SAFE
B-01240,8,6,SITE-008,81.62,bronze,tokenised,SYNTHETIC_PUBLIC_SAFE
B-01241,8,8,SITE-008,50.05,bronze,tokenised,SYNTHETIC_PUBLIC_SAFE
B-01242,8,10,SITE-008,55.75,bronze,tokenised,SYNTHETIC_PUBLIC_SAFE
B-01243,8,12,SITE-008,77.59,bronze,tokenised,SYNTHETIC_PUBLIC_SAFE
B-01244,8,14,SITE-008,43.65,bronze,tokenised,SYNTHETIC_PUBLIC_SAFE
B-01245,8,16,SITE-008,90.86,bronze,tokenised,SYNTHETIC_PUBLIC_SAFE
B-01246,8,18,SITE-008,58.59,bronze,tokenised,SYNTHETIC_PUBLIC_SAFE
B-01247,8,20,SITE-008,87.67,bronze,tokenised,SYNTHETIC_PUBLIC_SAFE
B-01248,8,22,SITE-008,48.08,bronze,tokenised,SYNTHETIC_PUBLIC_SAFE
B-01249,8,0,SITE-009,55.88,bronze,tokenised,SYNTHETIC_PUBLIC_SAFE
B-01250,8,2,SITE-009,56.83,bronze,tokenised,SYNTHETIC_PUBLIC_SAFE
B-01251,8,4,SITE-009,44.44,bronze,tokenised,SYNTHETIC_PUBLIC_SAFE
B-01252,8,6,SITE-009,66.49,bronze,tokenised,SYNTHETIC_PUBLIC_SAFE
B-01253,8,8,SITE-009,82.29,bronze,tokenised,SYNTHETIC_PUBLIC_SAFE
B-01254,8,10,SITE-009,87.56,bronze,tokenised,SYNTHETIC_PUBLIC_SAFE
B-01255,8,12,SITE-009,59.89,bronze,tokenised,SYNTHETIC_PUBLIC_SAFE
B-01256,8,14,SITE-009,85.87,bronze,tokenised,SYNTHETIC_PUBLIC_SAFE
B-01257,8,16,SITE-009,72.87,bronze,tokenised,SYNTHETIC_PUBLIC_SAFE
B-01258,8,18,SITE-009,62.58,bronze,tokenised,SYNTHETIC_PUBLIC_SAFE
B-01259,8,20,SITE-009,87.27,bronze,tokenised,SYNTHETIC_PUBLIC_SAFE
B-01260,8,22,SITE-009,40.94,bronze,tokenised,SYNTHETIC_PUBLIC_SAFE
B-01261,8,0,SITE-010,88.92,bronze,tokenised,SYNTHETIC_PUBLIC_SAFE
B-01262,8,2,SITE-010,42.75,bronze,tokenised,SYNTHETIC_PUBLIC_SAFE
B-01263,8,4,SITE-010,43.0,bronze,tokenised,SYNTHETIC_PUBLIC_SAFE
B-01264,8,6,SITE-010,47.0,bronze,tokenised,SYNTHETIC_PUBLIC_SAFE
B-01265,8,8,SITE-010,78.76,bronze,tokenised,SYNTHETIC_PUBLIC_SAFE
B-01266,8,10,SITE-010,84.96,bronze,tokenised,SYNTHETIC_PUBLIC_SAFE
B-01267,8,12,SITE-010,80.41,bronze,tokenised,SYNTHETIC_PUBLIC_SAFE
B-01268,8,14,SITE-010,88.13,bronze,tokenised,SYNTHETIC_PUBLIC_SAFE
B-01269,8,16,SITE-010,92.14,bronze,tokenised,SYNTHETIC_PUBLIC_SAFE
B-01270,8,18,SITE-010,86.73,bronze,tokenised,SYNTHETIC_PUBLIC_SAFE
B-01271,8,20,SITE-010,45.2,bronze,tokenised,SYNTHETIC_PUBLIC_SAFE
B-01272,8,22,SITE-010,93.46,bronze,tokenised,SYNTHETIC_PUBLIC_SAFE
B-01273,8,0,SITE-011,75.47,bronze,tokenised,SYNTHETIC_PUBLIC_SAFE
B-01274,8,2,SITE-011,90.66,bronze,tokenised,SYNTHETIC_PUBLIC_SAFE
B-01275,8,4,SITE-011,64.34,bronze,tokenised,SYNTHETIC_PUBLIC_SAFE
B-01276,8,6,SITE-011,85.68,bronze,tokenised,SYNTHETIC_PUBLIC_SAFE
B-01277,8,8,SITE-011,56.94,bronze,tokenised,SYNTHETIC_PUBLIC_SAFE
B-01278,8,10,SITE-011,83.01,bronze,tokenised,SYNTHETIC_PUBLIC_SAFE
B-01279,8,12,SITE-011,80.69,bronze,tokenised,SYNTHETIC_PUBLIC_SAFE
B-01280,8,14,SITE-011,92.92,bronze,tokenised,SYNTHETIC_PUBLIC_SAFE
B-01281,8,16,SITE-011,78.01,bronze,tokenised,SYNTHETIC_PUBLIC_SAFE
B-01282,8,18,SITE-011,59.27,bronze,tokenised,SYNTHETIC_PUBLIC_SAFE
B-01283,8,20,SITE-011,67.63,bronze,tokenised,SYNTHETIC_PUBLIC_SAFE
B-01284,8,22,SITE-011,94.01,bronze,tokenised,SYNTHETIC_PUBLIC_SAFE
B-01285,8,0,SITE-012,65.88,bronze,tokenised,SYNTHETIC_PUBLIC_SAFE
B-01286,8,2,SITE-012,60.5,bronze,tokenised,SYNTHETIC_PUBLIC_SAFE
B-01287,8,4,SITE-012,60.43,bronze,tokenised,SYNTHETIC_PUBLIC_SAFE
B-01288,8,6,SITE-012,79.58,bronze,tokenised,SYNTHETIC_PUBLIC_SAFE
B-01289,8,8,SITE-012,46.59,bronze,tokenised,SYNTHETIC_PUBLIC_SAFE
B-01290,8,10,SITE-012,88.81,bronze,tokenised,SYNTHETIC_PUBLIC_SAFE
B-01291,8,12,SITE-012,75.12,bronze,tokenised,SYNTHETIC_PUBLIC_SAFE
B-01292,8,14,SITE-012,76.66,bronze,tokenised,SYNTHETIC_PUBLIC_SAFE
B-01293,8,16,SITE-012,68.14,bronze,tokenised,SYNTHETIC_PUBLIC_SAFE
B-01294,8,18,SITE-012,83.39,bronze,tokenised,SYNTHETIC_PUBLIC_SAFE
B-01295,8,20,SITE-012,80.25,bronze,tokenised,SYNTHETIC_PUBLIC_SAFE
B-01296,8,22,SITE-012,87.49,bronze,tokenised,SYNTHETIC_PUBLIC_SAFE
B-01297,9,0,SITE-001,52.44,bronze,tokenised,SYNTHETIC_PUBLIC_SAFE
B-01298,9,2,SITE-001,40.5,bronze,tokenised,SYNTHETIC_PUBLIC_SAFE
B-01299,9,4,SITE-001,72.79,bronze,tokenised,SYNTHETIC_PUBLIC_SAFE
B-01300,9,6,SITE-001,47.67,bronze,tokenised,SYNTHETIC_PUBLIC_SAFE
B-01301,9,8,SITE-001,55.46,bronze,tokenised,SYNTHETIC_PUBLIC_SAFE
B-01302,9,10,SITE-001,49.67,bronze,tokenised,SYNTHETIC_PUBLIC_SAFE
B-01303,9,12,SITE-001,84.96,bronze,tokenised,SYNTHETIC_PUBLIC_SAFE
B-01304,9,14,SITE-001,48.52,bronze,tokenised,SYNTHETIC_PUBLIC_SAFE
B-01305,9,16,SITE-001,51.62,bronze,tokenised,SYNTHETIC_PUBLIC_SAFE
B-01306,9,18,SITE-001,61.23,bronze,tokenised,SYNTHETIC_PUBLIC_SAFE
B-01307,9,20,SITE-001,67.58,bronze,tokenised,SYNTHETIC_PUBLIC_SAFE
B-01308,9,22,SITE-001,53.35,bronze,tokenised,SYNTHETIC_PUBLIC_SAFE
B-01309,9,0,SITE-002,63.6,bronze,tokenised,SYNTHETIC_PUBLIC_SAFE
B-01310,9,2,SITE-002,83.97,bronze,tokenised,SYNTHETIC_PUBLIC_SAFE
B-01311,9,4,SITE-002,88.1,bronze,tokenised,SYNTHETIC_PUBLIC_SAFE
B-01312,9,6,SITE-002,48.48,bronze,tokenised,SYNTHETIC_PUBLIC_SAFE
B-01313,9,8,SITE-002,92.36,bronze,tokenised,SYNTHETIC_PUBLIC_SAFE
B-01314,9,10,SITE-002,60.34,bronze,tokenised,SYNTHETIC_PUBLIC_SAFE
B-01315,9,12,SITE-002,68.1,bronze,tokenised,SYNTHETIC_PUBLIC_SAFE
B-01316,9,14,SITE-002,72.14,bronze,tokenised,SYNTHETIC_PUBLIC_SAFE
B-01317,9,16,SITE-002,68.5,bronze,tokenised,SYNTHETIC_PUBLIC_SAFE
B-01318,9,18,SITE-002,88.1,bronze,tokenised,SYNTHETIC_PUBLIC_SAFE
B-01319,9,20,SITE-002,69.9,bronze,tokenised,SYNTHETIC_PUBLIC_SAFE
B-01320,9,22,SITE-002,63.5,bronze,tokenised,SYNTHETIC_PUBLIC_SAFE
B-01321,9,0,SITE-003,62.91,bronze,tokenised,SYNTHETIC_PUBLIC_SAFE
B-01322,9,2,SITE-003,48.36,bronze,tokenised,SYNTHETIC_PUBLIC_SAFE
B-01323,9,4,SITE-003,84.88,bronze,tokenised,SYNTHETIC_PUBLIC_SAFE
B-01324,9,6,SITE-003,77.23,bronze,tokenised,SYNTHETIC_PUBLIC_SAFE
B-01325,9,8,SITE-003,70.97,bronze,tokenised,SYNTHETIC_PUBLIC_SAFE
B-01326,9,10,SITE-003,65.09,bronze,tokenised,SYNTHETIC_PUBLIC_SAFE
B-01327,9,12,SITE-003,84.76,bronze,tokenised,SYNTHETIC_PUBLIC_SAFE
B-01328,9,14,SITE-003,87.83,bronze,tokenised,SYNTHETIC_PUBLIC_SAFE
B-01329,9,16,SITE-003,85.34,bronze,tokenised,SYNTHETIC_PUBLIC_SAFE
B-01330,9,18,SITE-003,61.01,bronze,tokenised,SYNTHETIC_PUBLIC_SAFE
B-01331,9,20,SITE-003,69.08,bronze,tokenised,SYNTHETIC_PUBLIC_SAFE
B-01332,9,22,SITE-003,75.65,bronze,tokenised,SYNTHETIC_PUBLIC_SAFE
B-01333,9,0,SITE-004,83.58,bronze,tokenised,SYNTHETIC_PUBLIC_SAFE
B-01334,9,2,SITE-004,51.69,bronze,tokenised,SYNTHETIC_PUBLIC_SAFE
B-01335,9,4,SITE-004,93.27,bronze,tokenised,SYNTHETIC_PUBLIC_SAFE
B-01336,9,6,SITE-004,92.7,bronze,tokenised,SYNTHETIC_PUBLIC_SAFE
B-01337,9,8,SITE-004,70.1,bronze,tokenised,SYNTHETIC_PUBLIC_SAFE
B-01338,9,10,SITE-004,70.48,bronze,tokenised,SYNTHETIC_PUBLIC_SAFE
B-01339,9,12,SITE-004,64.23,bronze,tokenised,SYNTHETIC_PUBLIC_SAFE
B-01340,9,14,SITE-004,57.27,bronze,tokenised,SYNTHETIC_PUBLIC_SAFE
B-01341,9,16,SITE-004,91.3,bronze,tokenised,SYNTHETIC_PUBLIC_SAFE
B-01342,9,18,SITE-004,65.99,bronze,tokenised,SYNTHETIC_PUBLIC_SAFE
B-01343,9,20,SITE-004,73.36,bronze,tokenised,SYNTHETIC_PUBLIC_SAFE
B-01344,9,22,SITE-004,59.41,bronze,tokenised,SYNTHETIC_PUBLIC_SAFE
B-01345,9,0,SITE-005,87.09,bronze,tokenised,SYNTHETIC_PUBLIC_SAFE
B-01346,9,2,SITE-005,43.79,bronze,tokenised,SYNTHETIC_PUBLIC_SAFE
B-01347,9,4,SITE-005,52.07,bronze,tokenised,SYNTHETIC_PUBLIC_SAFE
B-01348,9,6,SITE-005,56.78,bronze,tokenised,SYNTHETIC_PUBLIC_SAFE
B-01349,9,8,SITE-005,99.7,bronze,tokenised,SYNTHETIC_PUBLIC_SAFE
B-01350,9,10,SITE-005,81.5,bronze,tokenised,SYNTHETIC_PUBLIC_SAFE
B-01351,9,12,SITE-005,83.35,bronze,tokenised,SYNTHETIC_PUBLIC_SAFE
B-01352,9,14,SITE-005,92.84,bronze,tokenised,SYNTHETIC_PUBLIC_SAFE
B-01353,9,16,SITE-005,70.79,bronze,tokenised,SYNTHETIC_PUBLIC_SAFE
B-01354,9,18,SITE-005,59.03,bronze,tokenised,SYNTHETIC_PUBLIC_SAFE
B-01355,9,20,SITE-005,52.3,bronze,tokenised,SYNTHETIC_PUBLIC_SAFE
B-01356,9,22,SITE-005,57.53,bronze,tokenised,SYNTHETIC_PUBLIC_SAFE
B-01357,9,0,SITE-006,94.76,bronze,tokenised,SYNTHETIC_PUBLIC_SAFE
B-01358,9,2,SITE-006,52.56,bronze,tokenised,SYNTHETIC_PUBLIC_SAFE
B-01359,9,4,SITE-006,78.2,bronze,tokenised,SYNTHETIC_PUBLIC_SAFE
B-01360,9,6,SITE-006,94.55,bronze,tokenised,SYNTHETIC_PUBLIC_SAFE
B-01361,9,8,SITE-006,52.03,bronze,tokenised,SYNTHETIC_PUBLIC_SAFE
B-01362,9,10,SITE-006,87.87,bronze,tokenised,SYNTHETIC_PUBLIC_SAFE
B-01363,9,12,SITE-006,80.6,bronze,tokenised,SYNTHETIC_PUBLIC_SAFE
B-01364,9,14,SITE-006,93.19,bronze,tokenised,SYNTHETIC_PUBLIC_SAFE
B-01365,9,16,SITE-006,56.44,bronze,tokenised,SYNTHETIC_PUBLIC_SAFE
B-01366,9,18,SITE-006,78.15,bronze,tokenised,SYNTHETIC_PUBLIC_SAFE
B-01367,9,20,SITE-006,55.9,bronze,tokenised,SYNTHETIC_PUBLIC_SAFE
B-01368,9,22,SITE-006,92.79,bronze,tokenised,SYNTHETIC_PUBLIC_SAFE
B-01369,9,0,SITE-007,43.52,bronze,tokenised,SYNTHETIC_PUBLIC_SAFE
B-01370,9,2,SITE-007,70.24,bronze,tokenised,SYNTHETIC_PUBLIC_SAFE
B-01371,9,4,SITE-007,48.36,bronze,tokenised,SYNTHETIC_PUBLIC_SAFE
B-01372,9,6,SITE-007,93.72,bronze,tokenised,SYNTHETIC_PUBLIC_SAFE
B-01373,9,8,SITE-007,41.61,bronze,tokenised,SYNTHETIC_PUBLIC_SAFE
B-01374,9,10,SITE-007,40.83,bronze,tokenised,SYNTHETIC_PUBLIC_SAFE
B-01375,9,12,SITE-007,73.1,bronze,tokenised,SYNTHETIC_PUBLIC_SAFE
B-01376,9,14,SITE-007,73.22,bronze,tokenised,SYNTHETIC_PUBLIC_SAFE
B-01377,9,16,SITE-007,46.51,bronze,tokenised,SYNTHETIC_PUBLIC_SAFE
B-01378,9,18,SITE-007,72.81,bronze,tokenised,SYNTHETIC_PUBLIC_SAFE
B-01379,9,20,SITE-007,74.38,bronze,tokenised,SYNTHETIC_PUBLIC_SAFE
B-01380,9,22,SITE-007,93.18,bronze,tokenised,SYNTHETIC_PUBLIC_SAFE
B-01381,9,0,SITE-008,68.77,bronze,tokenised,SYNTHETIC_PUBLIC_SAFE
B-01382,9,2,SITE-008,57.6,bronze,tokenised,SYNTHETIC_PUBLIC_SAFE
B-01383,9,4,SITE-008,77.51,bronze,tokenised,SYNTHETIC_PUBLIC_SAFE
B-01384,9,6,SITE-008,60.59,bronze,tokenised,SYNTHETIC_PUBLIC_SAFE
B-01385,9,8,SITE-008,54.01,bronze,tokenised,SYNTHETIC_PUBLIC_SAFE
B-01386,9,10,SITE-008,74.69,bronze,tokenised,SYNTHETIC_PUBLIC_SAFE
B-01387,9,12,SITE-008,87.4,bronze,tokenised,SYNTHETIC_PUBLIC_SAFE
B-01388,9,14,SITE-008,99.28,bronze,tokenised,SYNTHETIC_PUBLIC_SAFE
B-01389,9,16,SITE-008,61.19,bronze,tokenised,SYNTHETIC_PUBLIC_SAFE
B-01390,9,18,SITE-008,65.48,bronze,tokenised,SYNTHETIC_PUBLIC_SAFE
B-01391,9,20,SITE-008,94.97,bronze,tokenised,SYNTHETIC_PUBLIC_SAFE
B-01392,9,22,SITE-008,89.28,bronze,tokenised,SYNTHETIC_PUBLIC_SAFE
B-01393,9,0,SITE-009,85.46,bronze,tokenised,SYNTHETIC_PUBLIC_SAFE
B-01394,9,2,SITE-009,68.46,bronze,tokenised,SYNTHETIC_PUBLIC_SAFE
B-01395,9,4,SITE-009,45.72,bronze,tokenised,SYNTHETIC_PUBLIC_SAFE
B-01396,9,6,SITE-009,81.86,bronze,tokenised,SYNTHETIC_PUBLIC_SAFE
B-01397,9,8,SITE-009,89.63,bronze,tokenised,SYNTHETIC_PUBLIC_SAFE
B-01398,9,10,SITE-009,59.1,bronze,tokenised,SYNTHETIC_PUBLIC_SAFE
B-01399,9,12,SITE-009,81.73,bronze,tokenised,SYNTHETIC_PUBLIC_SAFE
B-01400,9,14,SITE-009,52.57,bronze,tokenised,SYNTHETIC_PUBLIC_SAFE
B-01401,9,16,SITE-009,56.76,bronze,tokenised,SYNTHETIC_PUBLIC_SAFE
B-01402,9,18,SITE-009,70.17,bronze,tokenised,SYNTHETIC_PUBLIC_SAFE
B-01403,9,20,SITE-009,78.48,bronze,tokenised,SYNTHETIC_PUBLIC_SAFE
B-01404,9,22,SITE-009,46.31,bronze,tokenised,SYNTHETIC_PUBLIC_SAFE
B-01405,9,0,SITE-010,76.86,bronze,tokenised,SYNTHETIC_PUBLIC_SAFE
B-01406,9,2,SITE-010,74.39,bronze,tokenised,SYNTHETIC_PUBLIC_SAFE
B-01407,9,4,SITE-010,82.59,bronze,tokenised,SYNTHETIC_PUBLIC_SAFE
B-01408,9,6,SITE-010,61.89,bronze,tokenised,SYNTHETIC_PUBLIC_SAFE
B-01409,9,8,SITE-010,50.96,bronze,tokenised,SYNTHETIC_PUBLIC_SAFE
B-01410,9,10,SITE-010,88.07,bronze,tokenised,SYNTHETIC_PUBLIC_SAFE
B-01411,9,12,SITE-010,44.77,bronze,tokenised,SYNTHETIC_PUBLIC_SAFE
B-01412,9,14,SITE-010,43.19,bronze,tokenised,SYNTHETIC_PUBLIC_SAFE
B-01413,9,16,SITE-010,64.43,bronze,tokenised,SYNTHETIC_PUBLIC_SAFE
B-01414,9,18,SITE-010,56.47,bronze,tokenised,SYNTHETIC_PUBLIC_SAFE
B-01415,9,20,SITE-010,62.54,bronze,tokenised,SYNTHETIC_PUBLIC_SAFE
B-01416,9,22,SITE-010,82.97,bronze,tokenised,SYNTHETIC_PUBLIC_SAFE
B-01417,9,0,SITE-011,85.37,bronze,tokenised,SYNTHETIC_PUBLIC_SAFE
B-01418,9,2,SITE-011,80.21,bronze,tokenised,SYNTHETIC_PUBLIC_SAFE
B-01419,9,4,SITE-011,44.79,bronze,tokenised,SYNTHETIC_PUBLIC_SAFE
B-01420,9,6,SITE-011,90.37,bronze,tokenised,SYNTHETIC_PUBLIC_SAFE
B-01421,9,8,SITE-011,66.47,bronze,tokenised,SYNTHETIC_PUBLIC_SAFE
B-01422,9,10,SITE-011,87.05,bronze,tokenised,SYNTHETIC_PUBLIC_SAFE
B-01423,9,12,SITE-011,42.06,bronze,tokenised,SYNTHETIC_PUBLIC_SAFE
B-01424,9,14,SITE-011,53.68,bronze,tokenised,SYNTHETIC_PUBLIC_SAFE
B-01425,9,16,SITE-011,83.38,bronze,tokenised,SYNTHETIC_PUBLIC_SAFE
B-01426,9,18,SITE-011,84.22,bronze,tokenised,SYNTHETIC_PUBLIC_SAFE
B-01427,9,20,SITE-011,65.64,bronze,tokenised,SYNTHETIC_PUBLIC_SAFE
B-01428,9,22,SITE-011,71.9,bronze,tokenised,SYNTHETIC_PUBLIC_SAFE
B-01429,9,0,SITE-012,53.22,bronze,tokenised,SYNTHETIC_PUBLIC_SAFE
B-01430,9,2,SITE-012,42.04,bronze,tokenised,SYNTHETIC_PUBLIC_SAFE
B-01431,9,4,SITE-012,49.22,bronze,tokenised,SYNTHETIC_PUBLIC_SAFE
B-01432,9,6,SITE-012,41.03,bronze,tokenised,SYNTHETIC_PUBLIC_SAFE
B-01433,9,8,SITE-012,43.49,bronze,tokenised,SYNTHETIC_PUBLIC_SAFE
B-01434,9,10,SITE-012,55.56,bronze,tokenised,SYNTHETIC_PUBLIC_SAFE
B-01435,9,12,SITE-012,63.66,bronze,tokenised,SYNTHETIC_PUBLIC_SAFE
B-01436,9,14,SITE-012,67.25,bronze,tokenised,SYNTHETIC_PUBLIC_SAFE
B-01437,9,16,SITE-012,81.92,bronze,tokenised,SYNTHETIC_PUBLIC_SAFE
B-01438,9,18,SITE-012,82.08,bronze,tokenised,SYNTHETIC_PUBLIC_SAFE
B-01439,9,20,SITE-012,73.72,bronze,tokenised,SYNTHETIC_PUBLIC_SAFE
B-01440,9,22,SITE-012,93.8,bronze,tokenised,SYNTHETIC_PUBLIC_SAFE
B-01441,10,0,SITE-001,66.36,bronze,tokenised,SYNTHETIC_PUBLIC_SAFE
B-01442,10,2,SITE-001,48.14,bronze,tokenised,SYNTHETIC_PUBLIC_SAFE
B-01443,10,4,SITE-001,52.8,bronze,tokenised,SYNTHETIC_PUBLIC_SAFE
B-01444,10,6,SITE-001,45.67,bronze,tokenised,SYNTHETIC_PUBLIC_SAFE
B-01445,10,8,SITE-001,51.99,bronze,tokenised,SYNTHETIC_PUBLIC_SAFE
B-01446,10,10,SITE-001,69.86,bronze,tokenised,SYNTHETIC_PUBLIC_SAFE
B-01447,10,12,SITE-001,74.77,bronze,tokenised,SYNTHETIC_PUBLIC_SAFE
B-01448,10,14,SITE-001,84.56,bronze,tokenised,SYNTHETIC_PUBLIC_SAFE
B-01449,10,16,SITE-001,71.17,bronze,tokenised,SYNTHETIC_PUBLIC_SAFE
B-01450,10,18,SITE-001,53.17,bronze,tokenised,SYNTHETIC_PUBLIC_SAFE
B-01451,10,20,SITE-001,43.24,bronze,tokenised,SYNTHETIC_PUBLIC_SAFE
B-01452,10,22,SITE-001,91.39,bronze,tokenised,SYNTHETIC_PUBLIC_SAFE
B-01453,10,0,SITE-002,71.03,bronze,tokenised,SYNTHETIC_PUBLIC_SAFE
B-01454,10,2,SITE-002,66.51,bronze,tokenised,SYNTHETIC_PUBLIC_SAFE
B-01455,10,4,SITE-002,66.85,bronze,tokenised,SYNTHETIC_PUBLIC_SAFE
B-01456,10,6,SITE-002,56.73,bronze,tokenised,SYNTHETIC_PUBLIC_SAFE
B-01457,10,8,SITE-002,61.51,bronze,tokenised,SYNTHETIC_PUBLIC_SAFE
B-01458,10,10,SITE-002,47.09,bronze,tokenised,SYNTHETIC_PUBLIC_SAFE
B-01459,10,12,SITE-002,40.05,bronze,tokenised,SYNTHETIC_PUBLIC_SAFE
B-01460,10,14,SITE-002,47.29,bronze,tokenised,SYNTHETIC_PUBLIC_SAFE
B-01461,10,16,SITE-002,46.22,bronze,tokenised,SYNTHETIC_PUBLIC_SAFE
B-01462,10,18,SITE-002,88.47,bronze,tokenised,SYNTHETIC_PUBLIC_SAFE
B-01463,10,20,SITE-002,40.55,bronze,tokenised,SYNTHETIC_PUBLIC_SAFE
B-01464,10,22,SITE-002,80.68,bronze,tokenised,SYNTHETIC_PUBLIC_SAFE
B-01465,10,0,SITE-003,46.22,bronze,tokenised,SYNTHETIC_PUBLIC_SAFE
B-01466,10,2,SITE-003,80.93,bronze,tokenised,SYNTHETIC_PUBLIC_SAFE
B-01467,10,4,SITE-003,94.25,bronze,tokenised,SYNTHETIC_PUBLIC_SAFE
B-01468,10,6,SITE-003,93.91,bronze,tokenised,SYNTHETIC_PUBLIC_SAFE
B-01469,10,8,SITE-003,46.66,bronze,tokenised,SYNTHETIC_PUBLIC_SAFE
B-01470,10,10,SITE-003,78.78,bronze,tokenised,SYNTHETIC_PUBLIC_SAFE
B-01471,10,12,SITE-003,41.79,bronze,tokenised,SYNTHETIC_PUBLIC_SAFE
B-01472,10,14,SITE-003,81.85,bronze,tokenised,SYNTHETIC_PUBLIC_SAFE
B-01473,10,16,SITE-003,93.66,bronze,tokenised,SYNTHETIC_PUBLIC_SAFE
B-01474,10,18,SITE-003,90.1,bronze,tokenised,SYNTHETIC_PUBLIC_SAFE
B-01475,10,20,SITE-003,74.56,bronze,tokenised,SYNTHETIC_PUBLIC_SAFE
B-01476,10,22,SITE-003,80.97,bronze,tokenised,SYNTHETIC_PUBLIC_SAFE
B-01477,10,0,SITE-004,49.28,bronze,tokenised,SYNTHETIC_PUBLIC_SAFE
B-01478,10,2,SITE-004,88.85,bronze,tokenised,SYNTHETIC_PUBLIC_SAFE
B-01479,10,4,SITE-004,57.77,bronze,tokenised,SYNTHETIC_PUBLIC_SAFE
B-01480,10,6,SITE-004,85.45,bronze,tokenised,SYNTHETIC_PUBLIC_SAFE
B-01481,10,8,SITE-004,53.96,bronze,tokenised,SYNTHETIC_PUBLIC_SAFE
B-01482,10,10,SITE-004,56.24,bronze,tokenised,SYNTHETIC_PUBLIC_SAFE
B-01483,10,12,SITE-004,66.87,bronze,tokenised,SYNTHETIC_PUBLIC_SAFE
B-01484,10,14,SITE-004,41.26,bronze,tokenised,SYNTHETIC_PUBLIC_SAFE
B-01485,10,16,SITE-004,71.03,bronze,tokenised,SYNTHETIC_PUBLIC_SAFE
B-01486,10,18,SITE-004,67.06,bronze,tokenised,SYNTHETIC_PUBLIC_SAFE
B-01487,10,20,SITE-004,76.72,bronze,tokenised,SYNTHETIC_PUBLIC_SAFE
B-01488,10,22,SITE-004,46.08,bronze,tokenised,SYNTHETIC_PUBLIC_SAFE
B-01489,10,0,SITE-005,64.3,bronze,tokenised,SYNTHETIC_PUBLIC_SAFE
B-01490,10,2,SITE-005,86.71,bronze,tokenised,SYNTHETIC_PUBLIC_SAFE
B-01491,10,4,SITE-005,68.89,bronze,tokenised,SYNTHETIC_PUBLIC_SAFE
B-01492,10,6,SITE-005,57.63,bronze,tokenised,SYNTHETIC_PUBLIC_SAFE
B-01493,10,8,SITE-005,61.45,bronze,tokenised,SYNTHETIC_PUBLIC_SAFE
B-01494,10,10,SITE-005,73.21,bronze,tokenised,SYNTHETIC_PUBLIC_SAFE
B-01495,10,12,SITE-005,59.5,bronze,tokenised,SYNTHETIC_PUBLIC_SAFE
B-01496,10,14,SITE-005,60.51,bronze,tokenised,SYNTHETIC_PUBLIC_SAFE
B-01497,10,16,SITE-005,86.71,bronze,tokenised,SYNTHETIC_PUBLIC_SAFE
B-01498,10,18,SITE-005,69.95,bronze,tokenised,SYNTHETIC_PUBLIC_SAFE
B-01499,10,20,SITE-005,49.8,bronze,tokenised,SYNTHETIC_PUBLIC_SAFE
B-01500,10,22,SITE-005,78.14,bronze,tokenised,SYNTHETIC_PUBLIC_SAFE
B-01501,10,0,SITE-006,76.4,bronze,tokenised,SYNTHETIC_PUBLIC_SAFE
B-01502,10,2,SITE-006,75.66,bronze,tokenised,SYNTHETIC_PUBLIC_SAFE
B-01503,10,4,SITE-006,92.76,bronze,tokenised,SYNTHETIC_PUBLIC_SAFE
B-01504,10,6,SITE-006,68.84,bronze,tokenised,SYNTHETIC_PUBLIC_SAFE
B-01505,10,8,SITE-006,61.63,bronze,tokenised,SYNTHETIC_PUBLIC_SAFE
B-01506,10,10,SITE-006,71.62,bronze,tokenised,SYNTHETIC_PUBLIC_SAFE
B-01507,10,12,SITE-006,69.06,bronze,tokenised,SYNTHETIC_PUBLIC_SAFE
B-01508,10,14,SITE-006,71.72,bronze,tokenised,SYNTHETIC_PUBLIC_SAFE
B-01509,10,16,SITE-006,77.51,bronze,tokenised,SYNTHETIC_PUBLIC_SAFE
B-01510,10,18,SITE-006,76.65,bronze,tokenised,SYNTHETIC_PUBLIC_SAFE
B-01511,10,20,SITE-006,77.06,bronze,tokenised,SYNTHETIC_PUBLIC_SAFE
B-01512,10,22,SITE-006,58.47,bronze,tokenised,SYNTHETIC_PUBLIC_SAFE
B-01513,10,0,SITE-007,67.76,bronze,tokenised,SYNTHETIC_PUBLIC_SAFE
B-01514,10,2,SITE-007,92.88,bronze,tokenised,SYNTHETIC_PUBLIC_SAFE
B-01515,10,4,SITE-007,85.58,bronze,tokenised,SYNTHETIC_PUBLIC_SAFE
B-01516,10,6,SITE-007,86.34,bronze,tokenised,SYNTHETIC_PUBLIC_SAFE
B-01517,10,8,SITE-007,84.73,bronze,tokenised,SYNTHETIC_PUBLIC_SAFE
B-01518,10,10,SITE-007,80.6,bronze,tokenised,SYNTHETIC_PUBLIC_SAFE
B-01519,10,12,SITE-007,41.97,bronze,tokenised,SYNTHETIC_PUBLIC_SAFE
B-01520,10,14,SITE-007,59.88,bronze,tokenised,SYNTHETIC_PUBLIC_SAFE
B-01521,10,16,SITE-007,76.69,bronze,tokenised,SYNTHETIC_PUBLIC_SAFE
B-01522,10,18,SITE-007,43.34,bronze,tokenised,SYNTHETIC_PUBLIC_SAFE
B-01523,10,20,SITE-007,49.34,bronze,tokenised,SYNTHETIC_PUBLIC_SAFE
B-01524,10,22,SITE-007,62.89,bronze,tokenised,SYNTHETIC_PUBLIC_SAFE
B-01525,10,0,SITE-008,68.17,bronze,tokenised,SYNTHETIC_PUBLIC_SAFE
B-01526,10,2,SITE-008,77.44,bronze,tokenised,SYNTHETIC_PUBLIC_SAFE
B-01527,10,4,SITE-008,90.28,bronze,tokenised,SYNTHETIC_PUBLIC_SAFE
B-01528,10,6,SITE-008,56.05,bronze,tokenised,SYNTHETIC_PUBLIC_SAFE
B-01529,10,8,SITE-008,40.21,bronze,tokenised,SYNTHETIC_PUBLIC_SAFE
B-01530,10,10,SITE-008,58.58,bronze,tokenised,SYNTHETIC_PUBLIC_SAFE
B-01531,10,12,SITE-008,87.91,bronze,tokenised,SYNTHETIC_PUBLIC_SAFE
B-01532,10,14,SITE-008,82.02,bronze,tokenised,SYNTHETIC_PUBLIC_SAFE
B-01533,10,16,SITE-008,68.76,bronze,tokenised,SYNTHETIC_PUBLIC_SAFE
B-01534,10,18,SITE-008,53.06,bronze,tokenised,SYNTHETIC_PUBLIC_SAFE
B-01535,10,20,SITE-008,85.6,bronze,tokenised,SYNTHETIC_PUBLIC_SAFE
B-01536,10,22,SITE-008,54.58,bronze,tokenised,SYNTHETIC_PUBLIC_SAFE
B-01537,10,0,SITE-009,73.73,bronze,tokenised,SYNTHETIC_PUBLIC_SAFE
B-01538,10,2,SITE-009,90.15,bronze,tokenised,SYNTHETIC_PUBLIC_SAFE
B-01539,10,4,SITE-009,44.58,bronze,tokenised,SYNTHETIC_PUBLIC_SAFE
B-01540,10,6,SITE-009,68.51,bronze,tokenised,SYNTHETIC_PUBLIC_SAFE
B-01541,10,8,SITE-009,63.05,bronze,tokenised,SYNTHETIC_PUBLIC_SAFE
B-01542,10,10,SITE-009,42.25,bronze,tokenised,SYNTHETIC_PUBLIC_SAFE
B-01543,10,12,SITE-009,48.13,bronze,tokenised,SYNTHETIC_PUBLIC_SAFE
B-01544,10,14,SITE-009,49.7,bronze,tokenised,SYNTHETIC_PUBLIC_SAFE
B-01545,10,16,SITE-009,72.84,bronze,tokenised,SYNTHETIC_PUBLIC_SAFE
B-01546,10,18,SITE-009,44.6,bronze,tokenised,SYNTHETIC_PUBLIC_SAFE
B-01547,10,20,SITE-009,47.89,bronze,tokenised,SYNTHETIC_PUBLIC_SAFE
B-01548,10,22,SITE-009,57.96,bronze,tokenised,SYNTHETIC_PUBLIC_SAFE
B-01549,10,0,SITE-010,49.24,bronze,tokenised,SYNTHETIC_PUBLIC_SAFE
B-01550,10,2,SITE-010,54.79,bronze,tokenised,SYNTHETIC_PUBLIC_SAFE
B-01551,10,4,SITE-010,43.84,bronze,tokenised,SYNTHETIC_PUBLIC_SAFE
B-01552,10,6,SITE-010,74.42,bronze,tokenised,SYNTHETIC_PUBLIC_SAFE
B-01553,10,8,SITE-010,71.83,bronze,tokenised,SYNTHETIC_PUBLIC_SAFE
B-01554,10,10,SITE-010,40.4,bronze,tokenised,SYNTHETIC_PUBLIC_SAFE
B-01555,10,12,SITE-010,55.31,bronze,tokenised,SYNTHETIC_PUBLIC_SAFE
B-01556,10,14,SITE-010,64.91,bronze,tokenised,SYNTHETIC_PUBLIC_SAFE
B-01557,10,16,SITE-010,62.24,bronze,tokenised,SYNTHETIC_PUBLIC_SAFE
B-01558,10,18,SITE-010,51.88,bronze,tokenised,SYNTHETIC_PUBLIC_SAFE
B-01559,10,20,SITE-010,77.34,bronze,tokenised,SYNTHETIC_PUBLIC_SAFE
B-01560,10,22,SITE-010,75.28,bronze,tokenised,SYNTHETIC_PUBLIC_SAFE
B-01561,10,0,SITE-011,50.81,bronze,tokenised,SYNTHETIC_PUBLIC_SAFE
B-01562,10,2,SITE-011,57.86,bronze,tokenised,SYNTHETIC_PUBLIC_SAFE
B-01563,10,4,SITE-011,51.25,bronze,tokenised,SYNTHETIC_PUBLIC_SAFE
B-01564,10,6,SITE-011,40.67,bronze,tokenised,SYNTHETIC_PUBLIC_SAFE
B-01565,10,8,SITE-011,75.83,bronze,tokenised,SYNTHETIC_PUBLIC_SAFE
B-01566,10,10,SITE-011,89.69,bronze,tokenised,SYNTHETIC_PUBLIC_SAFE
B-01567,10,12,SITE-011,78.73,bronze,tokenised,SYNTHETIC_PUBLIC_SAFE
B-01568,10,14,SITE-011,75.5,bronze,tokenised,SYNTHETIC_PUBLIC_SAFE
B-01569,10,16,SITE-011,46.71,bronze,tokenised,SYNTHETIC_PUBLIC_SAFE
B-01570,10,18,SITE-011,63.75,bronze,tokenised,SYNTHETIC_PUBLIC_SAFE
B-01571,10,20,SITE-011,61.45,bronze,tokenised,SYNTHETIC_PUBLIC_SAFE
B-01572,10,22,SITE-011,42.18,bronze,tokenised,SYNTHETIC_PUBLIC_SAFE
B-01573,10,0,SITE-012,66.62,bronze,tokenised,SYNTHETIC_PUBLIC_SAFE
B-01574,10,2,SITE-012,61.04,bronze,tokenised,SYNTHETIC_PUBLIC_SAFE
B-01575,10,4,SITE-012,63.29,bronze,tokenised,SYNTHETIC_PUBLIC_SAFE
B-01576,10,6,SITE-012,72.07,bronze,tokenised,SYNTHETIC_PUBLIC_SAFE
B-01577,10,8,SITE-012,46.2,bronze,tokenised,SYNTHETIC_PUBLIC_SAFE
B-01578,10,10,SITE-012,89.63,bronze,tokenised,SYNTHETIC_PUBLIC_SAFE
B-01579,10,12,SITE-012,86.89,bronze,tokenised,SYNTHETIC_PUBLIC_SAFE
B-01580,10,14,SITE-012,42.97,bronze,tokenised,SYNTHETIC_PUBLIC_SAFE
B-01581,10,16,SITE-012,77.75,bronze,tokenised,SYNTHETIC_PUBLIC_SAFE
B-01582,10,18,SITE-012,46.83,bronze,tokenised,SYNTHETIC_PUBLIC_SAFE
B-01583,10,20,SITE-012,61.97,bronze,tokenised,SYNTHETIC_PUBLIC_SAFE
B-01584,10,22,SITE-012,56.9,bronze,tokenised,SYNTHETIC_PUBLIC_SAFE
B-01585,11,0,SITE-001,86.92,bronze,tokenised,SYNTHETIC_PUBLIC_SAFE
B-01586,11,2,SITE-001,89.01,bronze,tokenised,SYNTHETIC_PUBLIC_SAFE
B-01587,11,4,SITE-001,64.95,bronze,tokenised,SYNTHETIC_PUBLIC_SAFE
B-01588,11,6,SITE-001,42.68,bronze,tokenised,SYNTHETIC_PUBLIC_SAFE
B-01589,11,8,SITE-001,59.65,bronze,tokenised,SYNTHETIC_PUBLIC_SAFE
B-01590,11,10,SITE-001,91.18,bronze,tokenised,SYNTHETIC_PUBLIC_SAFE
B-01591,11,12,SITE-001,42.87,bronze,tokenised,SYNTHETIC_PUBLIC_SAFE
B-01592,11,14,SITE-001,41.98,bronze,tokenised,SYNTHETIC_PUBLIC_SAFE
B-01593,11,16,SITE-001,60.7,bronze,tokenised,SYNTHETIC_PUBLIC_SAFE
B-01594,11,18,SITE-001,63.14,bronze,tokenised,SYNTHETIC_PUBLIC_SAFE
B-01595,11,20,SITE-001,84.28,bronze,tokenised,SYNTHETIC_PUBLIC_SAFE
B-01596,11,22,SITE-001,88.9,bronze,tokenised,SYNTHETIC_PUBLIC_SAFE
B-01597,11,0,SITE-002,44.97,bronze,tokenised,SYNTHETIC_PUBLIC_SAFE
B-01598,11,2,SITE-002,64.58,bronze,tokenised,SYNTHETIC_PUBLIC_SAFE
B-01599,11,4,SITE-002,83.33,bronze,tokenised,SYNTHETIC_PUBLIC_SAFE
B-01600,11,6,SITE-002,76.39,bronze,tokenised,SYNTHETIC_PUBLIC_SAFE
B-01601,11,8,SITE-002,64.87,bronze,tokenised,SYNTHETIC_PUBLIC_SAFE
B-01602,11,10,SITE-002,79.55,bronze,tokenised,SYNTHETIC_PUBLIC_SAFE
B-01603,11,12,SITE-002,77.34,bronze,tokenised,SYNTHETIC_PUBLIC_SAFE
B-01604,11,14,SITE-002,65.05,bronze,tokenised,SYNTHETIC_PUBLIC_SAFE
B-01605,11,16,SITE-002,58.67,bronze,tokenised,SYNTHETIC_PUBLIC_SAFE
B-01606,11,18,SITE-002,82.41,bronze,tokenised,SYNTHETIC_PUBLIC_SAFE
B-01607,11,20,SITE-002,91.34,bronze,tokenised,SYNTHETIC_PUBLIC_SAFE
B-01608,11,22,SITE-002,80.2,bronze,tokenised,SYNTHETIC_PUBLIC_SAFE
B-01609,11,0,SITE-003,80.16,bronze,tokenised,SYNTHETIC_PUBLIC_SAFE
B-01610,11,2,SITE-003,84.56,bronze,tokenised,SYNTHETIC_PUBLIC_SAFE
B-01611,11,4,SITE-003,71.61,bronze,tokenised,SYNTHETIC_PUBLIC_SAFE
B-01612,11,6,SITE-003,62.28,bronze,tokenised,SYNTHETIC_PUBLIC_SAFE
B-01613,11,8,SITE-003,64.35,bronze,tokenised,SYNTHETIC_PUBLIC_SAFE
B-01614,11,10,SITE-003,86.45,bronze,tokenised,SYNTHETIC_PUBLIC_SAFE
B-01615,11,12,SITE-003,79.33,bronze,tokenised,SYNTHETIC_PUBLIC_SAFE
B-01616,11,14,SITE-003,43.25,bronze,tokenised,SYNTHETIC_PUBLIC_SAFE
B-01617,11,16,SITE-003,72.65,bronze,tokenised,SYNTHETIC_PUBLIC_SAFE
B-01618,11,18,SITE-003,44.5,bronze,tokenised,SYNTHETIC_PUBLIC_SAFE
B-01619,11,20,SITE-003,87.34,bronze,tokenised,SYNTHETIC_PUBLIC_SAFE
B-01620,11,22,SITE-003,94.87,bronze,tokenised,SYNTHETIC_PUBLIC_SAFE
B-01621,11,0,SITE-004,57.42,bronze,tokenised,SYNTHETIC_PUBLIC_SAFE
B-01622,11,2,SITE-004,42.42,bronze,tokenised,SYNTHETIC_PUBLIC_SAFE
B-01623,11,4,SITE-004,86.08,bronze,tokenised,SYNTHETIC_PUBLIC_SAFE
B-01624,11,6,SITE-004,78.93,bronze,tokenised,SYNTHETIC_PUBLIC_SAFE
B-01625,11,8,SITE-004,75.37,bronze,tokenised,SYNTHETIC_PUBLIC_SAFE
B-01626,11,10,SITE-004,73.09,bronze,tokenised,SYNTHETIC_PUBLIC_SAFE
B-01627,11,12,SITE-004,78.9,bronze,tokenised,SYNTHETIC_PUBLIC_SAFE
B-01628,11,14,SITE-004,56.32,bronze,tokenised,SYNTHETIC_PUBLIC_SAFE
B-01629,11,16,SITE-004,77.53,bronze,tokenised,SYNTHETIC_PUBLIC_SAFE
B-01630,11,18,SITE-004,50.41,bronze,tokenised,SYNTHETIC_PUBLIC_SAFE
B-01631,11,20,SITE-004,77.01,bronze,tokenised,SYNTHETIC_PUBLIC_SAFE
B-01632,11,22,SITE-004,41.07,bronze,tokenised,SYNTHETIC_PUBLIC_SAFE
B-01633,11,0,SITE-005,45.6,bronze,tokenised,SYNTHETIC_PUBLIC_SAFE
B-01634,11,2,SITE-005,43.21,bronze,tokenised,SYNTHETIC_PUBLIC_SAFE
B-01635,11,4,SITE-005,88.21,bronze,tokenised,SYNTHETIC_PUBLIC_SAFE
B-01636,11,6,SITE-005,53.69,bronze,tokenised,SYNTHETIC_PUBLIC_SAFE
B-01637,11,8,SITE-005,53.56,bronze,tokenised,SYNTHETIC_PUBLIC_SAFE
B-01638,11,10,SITE-005,73.85,bronze,tokenised,SYNTHETIC_PUBLIC_SAFE
B-01639,11,12,SITE-005,82.69,bronze,tokenised,SYNTHETIC_PUBLIC_SAFE
B-01640,11,14,SITE-005,61.36,bronze,tokenised,SYNTHETIC_PUBLIC_SAFE
B-01641,11,16,SITE-005,40.25,bronze,tokenised,SYNTHETIC_PUBLIC_SAFE
B-01642,11,18,SITE-005,42.55,bronze,tokenised,SYNTHETIC_PUBLIC_SAFE
B-01643,11,20,SITE-005,40.77,bronze,tokenised,SYNTHETIC_PUBLIC_SAFE
B-01644,11,22,SITE-005,65.54,bronze,tokenised,SYNTHETIC_PUBLIC_SAFE
B-01645,11,0,SITE-006,52.59,bronze,tokenised,SYNTHETIC_PUBLIC_SAFE
B-01646,11,2,SITE-006,73.4,bronze,tokenised,SYNTHETIC_PUBLIC_SAFE
B-01647,11,4,SITE-006,41.98,bronze,tokenised,SYNTHETIC_PUBLIC_SAFE
B-01648,11,6,SITE-006,42.18,bronze,tokenised,SYNTHETIC_PUBLIC_SAFE
B-01649,11,8,SITE-006,45.38,bronze,tokenised,SYNTHETIC_PUBLIC_SAFE
B-01650,11,10,SITE-006,91.55,bronze,tokenised,SYNTHETIC_PUBLIC_SAFE
B-01651,11,12,SITE-006,46.93,bronze,tokenised,SYNTHETIC_PUBLIC_SAFE
B-01652,11,14,SITE-006,65.89,bronze,tokenised,SYNTHETIC_PUBLIC_SAFE
B-01653,11,16,SITE-006,94.1,bronze,tokenised,SYNTHETIC_PUBLIC_SAFE
B-01654,11,18,SITE-006,74.36,bronze,tokenised,SYNTHETIC_PUBLIC_SAFE
B-01655,11,20,SITE-006,56.74,bronze,tokenised,SYNTHETIC_PUBLIC_SAFE
B-01656,11,22,SITE-006,41.21,bronze,tokenised,SYNTHETIC_PUBLIC_SAFE
B-01657,11,0,SITE-007,85.37,bronze,tokenised,SYNTHETIC_PUBLIC_SAFE
B-01658,11,2,SITE-007,81.39,bronze,tokenised,SYNTHETIC_PUBLIC_SAFE
B-01659,11,4,SITE-007,74.49,bronze,tokenised,SYNTHETIC_PUBLIC_SAFE
B-01660,11,6,SITE-007,45.6,bronze,tokenised,SYNTHETIC_PUBLIC_SAFE
B-01661,11,8,SITE-007,71.3,bronze,tokenised,SYNTHETIC_PUBLIC_SAFE
B-01662,11,10,SITE-007,42.66,bronze,tokenised,SYNTHETIC_PUBLIC_SAFE
B-01663,11,12,SITE-007,49.89,bronze,tokenised,SYNTHETIC_PUBLIC_SAFE
B-01664,11,14,SITE-007,55.81,bronze,tokenised,SYNTHETIC_PUBLIC_SAFE
B-01665,11,16,SITE-007,51.53,bronze,tokenised,SYNTHETIC_PUBLIC_SAFE
B-01666,11,18,SITE-007,40.13,bronze,tokenised,SYNTHETIC_PUBLIC_SAFE
B-01667,11,20,SITE-007,69.01,bronze,tokenised,SYNTHETIC_PUBLIC_SAFE
B-01668,11,22,SITE-007,63.4,bronze,tokenised,SYNTHETIC_PUBLIC_SAFE
B-01669,11,0,SITE-008,91.65,bronze,tokenised,SYNTHETIC_PUBLIC_SAFE
B-01670,11,2,SITE-008,86.7,bronze,tokenised,SYNTHETIC_PUBLIC_SAFE
B-01671,11,4,SITE-008,61.23,bronze,tokenised,SYNTHETIC_PUBLIC_SAFE
B-01672,11,6,SITE-008,57.04,bronze,tokenised,SYNTHETIC_PUBLIC_SAFE
B-01673,11,8,SITE-008,79.29,bronze,tokenised,SYNTHETIC_PUBLIC_SAFE
B-01674,11,10,SITE-008,69.35,bronze,tokenised,SYNTHETIC_PUBLIC_SAFE
B-01675,11,12,SITE-008,71.88,bronze,tokenised,SYNTHETIC_PUBLIC_SAFE
B-01676,11,14,SITE-008,72.41,bronze,tokenised,SYNTHETIC_PUBLIC_SAFE
B-01677,11,16,SITE-008,60.48,bronze,tokenised,SYNTHETIC_PUBLIC_SAFE
B-01678,11,18,SITE-008,86.5,bronze,tokenised,SYNTHETIC_PUBLIC_SAFE
B-01679,11,20,SITE-008,79.12,bronze,tokenised,SYNTHETIC_PUBLIC_SAFE
B-01680,11,22,SITE-008,83.36,bronze,tokenised,SYNTHETIC_PUBLIC_SAFE
B-01681,11,0,SITE-009,40.9,bronze,tokenised,SYNTHETIC_PUBLIC_SAFE
B-01682,11,2,SITE-009,71.94,bronze,tokenised,SYNTHETIC_PUBLIC_SAFE
B-01683,11,4,SITE-009,45.74,bronze,tokenised,SYNTHETIC_PUBLIC_SAFE
B-01684,11,6,SITE-009,62.77,bronze,tokenised,SYNTHETIC_PUBLIC_SAFE
B-01685,11,8,SITE-009,91.55,bronze,tokenised,SYNTHETIC_PUBLIC_SAFE
B-01686,11,10,SITE-009,65.89,bronze,tokenised,SYNTHETIC_PUBLIC_SAFE
B-01687,11,12,SITE-009,64.62,bronze,tokenised,SYNTHETIC_PUBLIC_SAFE
B-01688,11,14,SITE-009,42.4,bronze,tokenised,SYNTHETIC_PUBLIC_SAFE
B-01689,11,16,SITE-009,86.87,bronze,tokenised,SYNTHETIC_PUBLIC_SAFE
B-01690,11,18,SITE-009,41.0,bronze,tokenised,SYNTHETIC_PUBLIC_SAFE
B-01691,11,20,SITE-009,87.79,bronze,tokenised,SYNTHETIC_PUBLIC_SAFE
B-01692,11,22,SITE-009,71.14,bronze,tokenised,SYNTHETIC_PUBLIC_SAFE
B-01693,11,0,SITE-010,51.82,bronze,tokenised,SYNTHETIC_PUBLIC_SAFE
B-01694,11,2,SITE-010,58.85,bronze,tokenised,SYNTHETIC_PUBLIC_SAFE
B-01695,11,4,SITE-010,50.3,bronze,tokenised,SYNTHETIC_PUBLIC_SAFE
B-01696,11,6,SITE-010,47.73,bronze,tokenised,SYNTHETIC_PUBLIC_SAFE
B-01697,11,8,SITE-010,62.29,bronze,tokenised,SYNTHETIC_PUBLIC_SAFE
B-01698,11,10,SITE-010,71.78,bronze,tokenised,SYNTHETIC_PUBLIC_SAFE
B-01699,11,12,SITE-010,92.45,bronze,tokenised,SYNTHETIC_PUBLIC_SAFE
B-01700,11,14,SITE-010,64.56,bronze,tokenised,SYNTHETIC_PUBLIC_SAFE
B-01701,11,16,SITE-010,96.65,bronze,tokenised,SYNTHETIC_PUBLIC_SAFE
B-01702,11,18,SITE-010,69.43,bronze,tokenised,SYNTHETIC_PUBLIC_SAFE
B-01703,11,20,SITE-010,60.03,bronze,tokenised,SYNTHETIC_PUBLIC_SAFE
B-01704,11,22,SITE-010,84.6,bronze,tokenised,SYNTHETIC_PUBLIC_SAFE
B-01705,11,0,SITE-011,50.15,bronze,tokenised,SYNTHETIC_PUBLIC_SAFE
B-01706,11,2,SITE-011,59.54,bronze,tokenised,SYNTHETIC_PUBLIC_SAFE
B-01707,11,4,SITE-011,57.59,bronze,tokenised,SYNTHETIC_PUBLIC_SAFE
B-01708,11,6,SITE-011,94.57,bronze,tokenised,SYNTHETIC_PUBLIC_SAFE
B-01709,11,8,SITE-011,56.74,bronze,tokenised,SYNTHETIC_PUBLIC_SAFE
B-01710,11,10,SITE-011,82.63,bronze,tokenised,SYNTHETIC_PUBLIC_SAFE
B-01711,11,12,SITE-011,49.87,bronze,tokenised,SYNTHETIC_PUBLIC_SAFE
B-01712,11,14,SITE-011,54.17,bronze,tokenised,SYNTHETIC_PUBLIC_SAFE
B-01713,11,16,SITE-011,91.06,bronze,tokenised,SYNTHETIC_PUBLIC_SAFE
B-01714,11,18,SITE-011,60.16,bronze,tokenised,SYNTHETIC_PUBLIC_SAFE
B-01715,11,20,SITE-011,94.01,bronze,tokenised,SYNTHETIC_PUBLIC_SAFE
B-01716,11,22,SITE-011,53.11,bronze,tokenised,SYNTHETIC_PUBLIC_SAFE
B-01717,11,0,SITE-012,63.16,bronze,tokenised,SYNTHETIC_PUBLIC_SAFE
B-01718,11,2,SITE-012,77.96,bronze,tokenised,SYNTHETIC_PUBLIC_SAFE
B-01719,11,4,SITE-012,96.36,bronze,tokenised,SYNTHETIC_PUBLIC_SAFE
B-01720,11,6,SITE-012,48.17,bronze,tokenised,SYNTHETIC_PUBLIC_SAFE
B-01721,11,8,SITE-012,58.3,bronze,tokenised,SYNTHETIC_PUBLIC_SAFE
B-01722,11,10,SITE-012,92.32,bronze,tokenised,SYNTHETIC_PUBLIC_SAFE
B-01723,11,12,SITE-012,69.05,bronze,tokenised,SYNTHETIC_PUBLIC_SAFE
B-01724,11,14,SITE-012,56.24,bronze,tokenised,SYNTHETIC_PUBLIC_SAFE
B-01725,11,16,SITE-012,91.17,bronze,tokenised,SYNTHETIC_PUBLIC_SAFE
B-01726,11,18,SITE-012,94.59,bronze,tokenised,SYNTHETIC_PUBLIC_SAFE
B-01727,11,20,SITE-012,78.79,bronze,tokenised,SYNTHETIC_PUBLIC_SAFE
B-01728,11,22,SITE-012,92.61,bronze,tokenised,SYNTHETIC_PUBLIC_SAFE
B-01729,12,0,SITE-001,54.89,bronze,tokenised,SYNTHETIC_PUBLIC_SAFE
B-01730,12,2,SITE-001,73.61,bronze,tokenised,SYNTHETIC_PUBLIC_SAFE
B-01731,12,4,SITE-001,41.84,bronze,tokenised,SYNTHETIC_PUBLIC_SAFE
B-01732,12,6,SITE-001,42.37,bronze,tokenised,SYNTHETIC_PUBLIC_SAFE
B-01733,12,8,SITE-001,81.49,bronze,tokenised,SYNTHETIC_PUBLIC_SAFE
B-01734,12,10,SITE-001,67.01,bronze,tokenised,SYNTHETIC_PUBLIC_SAFE
B-01735,12,12,SITE-001,68.61,bronze,tokenised,SYNTHETIC_PUBLIC_SAFE
B-01736,12,14,SITE-001,84.16,bronze,tokenised,SYNTHETIC_PUBLIC_SAFE
B-01737,12,16,SITE-001,47.77,bronze,tokenised,SYNTHETIC_PUBLIC_SAFE
B-01738,12,18,SITE-001,72.23,bronze,tokenised,SYNTHETIC_PUBLIC_SAFE
B-01739,12,20,SITE-001,87.33,bronze,tokenised,SYNTHETIC_PUBLIC_SAFE
B-01740,12,22,SITE-001,60.5,bronze,tokenised,SYNTHETIC_PUBLIC_SAFE
B-01741,12,0,SITE-002,61.74,bronze,tokenised,SYNTHETIC_PUBLIC_SAFE
B-01742,12,2,SITE-002,71.79,bronze,tokenised,SYNTHETIC_PUBLIC_SAFE
B-01743,12,4,SITE-002,90.51,bronze,tokenised,SYNTHETIC_PUBLIC_SAFE
B-01744,12,6,SITE-002,88.18,bronze,tokenised,SYNTHETIC_PUBLIC_SAFE
B-01745,12,8,SITE-002,94.55,bronze,tokenised,SYNTHETIC_PUBLIC_SAFE
B-01746,12,10,SITE-002,73.26,bronze,tokenised,SYNTHETIC_PUBLIC_SAFE
B-01747,12,12,SITE-002,41.33,bronze,tokenised,SYNTHETIC_PUBLIC_SAFE
B-01748,12,14,SITE-002,51.72,bronze,tokenised,SYNTHETIC_PUBLIC_SAFE
B-01749,12,16,SITE-002,85.0,bronze,tokenised,SYNTHETIC_PUBLIC_SAFE
B-01750,12,18,SITE-002,74.51,bronze,tokenised,SYNTHETIC_PUBLIC_SAFE
B-01751,12,20,SITE-002,47.62,bronze,tokenised,SYNTHETIC_PUBLIC_SAFE
B-01752,12,22,SITE-002,78.22,bronze,tokenised,SYNTHETIC_PUBLIC_SAFE
B-01753,12,0,SITE-003,75.58,bronze,tokenised,SYNTHETIC_PUBLIC_SAFE
B-01754,12,2,SITE-003,82.58,bronze,tokenised,SYNTHETIC_PUBLIC_SAFE
B-01755,12,4,SITE-003,79.84,bronze,tokenised,SYNTHETIC_PUBLIC_SAFE
B-01756,12,6,SITE-003,57.1,bronze,tokenised,SYNTHETIC_PUBLIC_SAFE
B-01757,12,8,SITE-003,53.09,bronze,tokenised,SYNTHETIC_PUBLIC_SAFE
B-01758,12,10,SITE-003,76.83,bronze,tokenised,SYNTHETIC_PUBLIC_SAFE
B-01759,12,12,SITE-003,47.07,bronze,tokenised,SYNTHETIC_PUBLIC_SAFE
B-01760,12,14,SITE-003,52.16,bronze,tokenised,SYNTHETIC_PUBLIC_SAFE
B-01761,12,16,SITE-003,76.46,bronze,tokenised,SYNTHETIC_PUBLIC_SAFE
B-01762,12,18,SITE-003,72.83,bronze,tokenised,SYNTHETIC_PUBLIC_SAFE
B-01763,12,20,SITE-003,79.37,bronze,tokenised,SYNTHETIC_PUBLIC_SAFE
B-01764,12,22,SITE-003,86.83,bronze,tokenised,SYNTHETIC_PUBLIC_SAFE
B-01765,12,0,SITE-004,55.0,bronze,tokenised,SYNTHETIC_PUBLIC_SAFE
B-01766,12,2,SITE-004,64.73,bronze,tokenised,SYNTHETIC_PUBLIC_SAFE
B-01767,12,4,SITE-004,90.44,bronze,tokenised,SYNTHETIC_PUBLIC_SAFE
B-01768,12,6,SITE-004,61.95,bronze,tokenised,SYNTHETIC_PUBLIC_SAFE
B-01769,12,8,SITE-004,54.52,bronze,tokenised,SYNTHETIC_PUBLIC_SAFE
B-01770,12,10,SITE-004,68.98,bronze,tokenised,SYNTHETIC_PUBLIC_SAFE
B-01771,12,12,SITE-004,93.79,bronze,tokenised,SYNTHETIC_PUBLIC_SAFE
B-01772,12,14,SITE-004,63.16,bronze,tokenised,SYNTHETIC_PUBLIC_SAFE
B-01773,12,16,SITE-004,53.31,bronze,tokenised,SYNTHETIC_PUBLIC_SAFE
B-01774,12,18,SITE-004,78.1,bronze,tokenised,SYNTHETIC_PUBLIC_SAFE
B-01775,12,20,SITE-004,71.41,bronze,tokenised,SYNTHETIC_PUBLIC_SAFE
B-01776,12,22,SITE-004,55.64,bronze,tokenised,SYNTHETIC_PUBLIC_SAFE
B-01777,12,0,SITE-005,60.53,bronze,tokenised,SYNTHETIC_PUBLIC_SAFE
B-01778,12,2,SITE-005,44.19,bronze,tokenised,SYNTHETIC_PUBLIC_SAFE
B-01779,12,4,SITE-005,50.17,bronze,tokenised,SYNTHETIC_PUBLIC_SAFE
B-01780,12,6,SITE-005,87.41,bronze,tokenised,SYNTHETIC_PUBLIC_SAFE
B-01781,12,8,SITE-005,93.51,bronze,tokenised,SYNTHETIC_PUBLIC_SAFE
B-01782,12,10,SITE-005,76.8,bronze,tokenised,SYNTHETIC_PUBLIC_SAFE
B-01783,12,12,SITE-005,56.63,bronze,tokenised,SYNTHETIC_PUBLIC_SAFE
B-01784,12,14,SITE-005,51.98,bronze,tokenised,SYNTHETIC_PUBLIC_SAFE
B-01785,12,16,SITE-005,86.43,bronze,tokenised,SYNTHETIC_PUBLIC_SAFE
B-01786,12,18,SITE-005,41.83,bronze,tokenised,SYNTHETIC_PUBLIC_SAFE
B-01787,12,20,SITE-005,89.13,bronze,tokenised,SYNTHETIC_PUBLIC_SAFE
B-01788,12,22,SITE-005,42.6,bronze,tokenised,SYNTHETIC_PUBLIC_SAFE
B-01789,12,0,SITE-006,86.8,bronze,tokenised,SYNTHETIC_PUBLIC_SAFE
B-01790,12,2,SITE-006,92.79,bronze,tokenised,SYNTHETIC_PUBLIC_SAFE
B-01791,12,4,SITE-006,56.07,bronze,tokenised,SYNTHETIC_PUBLIC_SAFE
B-01792,12,6,SITE-006,72.88,bronze,tokenised,SYNTHETIC_PUBLIC_SAFE
B-01793,12,8,SITE-006,53.72,bronze,tokenised,SYNTHETIC_PUBLIC_SAFE
B-01794,12,10,SITE-006,80.54,bronze,tokenised,SYNTHETIC_PUBLIC_SAFE
B-01795,12,12,SITE-006,78.42,bronze,tokenised,SYNTHETIC_PUBLIC_SAFE
B-01796,12,14,SITE-006,72.21,bronze,tokenised,SYNTHETIC_PUBLIC_SAFE
B-01797,12,16,SITE-006,41.08,bronze,tokenised,SYNTHETIC_PUBLIC_SAFE
B-01798,12,18,SITE-006,54.01,bronze,tokenised,SYNTHETIC_PUBLIC_SAFE
B-01799,12,20,SITE-006,75.29,bronze,tokenised,SYNTHETIC_PUBLIC_SAFE
B-01800,12,22,SITE-006,82.09,bronze,tokenised,SYNTHETIC_PUBLIC_SAFE
B-01801,12,0,SITE-007,47.01,bronze,tokenised,SYNTHETIC_PUBLIC_SAFE
B-01802,12,2,SITE-007,71.58,bronze,tokenised,SYNTHETIC_PUBLIC_SAFE
B-01803,12,4,SITE-007,94.08,bronze,tokenised,SYNTHETIC_PUBLIC_SAFE
B-01804,12,6,SITE-007,85.06,bronze,tokenised,SYNTHETIC_PUBLIC_SAFE
B-01805,12,8,SITE-007,63.16,bronze,tokenised,SYNTHETIC_PUBLIC_SAFE
B-01806,12,10,SITE-007,66.28,bronze,tokenised,SYNTHETIC_PUBLIC_SAFE
B-01807,12,12,SITE-007,79.3,bronze,tokenised,SYNTHETIC_PUBLIC_SAFE
B-01808,12,14,SITE-007,82.13,bronze,tokenised,SYNTHETIC_PUBLIC_SAFE
B-01809,12,16,SITE-007,88.39,bronze,tokenised,SYNTHETIC_PUBLIC_SAFE
B-01810,12,18,SITE-007,56.1,bronze,tokenised,SYNTHETIC_PUBLIC_SAFE
B-01811,12,20,SITE-007,93.26,bronze,tokenised,SYNTHETIC_PUBLIC_SAFE
B-01812,12,22,SITE-007,90.71,bronze,tokenised,SYNTHETIC_PUBLIC_SAFE
B-01813,12,0,SITE-008,74.46,bronze,tokenised,SYNTHETIC_PUBLIC_SAFE
B-01814,12,2,SITE-008,61.62,bronze,tokenised,SYNTHETIC_PUBLIC_SAFE
B-01815,12,4,SITE-008,62.24,bronze,tokenised,SYNTHETIC_PUBLIC_SAFE
B-01816,12,6,SITE-008,57.83,bronze,tokenised,SYNTHETIC_PUBLIC_SAFE
B-01817,12,8,SITE-008,85.56,bronze,tokenised,SYNTHETIC_PUBLIC_SAFE
B-01818,12,10,SITE-008,54.18,bronze,tokenised,SYNTHETIC_PUBLIC_SAFE
B-01819,12,12,SITE-008,87.37,bronze,tokenised,SYNTHETIC_PUBLIC_SAFE
B-01820,12,14,SITE-008,47.28,bronze,tokenised,SYNTHETIC_PUBLIC_SAFE
B-01821,12,16,SITE-008,55.33,bronze,tokenised,SYNTHETIC_PUBLIC_SAFE
B-01822,12,18,SITE-008,75.23,bronze,tokenised,SYNTHETIC_PUBLIC_SAFE
B-01823,12,20,SITE-008,64.27,bronze,tokenised,SYNTHETIC_PUBLIC_SAFE
B-01824,12,22,SITE-008,86.09,bronze,tokenised,SYNTHETIC_PUBLIC_SAFE
B-01825,12,0,SITE-009,79.21,bronze,tokenised,SYNTHETIC_PUBLIC_SAFE
B-01826,12,2,SITE-009,42.16,bronze,tokenised,SYNTHETIC_PUBLIC_SAFE
B-01827,12,4,SITE-009,74.08,bronze,tokenised,SYNTHETIC_PUBLIC_SAFE
B-01828,12,6,SITE-009,40.74,bronze,tokenised,SYNTHETIC_PUBLIC_SAFE
B-01829,12,8,SITE-009,79.17,bronze,tokenised,SYNTHETIC_PUBLIC_SAFE
B-01830,12,10,SITE-009,58.22,bronze,tokenised,SYNTHETIC_PUBLIC_SAFE
B-01831,12,12,SITE-009,89.11,bronze,tokenised,SYNTHETIC_PUBLIC_SAFE
B-01832,12,14,SITE-009,56.22,bronze,tokenised,SYNTHETIC_PUBLIC_SAFE
B-01833,12,16,SITE-009,52.5,bronze,tokenised,SYNTHETIC_PUBLIC_SAFE
B-01834,12,18,SITE-009,53.88,bronze,tokenised,SYNTHETIC_PUBLIC_SAFE
B-01835,12,20,SITE-009,84.76,bronze,tokenised,SYNTHETIC_PUBLIC_SAFE
B-01836,12,22,SITE-009,74.9,bronze,tokenised,SYNTHETIC_PUBLIC_SAFE
B-01837,12,0,SITE-010,93.22,bronze,tokenised,SYNTHETIC_PUBLIC_SAFE
B-01838,12,2,SITE-010,88.28,bronze,tokenised,SYNTHETIC_PUBLIC_SAFE
B-01839,12,4,SITE-010,44.79,bronze,tokenised,SYNTHETIC_PUBLIC_SAFE
B-01840,12,6,SITE-010,80.14,bronze,tokenised,SYNTHETIC_PUBLIC_SAFE
B-01841,12,8,SITE-010,68.31,bronze,tokenised,SYNTHETIC_PUBLIC_SAFE
B-01842,12,10,SITE-010,52.44,bronze,tokenised,SYNTHETIC_PUBLIC_SAFE
B-01843,12,12,SITE-010,90.17,bronze,tokenised,SYNTHETIC_PUBLIC_SAFE
B-01844,12,14,SITE-010,51.95,bronze,tokenised,SYNTHETIC_PUBLIC_SAFE
B-01845,12,16,SITE-010,79.67,bronze,tokenised,SYNTHETIC_PUBLIC_SAFE
B-01846,12,18,SITE-010,102.05,bronze,tokenised,SYNTHETIC_PUBLIC_SAFE
B-01847,12,20,SITE-010,73.81,bronze,tokenised,SYNTHETIC_PUBLIC_SAFE
B-01848,12,22,SITE-010,72.6,bronze,tokenised,SYNTHETIC_PUBLIC_SAFE
B-01849,12,0,SITE-011,77.07,bronze,tokenised,SYNTHETIC_PUBLIC_SAFE
B-01850,12,2,SITE-011,73.69,bronze,tokenised,SYNTHETIC_PUBLIC_SAFE
B-01851,12,4,SITE-011,80.21,bronze,tokenised,SYNTHETIC_PUBLIC_SAFE
B-01852,12,6,SITE-011,62.71,bronze,tokenised,SYNTHETIC_PUBLIC_SAFE
B-01853,12,8,SITE-011,57.56,bronze,tokenised,SYNTHETIC_PUBLIC_SAFE
B-01854,12,10,SITE-011,51.45,bronze,tokenised,SYNTHETIC_PUBLIC_SAFE
B-01855,12,12,SITE-011,51.46,bronze,tokenised,SYNTHETIC_PUBLIC_SAFE
B-01856,12,14,SITE-011,65.68,bronze,tokenised,SYNTHETIC_PUBLIC_SAFE
B-01857,12,16,SITE-011,71.33,bronze,tokenised,SYNTHETIC_PUBLIC_SAFE
B-01858,12,18,SITE-011,42.03,bronze,tokenised,SYNTHETIC_PUBLIC_SAFE
B-01859,12,20,SITE-011,86.35,bronze,tokenised,SYNTHETIC_PUBLIC_SAFE
B-01860,12,22,SITE-011,53.83,bronze,tokenised,SYNTHETIC_PUBLIC_SAFE
B-01861,12,0,SITE-012,48.85,bronze,tokenised,SYNTHETIC_PUBLIC_SAFE
B-01862,12,2,SITE-012,57.36,bronze,tokenised,SYNTHETIC_PUBLIC_SAFE
B-01863,12,4,SITE-012,93.55,bronze,tokenised,SYNTHETIC_PUBLIC_SAFE
B-01864,12,6,SITE-012,40.19,bronze,tokenised,SYNTHETIC_PUBLIC_SAFE
B-01865,12,8,SITE-012,72.36,bronze,tokenised,SYNTHETIC_PUBLIC_SAFE
B-01866,12,10,SITE-012,64.75,bronze,tokenised,SYNTHETIC_PUBLIC_SAFE
B-01867,12,12,SITE-012,54.21,bronze,tokenised,SYNTHETIC_PUBLIC_SAFE
B-01868,12,14,SITE-012,48.05,bronze,tokenised,SYNTHETIC_PUBLIC_SAFE
B-01869,12,16,SITE-012,53.25,bronze,tokenised,SYNTHETIC_PUBLIC_SAFE
B-01870,12,18,SITE-012,77.97,bronze,tokenised,SYNTHETIC_PUBLIC_SAFE
B-01871,12,20,SITE-012,65.14,bronze,tokenised,SYNTHETIC_PUBLIC_SAFE
B-01872,12,22,SITE-012,52.26,bronze,tokenised,SYNTHETIC_PUBLIC_SAFE
B-01873,13,0,SITE-001,70.78,bronze,tokenised,SYNTHETIC_PUBLIC_SAFE
B-01874,13,2,SITE-001,41.38,bronze,tokenised,SYNTHETIC_PUBLIC_SAFE
B-01875,13,4,SITE-001,50.91,bronze,tokenised,SYNTHETIC_PUBLIC_SAFE
B-01876,13,6,SITE-001,67.05,bronze,tokenised,SYNTHETIC_PUBLIC_SAFE
B-01877,13,8,SITE-001,48.79,bronze,tokenised,SYNTHETIC_PUBLIC_SAFE
B-01878,13,10,SITE-001,70.39,bronze,tokenised,SYNTHETIC_PUBLIC_SAFE
B-01879,13,12,SITE-001,51.14,bronze,tokenised,SYNTHETIC_PUBLIC_SAFE
B-01880,13,14,SITE-001,82.91,bronze,tokenised,SYNTHETIC_PUBLIC_SAFE
B-01881,13,16,SITE-001,80.94,bronze,tokenised,SYNTHETIC_PUBLIC_SAFE
B-01882,13,18,SITE-001,48.25,bronze,tokenised,SYNTHETIC_PUBLIC_SAFE
B-01883,13,20,SITE-001,73.32,bronze,tokenised,SYNTHETIC_PUBLIC_SAFE
B-01884,13,22,SITE-001,55.61,bronze,tokenised,SYNTHETIC_PUBLIC_SAFE
B-01885,13,0,SITE-002,73.03,bronze,tokenised,SYNTHETIC_PUBLIC_SAFE
B-01886,13,2,SITE-002,69.54,bronze,tokenised,SYNTHETIC_PUBLIC_SAFE
B-01887,13,4,SITE-002,57.9,bronze,tokenised,SYNTHETIC_PUBLIC_SAFE
B-01888,13,6,SITE-002,91.65,bronze,tokenised,SYNTHETIC_PUBLIC_SAFE
B-01889,13,8,SITE-002,52.67,bronze,tokenised,SYNTHETIC_PUBLIC_SAFE
B-01890,13,10,SITE-002,41.92,bronze,tokenised,SYNTHETIC_PUBLIC_SAFE
B-01891,13,12,SITE-002,43.43,bronze,tokenised,SYNTHETIC_PUBLIC_SAFE
B-01892,13,14,SITE-002,75.79,bronze,tokenised,SYNTHETIC_PUBLIC_SAFE
B-01893,13,16,SITE-002,56.25,bronze,tokenised,SYNTHETIC_PUBLIC_SAFE
B-01894,13,18,SITE-002,72.64,bronze,tokenised,SYNTHETIC_PUBLIC_SAFE
B-01895,13,20,SITE-002,93.65,bronze,tokenised,SYNTHETIC_PUBLIC_SAFE
B-01896,13,22,SITE-002,40.07,bronze,tokenised,SYNTHETIC_PUBLIC_SAFE
B-01897,13,0,SITE-003,52.36,bronze,tokenised,SYNTHETIC_PUBLIC_SAFE
B-01898,13,2,SITE-003,42.57,bronze,tokenised,SYNTHETIC_PUBLIC_SAFE
B-01899,13,4,SITE-003,78.21,bronze,tokenised,SYNTHETIC_PUBLIC_SAFE
B-01900,13,6,SITE-003,46.25,bronze,tokenised,SYNTHETIC_PUBLIC_SAFE
B-01901,13,8,SITE-003,91.35,bronze,tokenised,SYNTHETIC_PUBLIC_SAFE
B-01902,13,10,SITE-003,60.02,bronze,tokenised,SYNTHETIC_PUBLIC_SAFE
B-01903,13,12,SITE-003,85.57,bronze,tokenised,SYNTHETIC_PUBLIC_SAFE
B-01904,13,14,SITE-003,43.83,bronze,tokenised,SYNTHETIC_PUBLIC_SAFE
B-01905,13,16,SITE-003,65.28,bronze,tokenised,SYNTHETIC_PUBLIC_SAFE
B-01906,13,18,SITE-003,62.59,bronze,tokenised,SYNTHETIC_PUBLIC_SAFE
B-01907,13,20,SITE-003,70.21,bronze,tokenised,SYNTHETIC_PUBLIC_SAFE
B-01908,13,22,SITE-003,52.35,bronze,tokenised,SYNTHETIC_PUBLIC_SAFE
B-01909,13,0,SITE-004,67.78,bronze,tokenised,SYNTHETIC_PUBLIC_SAFE
B-01910,13,2,SITE-004,86.88,bronze,tokenised,SYNTHETIC_PUBLIC_SAFE
B-01911,13,4,SITE-004,49.08,bronze,tokenised,SYNTHETIC_PUBLIC_SAFE
B-01912,13,6,SITE-004,48.64,bronze,tokenised,SYNTHETIC_PUBLIC_SAFE
B-01913,13,8,SITE-004,61.68,bronze,tokenised,SYNTHETIC_PUBLIC_SAFE
B-01914,13,10,SITE-004,69.59,bronze,tokenised,SYNTHETIC_PUBLIC_SAFE
B-01915,13,12,SITE-004,74.46,bronze,tokenised,SYNTHETIC_PUBLIC_SAFE
B-01916,13,14,SITE-004,57.55,bronze,tokenised,SYNTHETIC_PUBLIC_SAFE
B-01917,13,16,SITE-004,53.1,bronze,tokenised,SYNTHETIC_PUBLIC_SAFE
B-01918,13,18,SITE-004,58.67,bronze,tokenised,SYNTHETIC_PUBLIC_SAFE
B-01919,13,20,SITE-004,86.78,bronze,tokenised,SYNTHETIC_PUBLIC_SAFE
B-01920,13,22,SITE-004,77.8,bronze,tokenised,SYNTHETIC_PUBLIC_SAFE
B-01921,13,0,SITE-005,90.65,bronze,tokenised,SYNTHETIC_PUBLIC_SAFE
B-01922,13,2,SITE-005,49.81,bronze,tokenised,SYNTHETIC_PUBLIC_SAFE
B-01923,13,4,SITE-005,56.1,bronze,tokenised,SYNTHETIC_PUBLIC_SAFE
B-01924,13,6,SITE-005,69.91,bronze,tokenised,SYNTHETIC_PUBLIC_SAFE
B-01925,13,8,SITE-005,69.85,bronze,tokenised,SYNTHETIC_PUBLIC_SAFE
B-01926,13,10,SITE-005,76.66,bronze,tokenised,SYNTHETIC_PUBLIC_SAFE
B-01927,13,12,SITE-005,60.71,bronze,tokenised,SYNTHETIC_PUBLIC_SAFE
B-01928,13,14,SITE-005,59.59,bronze,tokenised,SYNTHETIC_PUBLIC_SAFE
B-01929,13,16,SITE-005,55.22,bronze,tokenised,SYNTHETIC_PUBLIC_SAFE
B-01930,13,18,SITE-005,53.29,bronze,tokenised,SYNTHETIC_PUBLIC_SAFE
B-01931,13,20,SITE-005,81.67,bronze,tokenised,SYNTHETIC_PUBLIC_SAFE
B-01932,13,22,SITE-005,55.73,bronze,tokenised,SYNTHETIC_PUBLIC_SAFE
B-01933,13,0,SITE-006,67.53,bronze,tokenised,SYNTHETIC_PUBLIC_SAFE
B-01934,13,2,SITE-006,80.65,bronze,tokenised,SYNTHETIC_PUBLIC_SAFE
B-01935,13,4,SITE-006,67.14,bronze,tokenised,SYNTHETIC_PUBLIC_SAFE
B-01936,13,6,SITE-006,41.77,bronze,tokenised,SYNTHETIC_PUBLIC_SAFE
B-01937,13,8,SITE-006,85.41,bronze,tokenised,SYNTHETIC_PUBLIC_SAFE
B-01938,13,10,SITE-006,54.23,bronze,tokenised,SYNTHETIC_PUBLIC_SAFE
B-01939,13,12,SITE-006,54.76,bronze,tokenised,SYNTHETIC_PUBLIC_SAFE
B-01940,13,14,SITE-006,65.45,bronze,tokenised,SYNTHETIC_PUBLIC_SAFE
B-01941,13,16,SITE-006,48.58,bronze,tokenised,SYNTHETIC_PUBLIC_SAFE
B-01942,13,18,SITE-006,75.3,bronze,tokenised,SYNTHETIC_PUBLIC_SAFE
B-01943,13,20,SITE-006,57.78,bronze,tokenised,SYNTHETIC_PUBLIC_SAFE
B-01944,13,22,SITE-006,90.52,bronze,tokenised,SYNTHETIC_PUBLIC_SAFE
B-01945,13,0,SITE-007,54.44,bronze,tokenised,SYNTHETIC_PUBLIC_SAFE
B-01946,13,2,SITE-007,68.18,bronze,tokenised,SYNTHETIC_PUBLIC_SAFE
B-01947,13,4,SITE-007,46.67,bronze,tokenised,SYNTHETIC_PUBLIC_SAFE
B-01948,13,6,SITE-007,62.68,bronze,tokenised,SYNTHETIC_PUBLIC_SAFE
B-01949,13,8,SITE-007,87.64,bronze,tokenised,SYNTHETIC_PUBLIC_SAFE
B-01950,13,10,SITE-007,45.25,bronze,tokenised,SYNTHETIC_PUBLIC_SAFE
B-01951,13,12,SITE-007,79.75,bronze,tokenised,SYNTHETIC_PUBLIC_SAFE
B-01952,13,14,SITE-007,65.93,bronze,tokenised,SYNTHETIC_PUBLIC_SAFE
B-01953,13,16,SITE-007,84.51,bronze,tokenised,SYNTHETIC_PUBLIC_SAFE
B-01954,13,18,SITE-007,41.68,bronze,tokenised,SYNTHETIC_PUBLIC_SAFE
B-01955,13,20,SITE-007,55.72,bronze,tokenised,SYNTHETIC_PUBLIC_SAFE
B-01956,13,22,SITE-007,48.49,bronze,tokenised,SYNTHETIC_PUBLIC_SAFE
B-01957,13,0,SITE-008,46.98,bronze,tokenised,SYNTHETIC_PUBLIC_SAFE
B-01958,13,2,SITE-008,41.17,bronze,tokenised,SYNTHETIC_PUBLIC_SAFE
B-01959,13,4,SITE-008,45.89,bronze,tokenised,SYNTHETIC_PUBLIC_SAFE
B-01960,13,6,SITE-008,71.93,bronze,tokenised,SYNTHETIC_PUBLIC_SAFE
B-01961,13,8,SITE-008,53.28,bronze,tokenised,SYNTHETIC_PUBLIC_SAFE
B-01962,13,10,SITE-008,70.91,bronze,tokenised,SYNTHETIC_PUBLIC_SAFE
B-01963,13,12,SITE-008,53.58,bronze,tokenised,SYNTHETIC_PUBLIC_SAFE
B-01964,13,14,SITE-008,79.97,bronze,tokenised,SYNTHETIC_PUBLIC_SAFE
B-01965,13,16,SITE-008,84.56,bronze,tokenised,SYNTHETIC_PUBLIC_SAFE
B-01966,13,18,SITE-008,77.01,bronze,tokenised,SYNTHETIC_PUBLIC_SAFE
B-01967,13,20,SITE-008,81.47,bronze,tokenised,SYNTHETIC_PUBLIC_SAFE
B-01968,13,22,SITE-008,41.97,bronze,tokenised,SYNTHETIC_PUBLIC_SAFE
B-01969,13,0,SITE-009,83.58,bronze,tokenised,SYNTHETIC_PUBLIC_SAFE
B-01970,13,2,SITE-009,78.42,bronze,tokenised,SYNTHETIC_PUBLIC_SAFE
B-01971,13,4,SITE-009,46.45,bronze,tokenised,SYNTHETIC_PUBLIC_SAFE
B-01972,13,6,SITE-009,44.62,bronze,tokenised,SYNTHETIC_PUBLIC_SAFE
B-01973,13,8,SITE-009,70.02,bronze,tokenised,SYNTHETIC_PUBLIC_SAFE
B-01974,13,10,SITE-009,42.93,bronze,tokenised,SYNTHETIC_PUBLIC_SAFE
B-01975,13,12,SITE-009,84.56,bronze,tokenised,SYNTHETIC_PUBLIC_SAFE
B-01976,13,14,SITE-009,91.16,bronze,tokenised,SYNTHETIC_PUBLIC_SAFE
B-01977,13,16,SITE-009,70.69,bronze,tokenised,SYNTHETIC_PUBLIC_SAFE
B-01978,13,18,SITE-009,79.23,bronze,tokenised,SYNTHETIC_PUBLIC_SAFE
B-01979,13,20,SITE-009,65.05,bronze,tokenised,SYNTHETIC_PUBLIC_SAFE
B-01980,13,22,SITE-009,86.13,bronze,tokenised,SYNTHETIC_PUBLIC_SAFE
B-01981,13,0,SITE-010,46.15,bronze,tokenised,SYNTHETIC_PUBLIC_SAFE
B-01982,13,2,SITE-010,59.59,bronze,tokenised,SYNTHETIC_PUBLIC_SAFE
B-01983,13,4,SITE-010,49.76,bronze,tokenised,SYNTHETIC_PUBLIC_SAFE
B-01984,13,6,SITE-010,88.58,bronze,tokenised,SYNTHETIC_PUBLIC_SAFE
B-01985,13,8,SITE-010,90.49,bronze,tokenised,SYNTHETIC_PUBLIC_SAFE
B-01986,13,10,SITE-010,84.03,bronze,tokenised,SYNTHETIC_PUBLIC_SAFE
B-01987,13,12,SITE-010,47.1,bronze,tokenised,SYNTHETIC_PUBLIC_SAFE
B-01988,13,14,SITE-010,59.3,bronze,tokenised,SYNTHETIC_PUBLIC_SAFE
B-01989,13,16,SITE-010,48.21,bronze,tokenised,SYNTHETIC_PUBLIC_SAFE
B-01990,13,18,SITE-010,94.8,bronze,tokenised,SYNTHETIC_PUBLIC_SAFE
B-01991,13,20,SITE-010,77.23,bronze,tokenised,SYNTHETIC_PUBLIC_SAFE
B-01992,13,22,SITE-010,90.33,bronze,tokenised,SYNTHETIC_PUBLIC_SAFE
B-01993,13,0,SITE-011,66.29,bronze,tokenised,SYNTHETIC_PUBLIC_SAFE
B-01994,13,2,SITE-011,86.85,bronze,tokenised,SYNTHETIC_PUBLIC_SAFE
B-01995,13,4,SITE-011,60.52,bronze,tokenised,SYNTHETIC_PUBLIC_SAFE
B-01996,13,6,SITE-011,79.59,bronze,tokenised,SYNTHETIC_PUBLIC_SAFE
B-01997,13,8,SITE-011,85.88,bronze,tokenised,SYNTHETIC_PUBLIC_SAFE
B-01998,13,10,SITE-011,45.88,bronze,tokenised,SYNTHETIC_PUBLIC_SAFE
B-01999,13,12,SITE-011,79.05,bronze,tokenised,SYNTHETIC_PUBLIC_SAFE
B-02000,13,14,SITE-011,89.85,bronze,tokenised,SYNTHETIC_PUBLIC_SAFE
B-02001,13,16,SITE-011,47.76,bronze,tokenised,SYNTHETIC_PUBLIC_SAFE
B-02002,13,18,SITE-011,47.78,bronze,tokenised,SYNTHETIC_PUBLIC_SAFE
B-02003,13,20,SITE-011,57.71,bronze,tokenised,SYNTHETIC_PUBLIC_SAFE
B-02004,13,22,SITE-011,61.64,bronze,tokenised,SYNTHETIC_PUBLIC_SAFE
B-02005,13,0,SITE-012,54.78,bronze,tokenised,SYNTHETIC_PUBLIC_SAFE
B-02006,13,2,SITE-012,91.79,bronze,tokenised,SYNTHETIC_PUBLIC_SAFE
B-02007,13,4,SITE-012,72.9,bronze,tokenised,SYNTHETIC_PUBLIC_SAFE
B-02008,13,6,SITE-012,93.21,bronze,tokenised,SYNTHETIC_PUBLIC_SAFE
B-02009,13,8,SITE-012,69.68,bronze,tokenised,SYNTHETIC_PUBLIC_SAFE
B-02010,13,10,SITE-012,68.78,bronze,tokenised,SYNTHETIC_PUBLIC_SAFE
B-02011,13,12,SITE-012,56.19,bronze,tokenised,SYNTHETIC_PUBLIC_SAFE
B-02012,13,14,SITE-012,50.43,bronze,tokenised,SYNTHETIC_PUBLIC_SAFE
B-02013,13,16,SITE-012,87.91,bronze,tokenised,SYNTHETIC_PUBLIC_SAFE
B-02014,13,18,SITE-012,82.63,bronze,tokenised,SYNTHETIC_PUBLIC_SAFE
B-02015,13,20,SITE-012,40.21,bronze,tokenised,SYNTHETIC_PUBLIC_SAFE
B-02016,13,22,SITE-012,71.75,bronze,tokenised,SYNTHETIC_PUBLIC_SAFE
