event_id,day_index,hour,site_token,anomaly_score,is_anomaly,layer,dataset
G-00001,0,0,SITE-001,0,0,gold,SYNTHETIC_PUBLIC_SAFE
G-00002,0,2,SITE-001,0,0,gold,SYNTHETIC_PUBLIC_SAFE
G-00003,0,4,SITE-001,0,0,gold,SYNTHETIC_PUBLIC_SAFE
G-00004,0,6,SITE-001,0,0,gold,SYNTHETIC_PUBLIC_SAFE
G-00005,0,8,SITE-001,0,0,gold,SYNTHETIC_PUBLIC_SAFE
G-00006,0,10,SITE-001,0.427,0,gold,SYNTHETIC_PUBLIC_SAFE
G-00007,0,12,SITE-001,0,0,gold,SYNTHETIC_PUBLIC_SAFE
G-00008,0,14,SITE-001,0,0,gold,SYNTHETIC_PUBLIC_SAFE
G-00009,0,16,SITE-001,0,0,gold,SYNTHETIC_PUBLIC_SAFE
G-00010,0,18,SITE-001,0,0,gold,SYNTHETIC_PUBLIC_SAFE
G-00011,0,20,SITE-001,0.345,0,gold,SYNTHETIC_PUBLIC_SAFE
G-00012,0,22,SITE-001,0.216,0,gold,SYNTHETIC_PUBLIC_SAFE
G-00013,0,0,SITE-002,0,0,gold,SYNTHETIC_PUBLIC_SAFE
G-00014,0,2,SITE-002,0.597,0,gold,SYNTHETIC_PUBLIC_SAFE
G-00015,0,4,SITE-002,0,0,gold,SYNTHETIC_PUBLIC_SAFE
G-00016,0,6,SITE-002,0,0,gold,SYNTHETIC_PUBLIC_SAFE
G-00017,0,8,SITE-002,0,0,gold,SYNTHETIC_PUBLIC_SAFE
G-00018,0,10,SITE-002,0,0,gold,SYNTHETIC_PUBLIC_SAFE
G-00019,0,12,SITE-002,0,0,gold,SYNTHETIC_PUBLIC_SAFE
G-00020,0,14,SITE-002,0,0,gold,SYNTHETIC_PUBLIC_SAFE
G-00021,0,16,SITE-002,0,0,gold,SYNTHETIC_PUBLIC_SAFE
G-00022,0,18,SITE-002,0.084,0,gold,SYNTHETIC_PUBLIC_SAFE
G-00023,0,20,SITE-002,0,0,gold,SYNTHETIC_PUBLIC_SAFE
G-00024,0,22,SITE-002,0.465,0,gold,SYNTHETIC_PUBLIC_SAFE
G-00025,0,0,SITE-003,0.514,0,gold,SYNTHETIC_PUBLIC_SAFE
G-00026,0,2,SITE-003,0.174,0,gold,SYNTHETIC_PUBLIC_SAFE
G-00027,0,4,SITE-003,0,0,gold,SYNTHETIC_PUBLIC_SAFE
G-00028,0,6,SITE-003,0,0,gold,SYNTHETIC_PUBLIC_SAFE
G-00029,0,8,SITE-003,0.204,0,gold,SYNTHETIC_PUBLIC_SAFE
G-00030,0,10,SITE-003,0,0,gold,SYNTHETIC_PUBLIC_SAFE
G-00031,0,12,SITE-003,0.447,0,gold,SYNTHETIC_PUBLIC_SAFE
G-00032,0,14,SITE-003,0,0,gold,SYNTHETIC_PUBLIC_SAFE
G-00033,0,16,SITE-003,0,0,gold,SYNTHETIC_PUBLIC_SAFE
G-00034,0,18,SITE-003,0,0,gold,SYNTHETIC_PUBLIC_SAFE
G-00035,0,20,SITE-003,0,0,gold,SYNTHETIC_PUBLIC_SAFE
G-00036,0,22,SITE-003,0,0,gold,SYNTHETIC_PUBLIC_SAFE
G-00037,0,0,SITE-004,0,0,gold,SYNTHETIC_PUBLIC_SAFE
G-00038,0,2,SITE-004,0,0,gold,SYNTHETIC_PUBLIC_SAFE
G-00039,0,4,SITE-004,0,0,gold,SYNTHETIC_PUBLIC_SAFE
G-00040,0,6,SITE-004,0,0,gold,SYNTHETIC_PUBLIC_SAFE
G-00041,0,8,SITE-004,0,0,gold,SYNTHETIC_PUBLIC_SAFE
G-00042,0,10,SITE-004,0.176,0,gold,SYNTHETIC_PUBLIC_SAFE
G-00043,0,12,SITE-004,0,0,gold,SYNTHETIC_PUBLIC_SAFE
G-00044,0,14,SITE-004,0,0,gold,SYNTHETIC_PUBLIC_SAFE
G-00045,0,16,SITE-004,0,0,gold,SYNTHETIC_PUBLIC_SAFE
G-00046,0,18,SITE-004,0,0,gold,SYNTHETIC_PUBLIC_SAFE
G-00047,0,20,SITE-004,0,0,gold,SYNTHETIC_PUBLIC_SAFE
G-00048,0,22,SITE-004,0,0,gold,SYNTHETIC_PUBLIC_SAFE
G-00049,0,0,SITE-005,0,0,gold,SYNTHETIC_PUBLIC_SAFE
G-00050,0,2,SITE-005,0,0,gold,SYNTHETIC_PUBLIC_SAFE
G-00051,0,4,SITE-005,0,0,gold,SYNTHETIC_PUBLIC_SAFE
G-00052,0,6,SITE-005,0.205,0,gold,SYNTHETIC_PUBLIC_SAFE
G-00053,0,8,SITE-005,0,0,gold,SYNTHETIC_PUBLIC_SAFE
G-00054,0,10,SITE-005,0,0,gold,SYNTHETIC_PUBLIC_SAFE
G-00055,0,12,SITE-005,0.292,0,gold,SYNTHETIC_PUBLIC_SAFE
G-00056,0,14,SITE-005,0,0,gold,SYNTHETIC_PUBLIC_SAFE
G-00057,0,16,SITE-005,0,0,gold,SYNTHETIC_PUBLIC_SAFE
G-00058,0,18,SITE-005,0.595,0,gold,SYNTHETIC_PUBLIC_SAFE
G-00059,0,20,SITE-005,0,0,gold,SYNTHETIC_PUBLIC_SAFE
G-00060,0,22,SITE-005,0,0,gold,SYNTHETIC_PUBLIC_SAFE
G-00061,0,0,SITE-006,0.319,0,gold,SYNTHETIC_PUBLIC_SAFE
G-00062,0,2,SITE-006,0,0,gold,SYNTHETIC_PUBLIC_SAFE
G-00063,0,4,SITE-006,0,0,gold,SYNTHETIC_PUBLIC_SAFE
G-00064,0,6,SITE-006,0.182,0,gold,SYNTHETIC_PUBLIC_SAFE
G-00065,0,8,SITE-006,0.043,0,gold,SYNTHETIC_PUBLIC_SAFE
G-00066,0,10,SITE-006,0,0,gold,SYNTHETIC_PUBLIC_SAFE
G-00067,0,12,SITE-006,0,0,gold,SYNTHETIC_PUBLIC_SAFE
G-00068,0,14,SITE-006,0,0,gold,SYNTHETIC_PUBLIC_SAFE
G-00069,0,16,SITE-006,0.69,0,gold,SYNTHETIC_PUBLIC_SAFE
G-00070,0,18,SITE-006,0,0,gold,SYNTHETIC_PUBLIC_SAFE
G-00071,0,20,SITE-006,0,0,gold,SYNTHETIC_PUBLIC_SAFE
G-00072,0,22,SITE-006,0.616,0,gold,SYNTHETIC_PUBLIC_SAFE
G-00073,0,0,SITE-007,0,0,gold,SYNTHETIC_PUBLIC_SAFE
G-00074,0,2,SITE-007,0,0,gold,SYNTHETIC_PUBLIC_SAFE
G-00075,0,4,SITE-007,0,0,gold,SYNTHETIC_PUBLIC_SAFE
G-00076,0,6,SITE-007,0.196,0,gold,SYNTHETIC_PUBLIC_SAFE
G-00077,0,8,SITE-007,0,0,gold,SYNTHETIC_PUBLIC_SAFE
G-00078,0,10,SITE-007,0.4,0,gold,SYNTHETIC_PUBLIC_SAFE
G-00079,0,12,SITE-007,0,0,gold,SYNTHETIC_PUBLIC_SAFE
G-00080,0,14,SITE-007,0.048,0,gold,SYNTHETIC_PUBLIC_SAFE
G-00081,0,16,SITE-007,0.34,0,gold,SYNTHETIC_PUBLIC_SAFE
G-00082,0,18,SITE-007,0.249,0,gold,SYNTHETIC_PUBLIC_SAFE
G-00083,0,20,SITE-007,0,0,gold,SYNTHETIC_PUBLIC_SAFE
G-00084,0,22,SITE-007,0,0,gold,SYNTHETIC_PUBLIC_SAFE
G-00085,0,0,SITE-008,0,0,gold,SYNTHETIC_PUBLIC_SAFE
G-00086,0,2,SITE-008,0,0,gold,SYNTHETIC_PUBLIC_SAFE
G-00087,0,4,SITE-008,0.673,0,gold,SYNTHETIC_PUBLIC_SAFE
G-00088,0,6,SITE-008,0.118,0,gold,SYNTHETIC_PUBLIC_SAFE
G-00089,0,8,SITE-008,0,0,gold,SYNTHETIC_PUBLIC_SAFE
G-00090,0,10,SITE-008,0,0,gold,SYNTHETIC_PUBLIC_SAFE
G-00091,0,12,SITE-008,0,0,gold,SYNTHETIC_PUBLIC_SAFE
G-00092,0,14,SITE-008,0.055,0,gold,SYNTHETIC_PUBLIC_SAFE
G-00093,0,16,SITE-008,0,0,gold,SYNTHETIC_PUBLIC_SAFE
G-00094,0,18,SITE-008,0.623,0,gold,SYNTHETIC_PUBLIC_SAFE
G-00095,0,20,SITE-008,0,0,gold,SYNTHETIC_PUBLIC_SAFE
G-00096,0,22,SITE-008,0,0,gold,SYNTHETIC_PUBLIC_SAFE
G-00097,0,0,SITE-009,0.569,0,gold,SYNTHETIC_PUBLIC_SAFE
G-00098,0,2,SITE-009,0.235,0,gold,SYNTHETIC_PUBLIC_SAFE
G-00099,0,4,SITE-009,0,0,gold,SYNTHETIC_PUBLIC_SAFE
G-00100,0,6,SITE-009,0.222,0,gold,SYNTHETIC_PUBLIC_SAFE
G-00101,0,8,SITE-009,0,0,gold,SYNTHETIC_PUBLIC_SAFE
G-00102,0,10,SITE-009,0,0,gold,SYNTHETIC_PUBLIC_SAFE
G-00103,0,12,SITE-009,0.474,0,gold,SYNTHETIC_PUBLIC_SAFE
G-00104,0,14,SITE-009,0,0,gold,SYNTHETIC_PUBLIC_SAFE
G-00105,0,16,SITE-009,0,0,gold,SYNTHETIC_PUBLIC_SAFE
G-00106,0,18,SITE-009,0,0,gold,SYNTHETIC_PUBLIC_SAFE
G-00107,0,20,SITE-009,0,0,gold,SYNTHETIC_PUBLIC_SAFE
G-00108,0,22,SITE-009,0.139,0,gold,SYNTHETIC_PUBLIC_SAFE
G-00109,0,0,SITE-010,0,0,gold,SYNTHETIC_PUBLIC_SAFE
G-00110,0,2,SITE-010,0,0,gold,SYNTHETIC_PUBLIC_SAFE
G-00111,0,4,SITE-010,0.037,0,gold,SYNTHETIC_PUBLIC_SAFE
G-00112,0,6,SITE-010,0,0,gold,SYNTHETIC_PUBLIC_SAFE
G-00113,0,8,SITE-010,0,0,gold,SYNTHETIC_PUBLIC_SAFE
G-00114,0,10,SITE-010,0.417,0,gold,SYNTHETIC_PUBLIC_SAFE
G-00115,0,12,SITE-010,0.228,0,gold,SYNTHETIC_PUBLIC_SAFE
G-00116,0,14,SITE-010,0.353,0,gold,SYNTHETIC_PUBLIC_SAFE
G-00117,0,16,SITE-010,0,0,gold,SYNTHETIC_PUBLIC_SAFE
G-00118,0,18,SITE-010,0,0,gold,SYNTHETIC_PUBLIC_SAFE
G-00119,0,20,SITE-010,0,0,gold,SYNTHETIC_PUBLIC_SAFE
G-00120,0,22,SITE-010,0,0,gold,SYNTHETIC_PUBLIC_SAFE
G-00121,0,0,SITE-011,0,0,gold,SYNTHETIC_PUBLIC_SAFE
G-00122,0,2,SITE-011,0,0,gold,SYNTHETIC_PUBLIC_SAFE
G-00123,0,4,SITE-011,0.084,0,gold,SYNTHETIC_PUBLIC_SAFE
G-00124,0,6,SITE-011,0.77,1,gold,SYNTHETIC_PUBLIC_SAFE
G-00125,0,8,SITE-011,0,0,gold,SYNTHETIC_PUBLIC_SAFE
G-00126,0,10,SITE-011,0,0,gold,SYNTHETIC_PUBLIC_SAFE
G-00127,0,12,SITE-011,0,0,gold,SYNTHETIC_PUBLIC_SAFE
G-00128,0,14,SITE-011,0,0,gold,SYNTHETIC_PUBLIC_SAFE
G-00129,0,16,SITE-011,0,0,gold,SYNTHETIC_PUBLIC_SAFE
G-00130,0,18,SITE-011,0,0,gold,SYNTHETIC_PUBLIC_SAFE
G-00131,0,20,SITE-011,0,0,gold,SYNTHETIC_PUBLIC_SAFE
G-00132,0,22,SITE-011,0,0,gold,SYNTHETIC_PUBLIC_SAFE
G-00133,0,0,SITE-012,0,0,gold,SYNTHETIC_PUBLIC_SAFE
G-00134,0,2,SITE-012,0,0,gold,SYNTHETIC_PUBLIC_SAFE
G-00135,0,4,SITE-012,0,0,gold,SYNTHETIC_PUBLIC_SAFE
G-00136,0,6,SITE-012,0,0,gold,SYNTHETIC_PUBLIC_SAFE
G-00137,0,8,SITE-012,0,0,gold,SYNTHETIC_PUBLIC_SAFE
G-00138,0,10,SITE-012,0.495,0,gold,SYNTHETIC_PUBLIC_SAFE
G-00139,0,12,SITE-012,0.726,0,gold,SYNTHETIC_PUBLIC_SAFE
G-00140,0,14,SITE-012,0.02,0,gold,SYNTHETIC_PUBLIC_SAFE
G-00141,0,16,SITE-012,0,0,gold,SYNTHETIC_PUBLIC_SAFE
G-00142,0,18,SITE-012,0,0,gold,SYNTHETIC_PUBLIC_SAFE
G-00143,0,20,SITE-012,0.212,0,gold,SYNTHETIC_PUBLIC_SAFE
G-00144,0,22,SITE-012,0,0,gold,SYNTHETIC_PUBLIC_SAFE
G-00145,1,0,SITE-001,0,0,gold,SYNTHETIC_PUBLIC_SAFE
G-00146,1,2,SITE-001,0,0,gold,SYNTHETIC_PUBLIC_SAFE
G-00147,1,4,SITE-001,0,0,gold,SYNTHETIC_PUBLIC_SAFE
G-00148,1,6,SITE-001,0,0,gold,SYNTHETIC_PUBLIC_SAFE
G-00149,1,8,SITE-001,0,0,gold,SYNTHETIC_PUBLIC_SAFE
G-00150,1,10,SITE-001,0,0,gold,SYNTHETIC_PUBLIC_SAFE
G-00151,1,12,SITE-001,0.072,0,gold,SYNTHETIC_PUBLIC_SAFE
G-00152,1,14,SITE-001,0,0,gold,SYNTHETIC_PUBLIC_SAFE
G-00153,1,16,SITE-001,0,0,gold,SYNTHETIC_PUBLIC_SAFE
G-00154,1,18,SITE-001,0.057,0,gold,SYNTHETIC_PUBLIC_SAFE
G-00155,1,20,SITE-001,0.523,0,gold,SYNTHETIC_PUBLIC_SAFE
G-00156,1,22,SITE-001,0,0,gold,SYNTHETIC_PUBLIC_SAFE
G-00157,1,0,SITE-002,0,0,gold,SYNTHETIC_PUBLIC_SAFE
G-00158,1,2,SITE-002,0,0,gold,SYNTHETIC_PUBLIC_SAFE
G-00159,1,4,SITE-002,0.59,0,gold,SYNTHETIC_PUBLIC_SAFE
G-00160,1,6,SITE-002,0.088,0,gold,SYNTHETIC_PUBLIC_SAFE
G-00161,1,8,SITE-002,0,0,gold,SYNTHETIC_PUBLIC_SAFE
G-00162,1,10,SITE-002,0,0,gold,SYNTHETIC_PUBLIC_SAFE
G-00163,1,12,SITE-002,0,0,gold,SYNTHETIC_PUBLIC_SAFE
G-00164,1,14,SITE-002,0,0,gold,SYNTHETIC_PUBLIC_SAFE
G-00165,1,16,SITE-002,0.084,0,gold,SYNTHETIC_PUBLIC_SAFE
G-00166,1,18,SITE-002,0,0,gold,SYNTHETIC_PUBLIC_SAFE
G-00167,1,20,SITE-002,0.762,1,gold,SYNTHETIC_PUBLIC_SAFE
G-00168,1,22,SITE-002,0,0,gold,SYNTHETIC_PUBLIC_SAFE
G-00169,1,0,SITE-003,0.73,0,gold,SYNTHETIC_PUBLIC_SAFE
G-00170,1,2,SITE-003,0,0,gold,SYNTHETIC_PUBLIC_SAFE
G-00171,1,4,SITE-003,0,0,gold,SYNTHETIC_PUBLIC_SAFE
G-00172,1,6,SITE-003,0.317,0,gold,SYNTHETIC_PUBLIC_SAFE
G-00173,1,8,SITE-003,0.382,0,gold,SYNTHETIC_PUBLIC_SAFE
G-00174,1,10,SITE-003,0.189,0,gold,SYNTHETIC_PUBLIC_SAFE
G-00175,1,12,SITE-003,0,0,gold,SYNTHETIC_PUBLIC_SAFE
G-00176,1,14,SITE-003,0.419,0,gold,SYNTHETIC_PUBLIC_SAFE
G-00177,1,16,SITE-003,0,0,gold,SYNTHETIC_PUBLIC_SAFE
G-00178,1,18,SITE-003,0.942,1,gold,SYNTHETIC_PUBLIC_SAFE
G-00179,1,20,SITE-003,0,0,gold,SYNTHETIC_PUBLIC_SAFE
G-00180,1,22,SITE-003,0,0,gold,SYNTHETIC_PUBLIC_SAFE
G-00181,1,0,SITE-004,0,0,gold,SYNTHETIC_PUBLIC_SAFE
G-00182,1,2,SITE-004,0,0,gold,SYNTHETIC_PUBLIC_SAFE
G-00183,1,4,SITE-004,0.401,0,gold,SYNTHETIC_PUBLIC_SAFE
G-00184,1,6,SITE-004,0,0,gold,SYNTHETIC_PUBLIC_SAFE
G-00185,1,8,SITE-004,0.727,0,gold,SYNTHETIC_PUBLIC_SAFE
G-00186,1,10,SITE-004,0,0,gold,SYNTHETIC_PUBLIC_SAFE
G-00187,1,12,SITE-004,0,0,gold,SYNTHETIC_PUBLIC_SAFE
G-00188,1,14,SITE-004,0,0,gold,SYNTHETIC_PUBLIC_SAFE
G-00189,1,16,SITE-004,0,0,gold,SYNTHETIC_PUBLIC_SAFE
G-00190,1,18,SITE-004,0,0,gold,SYNTHETIC_PUBLIC_SAFE
G-00191,1,20,SITE-004,0,0,gold,SYNTHETIC_PUBLIC_SAFE
G-00192,1,22,SITE-004,0.437,0,gold,SYNTHETIC_PUBLIC_SAFE
G-00193,1,0,SITE-005,0.033,0,gold,SYNTHETIC_PUBLIC_SAFE
G-00194,1,2,SITE-005,0,0,gold,SYNTHETIC_PUBLIC_SAFE
G-00195,1,4,SITE-005,0,0,gold,SYNTHETIC_PUBLIC_SAFE
G-00196,1,6,SITE-005,0.56,0,gold,SYNTHETIC_PUBLIC_SAFE
G-00197,1,8,SITE-005,0.118,0,gold,SYNTHETIC_PUBLIC_SAFE
G-00198,1,10,SITE-005,0,0,gold,SYNTHETIC_PUBLIC_SAFE
G-00199,1,12,SITE-005,0,0,gold,SYNTHETIC_PUBLIC_SAFE
G-00200,1,14,SITE-005,0,0,gold,SYNTHETIC_PUBLIC_SAFE
G-00201,1,16,SITE-005,0.72,0,gold,SYNTHETIC_PUBLIC_SAFE
G-00202,1,18,SITE-005,0,0,gold,SYNTHETIC_PUBLIC_SAFE
G-00203,1,20,SITE-005,0,0,gold,SYNTHETIC_PUBLIC_SAFE
G-00204,1,22,SITE-005,0,0,gold,SYNTHETIC_PUBLIC_SAFE
G-00205,1,0,SITE-006,0.682,0,gold,SYNTHETIC_PUBLIC_SAFE
G-00206,1,2,SITE-006,0,0,gold,SYNTHETIC_PUBLIC_SAFE
G-00207,1,4,SITE-006,0,0,gold,SYNTHETIC_PUBLIC_SAFE
G-00208,1,6,SITE-006,0,0,gold,SYNTHETIC_PUBLIC_SAFE
G-00209,1,8,SITE-006,0,0,gold,SYNTHETIC_PUBLIC_SAFE
G-00210,1,10,SITE-006,0,0,gold,SYNTHETIC_PUBLIC_SAFE
G-00211,1,12,SITE-006,0,0,gold,SYNTHETIC_PUBLIC_SAFE
G-00212,1,14,SITE-006,0.408,0,gold,SYNTHETIC_PUBLIC_SAFE
G-00213,1,16,SITE-006,0.254,0,gold,SYNTHETIC_PUBLIC_SAFE
G-00214,1,18,SITE-006,0,0,gold,SYNTHETIC_PUBLIC_SAFE
G-00215,1,20,SITE-006,0,0,gold,SYNTHETIC_PUBLIC_SAFE
G-00216,1,22,SITE-006,0,0,gold,SYNTHETIC_PUBLIC_SAFE
G-00217,1,0,SITE-007,0,0,gold,SYNTHETIC_PUBLIC_SAFE
G-00218,1,2,SITE-007,0,0,gold,SYNTHETIC_PUBLIC_SAFE
G-00219,1,4,SITE-007,0.196,0,gold,SYNTHETIC_PUBLIC_SAFE
G-00220,1,6,SITE-007,0,0,gold,SYNTHETIC_PUBLIC_SAFE
G-00221,1,8,SITE-007,0,0,gold,SYNTHETIC_PUBLIC_SAFE
G-00222,1,10,SITE-007,0.42,0,gold,SYNTHETIC_PUBLIC_SAFE
G-00223,1,12,SITE-007,0,0,gold,SYNTHETIC_PUBLIC_SAFE
G-00224,1,14,SITE-007,0.002,0,gold,SYNTHETIC_PUBLIC_SAFE
G-00225,1,16,SITE-007,0.375,0,gold,SYNTHETIC_PUBLIC_SAFE
G-00226,1,18,SITE-007,0.295,0,gold,SYNTHETIC_PUBLIC_SAFE
G-00227,1,20,SITE-007,0.614,0,gold,SYNTHETIC_PUBLIC_SAFE
G-00228,1,22,SITE-007,0.248,0,gold,SYNTHETIC_PUBLIC_SAFE
G-00229,1,0,SITE-008,0,0,gold,SYNTHETIC_PUBLIC_SAFE
G-00230,1,2,SITE-008,0.8,1,gold,SYNTHETIC_PUBLIC_SAFE
G-00231,1,4,SITE-008,0,0,gold,SYNTHETIC_PUBLIC_SAFE
G-00232,1,6,SITE-008,0,0,gold,SYNTHETIC_PUBLIC_SAFE
G-00233,1,8,SITE-008,0,0,gold,SYNTHETIC_PUBLIC_SAFE
G-00234,1,10,SITE-008,0,0,gold,SYNTHETIC_PUBLIC_SAFE
G-00235,1,12,SITE-008,0.422,0,gold,SYNTHETIC_PUBLIC_SAFE
G-00236,1,14,SITE-008,0,0,gold,SYNTHETIC_PUBLIC_SAFE
G-00237,1,16,SITE-008,0,0,gold,SYNTHETIC_PUBLIC_SAFE
G-00238,1,18,SITE-008,0,0,gold,SYNTHETIC_PUBLIC_SAFE
G-00239,1,20,SITE-008,0.617,0,gold,SYNTHETIC_PUBLIC_SAFE
G-00240,1,22,SITE-008,0,0,gold,SYNTHETIC_PUBLIC_SAFE
G-00241,1,0,SITE-009,0.364,0,gold,SYNTHETIC_PUBLIC_SAFE
G-00242,1,2,SITE-009,0,0,gold,SYNTHETIC_PUBLIC_SAFE
G-00243,1,4,SITE-009,0,0,gold,SYNTHETIC_PUBLIC_SAFE
G-00244,1,6,SITE-009,0,0,gold,SYNTHETIC_PUBLIC_SAFE
G-00245,1,8,SITE-009,0.015,0,gold,SYNTHETIC_PUBLIC_SAFE
G-00246,1,10,SITE-009,0,0,gold,SYNTHETIC_PUBLIC_SAFE
G-00247,1,12,SITE-009,0.025,0,gold,SYNTHETIC_PUBLIC_SAFE
G-00248,1,14,SITE-009,0,0,gold,SYNTHETIC_PUBLIC_SAFE
G-00249,1,16,SITE-009,0,0,gold,SYNTHETIC_PUBLIC_SAFE
G-00250,1,18,SITE-009,0.001,0,gold,SYNTHETIC_PUBLIC_SAFE
G-00251,1,20,SITE-009,0,0,gold,SYNTHETIC_PUBLIC_SAFE
G-00252,1,22,SITE-009,0,0,gold,SYNTHETIC_PUBLIC_SAFE
G-00253,1,0,SITE-010,0,0,gold,SYNTHETIC_PUBLIC_SAFE
G-00254,1,2,SITE-010,0,0,gold,SYNTHETIC_PUBLIC_SAFE
G-00255,1,4,SITE-010,0,0,gold,SYNTHETIC_PUBLIC_SAFE
G-00256,1,6,SITE-010,0,0,gold,SYNTHETIC_PUBLIC_SAFE
G-00257,1,8,SITE-010,0,0,gold,SYNTHETIC_PUBLIC_SAFE
G-00258,1,10,SITE-010,0.724,0,gold,SYNTHETIC_PUBLIC_SAFE
G-00259,1,12,SITE-010,0,0,gold,SYNTHETIC_PUBLIC_SAFE
G-00260,1,14,SITE-010,0,0,gold,SYNTHETIC_PUBLIC_SAFE
G-00261,1,16,SITE-010,0,0,gold,SYNTHETIC_PUBLIC_SAFE
G-00262,1,18,SITE-010,0.527,0,gold,SYNTHETIC_PUBLIC_SAFE
G-00263,1,20,SITE-010,0,0,gold,SYNTHETIC_PUBLIC_SAFE
G-00264,1,22,SITE-010,0,0,gold,SYNTHETIC_PUBLIC_SAFE
G-00265,1,0,SITE-011,0.299,0,gold,SYNTHETIC_PUBLIC_SAFE
G-00266,1,2,SITE-011,0,0,gold,SYNTHETIC_PUBLIC_SAFE
G-00267,1,4,SITE-011,0,0,gold,SYNTHETIC_PUBLIC_SAFE
G-00268,1,6,SITE-011,0,0,gold,SYNTHETIC_PUBLIC_SAFE
G-00269,1,8,SITE-011,0,0,gold,SYNTHETIC_PUBLIC_SAFE
G-00270,1,10,SITE-011,0,0,gold,SYNTHETIC_PUBLIC_SAFE
G-00271,1,12,SITE-011,0,0,gold,SYNTHETIC_PUBLIC_SAFE
G-00272,1,14,SITE-011,0,0,gold,SYNTHETIC_PUBLIC_SAFE
G-00273,1,16,SITE-011,0,0,gold,SYNTHETIC_PUBLIC_SAFE
G-00274,1,18,SITE-011,0.347,0,gold,SYNTHETIC_PUBLIC_SAFE
G-00275,1,20,SITE-011,0,0,gold,SYNTHETIC_PUBLIC_SAFE
G-00276,1,22,SITE-011,0.291,0,gold,SYNTHETIC_PUBLIC_SAFE
G-00277,1,0,SITE-012,0,0,gold,SYNTHETIC_PUBLIC_SAFE
G-00278,1,2,SITE-012,0,0,gold,SYNTHETIC_PUBLIC_SAFE
G-00279,1,4,SITE-012,0,0,gold,SYNTHETIC_PUBLIC_SAFE
G-00280,1,6,SITE-012,0,0,gold,SYNTHETIC_PUBLIC_SAFE
G-00281,1,8,SITE-012,0,0,gold,SYNTHETIC_PUBLIC_SAFE
G-00282,1,10,SITE-012,0,0,gold,SYNTHETIC_PUBLIC_SAFE
G-00283,1,12,SITE-012,0,0,gold,SYNTHETIC_PUBLIC_SAFE
G-00284,1,14,SITE-012,0,0,gold,SYNTHETIC_PUBLIC_SAFE
G-00285,1,16,SITE-012,0,0,gold,SYNTHETIC_PUBLIC_SAFE
G-00286,1,18,SITE-012,0.653,0,gold,SYNTHETIC_PUBLIC_SAFE
G-00287,1,20,SITE-012,0.804,1,gold,SYNTHETIC_PUBLIC_SAFE
G-00288,1,22,SITE-012,0.273,0,gold,SYNTHETIC_PUBLIC_SAFE
G-00289,2,0,SITE-001,0.715,0,gold,SYNTHETIC_PUBLIC_SAFE
G-00290,2,2,SITE-001,0,0,gold,SYNTHETIC_PUBLIC_SAFE
G-00291,2,4,SITE-001,0,0,gold,SYNTHETIC_PUBLIC_SAFE
G-00292,2,6,SITE-001,0,0,gold,SYNTHETIC_PUBLIC_SAFE
G-00293,2,8,SITE-001,0,0,gold,SYNTHETIC_PUBLIC_SAFE
G-00294,2,10,SITE-001,0.325,0,gold,SYNTHETIC_PUBLIC_SAFE
G-00295,2,12,SITE-001,0,0,gold,SYNTHETIC_PUBLIC_SAFE
G-00296,2,14,SITE-001,0.194,0,gold,SYNTHETIC_PUBLIC_SAFE
G-00297,2,16,SITE-001,0.414,0,gold,SYNTHETIC_PUBLIC_SAFE
G-00298,2,18,SITE-001,0.539,0,gold,SYNTHETIC_PUBLIC_SAFE
G-00299,2,20,SITE-001,0,0,gold,SYNTHETIC_PUBLIC_SAFE
G-00300,2,22,SITE-001,0,0,gold,SYNTHETIC_PUBLIC_SAFE
G-00301,2,0,SITE-002,0,0,gold,SYNTHETIC_PUBLIC_SAFE
G-00302,2,2,SITE-002,0,0,gold,SYNTHETIC_PUBLIC_SAFE
G-00303,2,4,SITE-002,0,0,gold,SYNTHETIC_PUBLIC_SAFE
G-00304,2,6,SITE-002,0.445,0,gold,SYNTHETIC_PUBLIC_SAFE
G-00305,2,8,SITE-002,0,0,gold,SYNTHETIC_PUBLIC_SAFE
G-00306,2,10,SITE-002,0,0,gold,SYNTHETIC_PUBLIC_SAFE
G-00307,2,12,SITE-002,0,0,gold,SYNTHETIC_PUBLIC_SAFE
G-00308,2,14,SITE-002,0,0,gold,SYNTHETIC_PUBLIC_SAFE
G-00309,2,16,SITE-002,0.494,0,gold,SYNTHETIC_PUBLIC_SAFE
G-00310,2,18,SITE-002,0.692,0,gold,SYNTHETIC_PUBLIC_SAFE
G-00311,2,20,SITE-002,0.617,0,gold,SYNTHETIC_PUBLIC_SAFE
G-00312,2,22,SITE-002,0,0,gold,SYNTHETIC_PUBLIC_SAFE
G-00313,2,0,SITE-003,0,0,gold,SYNTHETIC_PUBLIC_SAFE
G-00314,2,2,SITE-003,0,0,gold,SYNTHETIC_PUBLIC_SAFE
G-00315,2,4,SITE-003,0,0,gold,SYNTHETIC_PUBLIC_SAFE
G-00316,2,6,SITE-003,0,0,gold,SYNTHETIC_PUBLIC_SAFE
G-00317,2,8,SITE-003,0,0,gold,SYNTHETIC_PUBLIC_SAFE
G-00318,2,10,SITE-003,0.499,0,gold,SYNTHETIC_PUBLIC_SAFE
G-00319,2,12,SITE-003,0.369,0,gold,SYNTHETIC_PUBLIC_SAFE
G-00320,2,14,SITE-003,0.681,0,gold,SYNTHETIC_PUBLIC_SAFE
G-00321,2,16,SITE-003,0.622,0,gold,SYNTHETIC_PUBLIC_SAFE
G-00322,2,18,SITE-003,0,0,gold,SYNTHETIC_PUBLIC_SAFE
G-00323,2,20,SITE-003,0,0,gold,SYNTHETIC_PUBLIC_SAFE
G-00324,2,22,SITE-003,0,0,gold,SYNTHETIC_PUBLIC_SAFE
G-00325,2,0,SITE-004,0,0,gold,SYNTHETIC_PUBLIC_SAFE
G-00326,2,2,SITE-004,0,0,gold,SYNTHETIC_PUBLIC_SAFE
G-00327,2,4,SITE-004,0,0,gold,SYNTHETIC_PUBLIC_SAFE
G-00328,2,6,SITE-004,0,0,gold,SYNTHETIC_PUBLIC_SAFE
G-00329,2,8,SITE-004,0,0,gold,SYNTHETIC_PUBLIC_SAFE
G-00330,2,10,SITE-004,0,0,gold,SYNTHETIC_PUBLIC_SAFE
G-00331,2,12,SITE-004,0,0,gold,SYNTHETIC_PUBLIC_SAFE
G-00332,2,14,SITE-004,0.192,0,gold,SYNTHETIC_PUBLIC_SAFE
G-00333,2,16,SITE-004,0,0,gold,SYNTHETIC_PUBLIC_SAFE
G-00334,2,18,SITE-004,0,0,gold,SYNTHETIC_PUBLIC_SAFE
G-00335,2,20,SITE-004,0,0,gold,SYNTHETIC_PUBLIC_SAFE
G-00336,2,22,SITE-004,1.201,1,gold,SYNTHETIC_PUBLIC_SAFE
G-00337,2,0,SITE-005,0,0,gold,SYNTHETIC_PUBLIC_SAFE
G-00338,2,2,SITE-005,0,0,gold,SYNTHETIC_PUBLIC_SAFE
G-00339,2,4,SITE-005,0.506,0,gold,SYNTHETIC_PUBLIC_SAFE
G-00340,2,6,SITE-005,0,0,gold,SYNTHETIC_PUBLIC_SAFE
G-00341,2,8,SITE-005,0,0,gold,SYNTHETIC_PUBLIC_SAFE
G-00342,2,10,SITE-005,0.125,0,gold,SYNTHETIC_PUBLIC_SAFE
G-00343,2,12,SITE-005,0,0,gold,SYNTHETIC_PUBLIC_SAFE
G-00344,2,14,SITE-005,0,0,gold,SYNTHETIC_PUBLIC_SAFE
G-00345,2,16,SITE-005,0,0,gold,SYNTHETIC_PUBLIC_SAFE
G-00346,2,18,SITE-005,0.707,0,gold,SYNTHETIC_PUBLIC_SAFE
G-00347,2,20,SITE-005,1.206,1,gold,SYNTHETIC_PUBLIC_SAFE
G-00348,2,22,SITE-005,0,0,gold,SYNTHETIC_PUBLIC_SAFE
G-00349,2,0,SITE-006,0,0,gold,SYNTHETIC_PUBLIC_SAFE
G-00350,2,2,SITE-006,0,0,gold,SYNTHETIC_PUBLIC_SAFE
G-00351,2,4,SITE-006,0,0,gold,SYNTHETIC_PUBLIC_SAFE
G-00352,2,6,SITE-006,0,0,gold,SYNTHETIC_PUBLIC_SAFE
G-00353,2,8,SITE-006,0,0,gold,SYNTHETIC_PUBLIC_SAFE
G-00354,2,10,SITE-006,0,0,gold,SYNTHETIC_PUBLIC_SAFE
G-00355,2,12,SITE-006,0,0,gold,SYNTHETIC_PUBLIC_SAFE
G-00356,2,14,SITE-006,0,0,gold,SYNTHETIC_PUBLIC_SAFE
G-00357,2,16,SITE-006,0,0,gold,SYNTHETIC_PUBLIC_SAFE
G-00358,2,18,SITE-006,0.594,0,gold,SYNTHETIC_PUBLIC_SAFE
G-00359,2,20,SITE-006,0,0,gold,SYNTHETIC_PUBLIC_SAFE
G-00360,2,22,SITE-006,0,0,gold,SYNTHETIC_PUBLIC_SAFE
G-00361,2,0,SITE-007,0.586,0,gold,SYNTHETIC_PUBLIC_SAFE
G-00362,2,2,SITE-007,0,0,gold,SYNTHETIC_PUBLIC_SAFE
G-00363,2,4,SITE-007,0,0,gold,SYNTHETIC_PUBLIC_SAFE
G-00364,2,6,SITE-007,0.488,0,gold,SYNTHETIC_PUBLIC_SAFE
G-00365,2,8,SITE-007,0,0,gold,SYNTHETIC_PUBLIC_SAFE
G-00366,2,10,SITE-007,0,0,gold,SYNTHETIC_PUBLIC_SAFE
G-00367,2,12,SITE-007,0,0,gold,SYNTHETIC_PUBLIC_SAFE
G-00368,2,14,SITE-007,0,0,gold,SYNTHETIC_PUBLIC_SAFE
G-00369,2,16,SITE-007,0,0,gold,SYNTHETIC_PUBLIC_SAFE
G-00370,2,18,SITE-007,0,0,gold,SYNTHETIC_PUBLIC_SAFE
G-00371,2,20,SITE-007,0,0,gold,SYNTHETIC_PUBLIC_SAFE
G-00372,2,22,SITE-007,0,0,gold,SYNTHETIC_PUBLIC_SAFE
G-00373,2,0,SITE-008,0,0,gold,SYNTHETIC_PUBLIC_SAFE
G-00374,2,2,SITE-008,0.256,0,gold,SYNTHETIC_PUBLIC_SAFE
G-00375,2,4,SITE-008,0.786,1,gold,SYNTHETIC_PUBLIC_SAFE
G-00376,2,6,SITE-008,0,0,gold,SYNTHETIC_PUBLIC_SAFE
G-00377,2,8,SITE-008,0,0,gold,SYNTHETIC_PUBLIC_SAFE
G-00378,2,10,SITE-008,0.233,0,gold,SYNTHETIC_PUBLIC_SAFE
G-00379,2,12,SITE-008,0,0,gold,SYNTHETIC_PUBLIC_SAFE
G-00380,2,14,SITE-008,0.565,0,gold,SYNTHETIC_PUBLIC_SAFE
G-00381,2,16,SITE-008,0,0,gold,SYNTHETIC_PUBLIC_SAFE
G-00382,2,18,SITE-008,0.768,1,gold,SYNTHETIC_PUBLIC_SAFE
G-00383,2,20,SITE-008,0,0,gold,SYNTHETIC_PUBLIC_SAFE
G-00384,2,22,SITE-008,0,0,gold,SYNTHETIC_PUBLIC_SAFE
G-00385,2,0,SITE-009,0.629,0,gold,SYNTHETIC_PUBLIC_SAFE
G-00386,2,2,SITE-009,0.631,0,gold,SYNTHETIC_PUBLIC_SAFE
G-00387,2,4,SITE-009,0,0,gold,SYNTHETIC_PUBLIC_SAFE
G-00388,2,6,SITE-009,0,0,gold,SYNTHETIC_PUBLIC_SAFE
G-00389,2,8,SITE-009,0.564,0,gold,SYNTHETIC_PUBLIC_SAFE
G-00390,2,10,SITE-009,0,0,gold,SYNTHETIC_PUBLIC_SAFE
G-00391,2,12,SITE-009,0,0,gold,SYNTHETIC_PUBLIC_SAFE
G-00392,2,14,SITE-009,0,0,gold,SYNTHETIC_PUBLIC_SAFE
G-00393,2,16,SITE-009,0.029,0,gold,SYNTHETIC_PUBLIC_SAFE
G-00394,2,18,SITE-009,0.264,0,gold,SYNTHETIC_PUBLIC_SAFE
G-00395,2,20,SITE-009,0.205,0,gold,SYNTHETIC_PUBLIC_SAFE
G-00396,2,22,SITE-009,0,0,gold,SYNTHETIC_PUBLIC_SAFE
G-00397,2,0,SITE-010,0,0,gold,SYNTHETIC_PUBLIC_SAFE
G-00398,2,2,SITE-010,0.348,0,gold,SYNTHETIC_PUBLIC_SAFE
G-00399,2,4,SITE-010,0,0,gold,SYNTHETIC_PUBLIC_SAFE
G-00400,2,6,SITE-010,0,0,gold,SYNTHETIC_PUBLIC_SAFE
G-00401,2,8,SITE-010,0,0,gold,SYNTHETIC_PUBLIC_SAFE
G-00402,2,10,SITE-010,0.054,0,gold,SYNTHETIC_PUBLIC_SAFE
G-00403,2,12,SITE-010,0,0,gold,SYNTHETIC_PUBLIC_SAFE
G-00404,2,14,SITE-010,0,0,gold,SYNTHETIC_PUBLIC_SAFE
G-00405,2,16,SITE-010,0,0,gold,SYNTHETIC_PUBLIC_SAFE
G-00406,2,18,SITE-010,0,0,gold,SYNTHETIC_PUBLIC_SAFE
G-00407,2,20,SITE-010,0,0,gold,SYNTHETIC_PUBLIC_SAFE
G-00408,2,22,SITE-010,0.554,0,gold,SYNTHETIC_PUBLIC_SAFE
G-00409,2,0,SITE-011,0,0,gold,SYNTHETIC_PUBLIC_SAFE
G-00410,2,2,SITE-011,0,0,gold,SYNTHETIC_PUBLIC_SAFE
G-00411,2,4,SITE-011,0.497,0,gold,SYNTHETIC_PUBLIC_SAFE
G-00412,2,6,SITE-011,0.108,0,gold,SYNTHETIC_PUBLIC_SAFE
G-00413,2,8,SITE-011,0,0,gold,SYNTHETIC_PUBLIC_SAFE
G-00414,2,10,SITE-011,0,0,gold,SYNTHETIC_PUBLIC_SAFE
G-00415,2,12,SITE-011,0.679,0,gold,SYNTHETIC_PUBLIC_SAFE
G-00416,2,14,SITE-011,0.472,0,gold,SYNTHETIC_PUBLIC_SAFE
G-00417,2,16,SITE-011,0.208,0,gold,SYNTHETIC_PUBLIC_SAFE
G-00418,2,18,SITE-011,0,0,gold,SYNTHETIC_PUBLIC_SAFE
G-00419,2,20,SITE-011,0.155,0,gold,SYNTHETIC_PUBLIC_SAFE
G-00420,2,22,SITE-011,0,0,gold,SYNTHETIC_PUBLIC_SAFE
G-00421,2,0,SITE-012,0,0,gold,SYNTHETIC_PUBLIC_SAFE
G-00422,2,2,SITE-012,0,0,gold,SYNTHETIC_PUBLIC_SAFE
G-00423,2,4,SITE-012,0.089,0,gold,SYNTHETIC_PUBLIC_SAFE
G-00424,2,6,SITE-012,0,0,gold,SYNTHETIC_PUBLIC_SAFE
G-00425,2,8,SITE-012,0,0,gold,SYNTHETIC_PUBLIC_SAFE
G-00426,2,10,SITE-012,0.08,0,gold,SYNTHETIC_PUBLIC_SAFE
G-00427,2,12,SITE-012,0.033,0,gold,SYNTHETIC_PUBLIC_SAFE
G-00428,2,14,SITE-012,0.424,0,gold,SYNTHETIC_PUBLIC_SAFE
G-00429,2,16,SITE-012,0.386,0,gold,SYNTHETIC_PUBLIC_SAFE
G-00430,2,18,SITE-012,0.381,0,gold,SYNTHETIC_PUBLIC_SAFE
G-00431,2,20,SITE-012,0.804,1,gold,SYNTHETIC_PUBLIC_SAFE
G-00432,2,22,SITE-012,0,0,gold,SYNTHETIC_PUBLIC_SAFE
G-00433,3,0,SITE-001,0,0,gold,SYNTHETIC_PUBLIC_SAFE
G-00434,3,2,SITE-001,0,0,gold,SYNTHETIC_PUBLIC_SAFE
G-00435,3,4,SITE-001,0,0,gold,SYNTHETIC_PUBLIC_SAFE
G-00436,3,6,SITE-001,0.205,0,gold,SYNTHETIC_PUBLIC_SAFE
G-00437,3,8,SITE-001,0,0,gold,SYNTHETIC_PUBLIC_SAFE
G-00438,3,10,SITE-001,0,0,gold,SYNTHETIC_PUBLIC_SAFE
G-00439,3,12,SITE-001,0,0,gold,SYNTHETIC_PUBLIC_SAFE
G-00440,3,14,SITE-001,0,0,gold,SYNTHETIC_PUBLIC_SAFE
G-00441,3,16,SITE-001,0.607,0,gold,SYNTHETIC_PUBLIC_SAFE
G-00442,3,18,SITE-001,0,0,gold,SYNTHETIC_PUBLIC_SAFE
G-00443,3,20,SITE-001,0,0,gold,SYNTHETIC_PUBLIC_SAFE
G-00444,3,22,SITE-001,0,0,gold,SYNTHETIC_PUBLIC_SAFE
G-00445,3,0,SITE-002,0,0,gold,SYNTHETIC_PUBLIC_SAFE
G-00446,3,2,SITE-002,0,0,gold,SYNTHETIC_PUBLIC_SAFE
G-00447,3,4,SITE-002,0.877,1,gold,SYNTHETIC_PUBLIC_SAFE
G-00448,3,6,SITE-002,0.099,0,gold,SYNTHETIC_PUBLIC_SAFE
G-00449,3,8,SITE-002,0,0,gold,SYNTHETIC_PUBLIC_SAFE
G-00450,3,10,SITE-002,0,0,gold,SYNTHETIC_PUBLIC_SAFE
G-00451,3,12,SITE-002,0,0,gold,SYNTHETIC_PUBLIC_SAFE
G-00452,3,14,SITE-002,0,0,gold,SYNTHETIC_PUBLIC_SAFE
G-00453,3,16,SITE-002,0,0,gold,SYNTHETIC_PUBLIC_SAFE
G-00454,3,18,SITE-002,0,0,gold,SYNTHETIC_PUBLIC_SAFE
G-00455,3,20,SITE-002,0,0,gold,SYNTHETIC_PUBLIC_SAFE
G-00456,3,22,SITE-002,0.126,0,gold,SYNTHETIC_PUBLIC_SAFE
G-00457,3,0,SITE-003,0,0,gold,SYNTHETIC_PUBLIC_SAFE
G-00458,3,2,SITE-003,0,0,gold,SYNTHETIC_PUBLIC_SAFE
G-00459,3,4,SITE-003,0.429,0,gold,SYNTHETIC_PUBLIC_SAFE
G-00460,3,6,SITE-003,0,0,gold,SYNTHETIC_PUBLIC_SAFE
G-00461,3,8,SITE-003,0,0,gold,SYNTHETIC_PUBLIC_SAFE
G-00462,3,10,SITE-003,0.723,0,gold,SYNTHETIC_PUBLIC_SAFE
G-00463,3,12,SITE-003,0,0,gold,SYNTHETIC_PUBLIC_SAFE
G-00464,3,14,SITE-003,0.26,0,gold,SYNTHETIC_PUBLIC_SAFE
G-00465,3,16,SITE-003,0.182,0,gold,SYNTHETIC_PUBLIC_SAFE
G-00466,3,18,SITE-003,0.536,0,gold,SYNTHETIC_PUBLIC_SAFE
G-00467,3,20,SITE-003,0,0,gold,SYNTHETIC_PUBLIC_SAFE
G-00468,3,22,SITE-003,0.18,0,gold,SYNTHETIC_PUBLIC_SAFE
G-00469,3,0,SITE-004,0,0,gold,SYNTHETIC_PUBLIC_SAFE
G-00470,3,2,SITE-004,0,0,gold,SYNTHETIC_PUBLIC_SAFE
G-00471,3,4,SITE-004,0,0,gold,SYNTHETIC_PUBLIC_SAFE
G-00472,3,6,SITE-004,0,0,gold,SYNTHETIC_PUBLIC_SAFE
G-00473,3,8,SITE-004,0,0,gold,SYNTHETIC_PUBLIC_SAFE
G-00474,3,10,SITE-004,0,0,gold,SYNTHETIC_PUBLIC_SAFE
G-00475,3,12,SITE-004,0,0,gold,SYNTHETIC_PUBLIC_SAFE
G-00476,3,14,SITE-004,0.77,1,gold,SYNTHETIC_PUBLIC_SAFE
G-00477,3,16,SITE-004,0,0,gold,SYNTHETIC_PUBLIC_SAFE
G-00478,3,18,SITE-004,0,0,gold,SYNTHETIC_PUBLIC_SAFE
G-00479,3,20,SITE-004,0,0,gold,SYNTHETIC_PUBLIC_SAFE
G-00480,3,22,SITE-004,0,0,gold,SYNTHETIC_PUBLIC_SAFE
G-00481,3,0,SITE-005,0,0,gold,SYNTHETIC_PUBLIC_SAFE
G-00482,3,2,SITE-005,0.202,0,gold,SYNTHETIC_PUBLIC_SAFE
G-00483,3,4,SITE-005,0,0,gold,SYNTHETIC_PUBLIC_SAFE
G-00484,3,6,SITE-005,0,0,gold,SYNTHETIC_PUBLIC_SAFE
G-00485,3,8,SITE-005,0.57,0,gold,SYNTHETIC_PUBLIC_SAFE
G-00486,3,10,SITE-005,0,0,gold,SYNTHETIC_PUBLIC_SAFE
G-00487,3,12,SITE-005,0.7,0,gold,SYNTHETIC_PUBLIC_SAFE
G-00488,3,14,SITE-005,0,0,gold,SYNTHETIC_PUBLIC_SAFE
G-00489,3,16,SITE-005,0,0,gold,SYNTHETIC_PUBLIC_SAFE
G-00490,3,18,SITE-005,0,0,gold,SYNTHETIC_PUBLIC_SAFE
G-00491,3,20,SITE-005,0,0,gold,SYNTHETIC_PUBLIC_SAFE
G-00492,3,22,SITE-005,0,0,gold,SYNTHETIC_PUBLIC_SAFE
G-00493,3,0,SITE-006,0,0,gold,SYNTHETIC_PUBLIC_SAFE
G-00494,3,2,SITE-006,0,0,gold,SYNTHETIC_PUBLIC_SAFE
G-00495,3,4,SITE-006,0,0,gold,SYNTHETIC_PUBLIC_SAFE
G-00496,3,6,SITE-006,0,0,gold,SYNTHETIC_PUBLIC_SAFE
G-00497,3,8,SITE-006,0.248,0,gold,SYNTHETIC_PUBLIC_SAFE
G-00498,3,10,SITE-006,0.543,0,gold,SYNTHETIC_PUBLIC_SAFE
G-00499,3,12,SITE-006,0,0,gold,SYNTHETIC_PUBLIC_SAFE
G-00500,3,14,SITE-006,0,0,gold,SYNTHETIC_PUBLIC_SAFE
G-00501,3,16,SITE-006,0,0,gold,SYNTHETIC_PUBLIC_SAFE
G-00502,3,18,SITE-006,0.345,0,gold,SYNTHETIC_PUBLIC_SAFE
G-00503,3,20,SITE-006,0.55,0,gold,SYNTHETIC_PUBLIC_SAFE
G-00504,3,22,SITE-006,0,0,gold,SYNTHETIC_PUBLIC_SAFE
G-00505,3,0,SITE-007,0,0,gold,SYNTHETIC_PUBLIC_SAFE
G-00506,3,2,SITE-007,0.39,0,gold,SYNTHETIC_PUBLIC_SAFE
G-00507,3,4,SITE-007,0.796,1,gold,SYNTHETIC_PUBLIC_SAFE
G-00508,3,6,SITE-007,0.207,0,gold,SYNTHETIC_PUBLIC_SAFE
G-00509,3,8,SITE-007,0.736,0,gold,SYNTHETIC_PUBLIC_SAFE
G-00510,3,10,SITE-007,0,0,gold,SYNTHETIC_PUBLIC_SAFE
G-00511,3,12,SITE-007,0,0,gold,SYNTHETIC_PUBLIC_SAFE
G-00512,3,14,SITE-007,0.189,0,gold,SYNTHETIC_PUBLIC_SAFE
G-00513,3,16,SITE-007,0.243,0,gold,SYNTHETIC_PUBLIC_SAFE
G-00514,3,18,SITE-007,0.594,0,gold,SYNTHETIC_PUBLIC_SAFE
G-00515,3,20,SITE-007,0,0,gold,SYNTHETIC_PUBLIC_SAFE
G-00516,3,22,SITE-007,0,0,gold,SYNTHETIC_PUBLIC_SAFE
G-00517,3,0,SITE-008,0,0,gold,SYNTHETIC_PUBLIC_SAFE
G-00518,3,2,SITE-008,0,0,gold,SYNTHETIC_PUBLIC_SAFE
G-00519,3,4,SITE-008,0,0,gold,SYNTHETIC_PUBLIC_SAFE
G-00520,3,6,SITE-008,0,0,gold,SYNTHETIC_PUBLIC_SAFE
G-00521,3,8,SITE-008,0,0,gold,SYNTHETIC_PUBLIC_SAFE
G-00522,3,10,SITE-008,0.654,0,gold,SYNTHETIC_PUBLIC_SAFE
G-00523,3,12,SITE-008,0,0,gold,SYNTHETIC_PUBLIC_SAFE
G-00524,3,14,SITE-008,0,0,gold,SYNTHETIC_PUBLIC_SAFE
G-00525,3,16,SITE-008,0,0,gold,SYNTHETIC_PUBLIC_SAFE
G-00526,3,18,SITE-008,0,0,gold,SYNTHETIC_PUBLIC_SAFE
G-00527,3,20,SITE-008,0,0,gold,SYNTHETIC_PUBLIC_SAFE
G-00528,3,22,SITE-008,0,0,gold,SYNTHETIC_PUBLIC_SAFE
G-00529,3,0,SITE-009,0,0,gold,SYNTHETIC_PUBLIC_SAFE
G-00530,3,2,SITE-009,0,0,gold,SYNTHETIC_PUBLIC_SAFE
G-00531,3,4,SITE-009,0.494,0,gold,SYNTHETIC_PUBLIC_SAFE
G-00532,3,6,SITE-009,0,0,gold,SYNTHETIC_PUBLIC_SAFE
G-00533,3,8,SITE-009,0,0,gold,SYNTHETIC_PUBLIC_SAFE
G-00534,3,10,SITE-009,0.426,0,gold,SYNTHETIC_PUBLIC_SAFE
G-00535,3,12,SITE-009,0,0,gold,SYNTHETIC_PUBLIC_SAFE
G-00536,3,14,SITE-009,0.701,0,gold,SYNTHETIC_PUBLIC_SAFE
G-00537,3,16,SITE-009,0,0,gold,SYNTHETIC_PUBLIC_SAFE
G-00538,3,18,SITE-009,0,0,gold,SYNTHETIC_PUBLIC_SAFE
G-00539,3,20,SITE-009,0.708,0,gold,SYNTHETIC_PUBLIC_SAFE
G-00540,3,22,SITE-009,0.786,1,gold,SYNTHETIC_PUBLIC_SAFE
G-00541,3,0,SITE-010,0,0,gold,SYNTHETIC_PUBLIC_SAFE
G-00542,3,2,SITE-010,0,0,gold,SYNTHETIC_PUBLIC_SAFE
G-00543,3,4,SITE-010,0,0,gold,SYNTHETIC_PUBLIC_SAFE
G-00544,3,6,SITE-010,0,0,gold,SYNTHETIC_PUBLIC_SAFE
G-00545,3,8,SITE-010,0.216,0,gold,SYNTHETIC_PUBLIC_SAFE
G-00546,3,10,SITE-010,0,0,gold,SYNTHETIC_PUBLIC_SAFE
G-00547,3,12,SITE-010,0.695,0,gold,SYNTHETIC_PUBLIC_SAFE
G-00548,3,14,SITE-010,0,0,gold,SYNTHETIC_PUBLIC_SAFE
G-00549,3,16,SITE-010,0.207,0,gold,SYNTHETIC_PUBLIC_SAFE
G-00550,3,18,SITE-010,0,0,gold,SYNTHETIC_PUBLIC_SAFE
G-00551,3,20,SITE-010,0,0,gold,SYNTHETIC_PUBLIC_SAFE
G-00552,3,22,SITE-010,0,0,gold,SYNTHETIC_PUBLIC_SAFE
G-00553,3,0,SITE-011,0,0,gold,SYNTHETIC_PUBLIC_SAFE
G-00554,3,2,SITE-011,0.438,0,gold,SYNTHETIC_PUBLIC_SAFE
G-00555,3,4,SITE-011,0,0,gold,SYNTHETIC_PUBLIC_SAFE
G-00556,3,6,SITE-011,0,0,gold,SYNTHETIC_PUBLIC_SAFE
G-00557,3,8,SITE-011,0,0,gold,SYNTHETIC_PUBLIC_SAFE
G-00558,3,10,SITE-011,0,0,gold,SYNTHETIC_PUBLIC_SAFE
G-00559,3,12,SITE-011,0.392,0,gold,SYNTHETIC_PUBLIC_SAFE
G-00560,3,14,SITE-011,0.088,0,gold,SYNTHETIC_PUBLIC_SAFE
G-00561,3,16,SITE-011,0,0,gold,SYNTHETIC_PUBLIC_SAFE
G-00562,3,18,SITE-011,0,0,gold,SYNTHETIC_PUBLIC_SAFE
G-00563,3,20,SITE-011,0.018,0,gold,SYNTHETIC_PUBLIC_SAFE
G-00564,3,22,SITE-011,0,0,gold,SYNTHETIC_PUBLIC_SAFE
G-00565,3,0,SITE-012,0,0,gold,SYNTHETIC_PUBLIC_SAFE
G-00566,3,2,SITE-012,0.52,0,gold,SYNTHETIC_PUBLIC_SAFE
G-00567,3,4,SITE-012,0,0,gold,SYNTHETIC_PUBLIC_SAFE
G-00568,3,6,SITE-012,0,0,gold,SYNTHETIC_PUBLIC_SAFE
G-00569,3,8,SITE-012,0.781,1,gold,SYNTHETIC_PUBLIC_SAFE
G-00570,3,10,SITE-012,0.741,0,gold,SYNTHETIC_PUBLIC_SAFE
G-00571,3,12,SITE-012,0,0,gold,SYNTHETIC_PUBLIC_SAFE
G-00572,3,14,SITE-012,0,0,gold,SYNTHETIC_PUBLIC_SAFE
G-00573,3,16,SITE-012,0.552,0,gold,SYNTHETIC_PUBLIC_SAFE
G-00574,3,18,SITE-012,0.06,0,gold,SYNTHETIC_PUBLIC_SAFE
G-00575,3,20,SITE-012,0.173,0,gold,SYNTHETIC_PUBLIC_SAFE
G-00576,3,22,SITE-012,0,0,gold,SYNTHETIC_PUBLIC_SAFE
G-00577,4,0,SITE-001,0,0,gold,SYNTHETIC_PUBLIC_SAFE
G-00578,4,2,SITE-001,0.516,0,gold,SYNTHETIC_PUBLIC_SAFE
G-00579,4,4,SITE-001,0,0,gold,SYNTHETIC_PUBLIC_SAFE
G-00580,4,6,SITE-001,0.629,0,gold,SYNTHETIC_PUBLIC_SAFE
G-00581,4,8,SITE-001,0,0,gold,SYNTHETIC_PUBLIC_SAFE
G-00582,4,10,SITE-001,0,0,gold,SYNTHETIC_PUBLIC_SAFE
G-00583,4,12,SITE-001,0,0,gold,SYNTHETIC_PUBLIC_SAFE
G-00584,4,14,SITE-001,0,0,gold,SYNTHETIC_PUBLIC_SAFE
G-00585,4,16,SITE-001,0.749,0,gold,SYNTHETIC_PUBLIC_SAFE
G-00586,4,18,SITE-001,0,0,gold,SYNTHETIC_PUBLIC_SAFE
G-00587,4,20,SITE-001,0,0,gold,SYNTHETIC_PUBLIC_SAFE
G-00588,4,22,SITE-001,0.743,0,gold,SYNTHETIC_PUBLIC_SAFE
G-00589,4,0,SITE-002,0,0,gold,SYNTHETIC_PUBLIC_SAFE
G-00590,4,2,SITE-002,0,0,gold,SYNTHETIC_PUBLIC_SAFE
G-00591,4,4,SITE-002,0,0,gold,SYNTHETIC_PUBLIC_SAFE
G-00592,4,6,SITE-002,0,0,gold,SYNTHETIC_PUBLIC_SAFE
G-00593,4,8,SITE-002,0,0,gold,SYNTHETIC_PUBLIC_SAFE
G-00594,4,10,SITE-002,0.469,0,gold,SYNTHETIC_PUBLIC_SAFE
G-00595,4,12,SITE-002,0,0,gold,SYNTHETIC_PUBLIC_SAFE
G-00596,4,14,SITE-002,0,0,gold,SYNTHETIC_PUBLIC_SAFE
G-00597,4,16,SITE-002,0,0,gold,SYNTHETIC_PUBLIC_SAFE
G-00598,4,18,SITE-002,0.09,0,gold,SYNTHETIC_PUBLIC_SAFE
G-00599,4,20,SITE-002,0.1,0,gold,SYNTHETIC_PUBLIC_SAFE
G-00600,4,22,SITE-002,0,0,gold,SYNTHETIC_PUBLIC_SAFE
G-00601,4,0,SITE-003,0,0,gold,SYNTHETIC_PUBLIC_SAFE
G-00602,4,2,SITE-003,0.472,0,gold,SYNTHETIC_PUBLIC_SAFE
G-00603,4,4,SITE-003,0,0,gold,SYNTHETIC_PUBLIC_SAFE
G-00604,4,6,SITE-003,0.119,0,gold,SYNTHETIC_PUBLIC_SAFE
G-00605,4,8,SITE-003,0.571,0,gold,SYNTHETIC_PUBLIC_SAFE
G-00606,4,10,SITE-003,0.467,0,gold,SYNTHETIC_PUBLIC_SAFE
G-00607,4,12,SITE-003,0,0,gold,SYNTHETIC_PUBLIC_SAFE
G-00608,4,14,SITE-003,0,0,gold,SYNTHETIC_PUBLIC_SAFE
G-00609,4,16,SITE-003,0,0,gold,SYNTHETIC_PUBLIC_SAFE
G-00610,4,18,SITE-003,0,0,gold,SYNTHETIC_PUBLIC_SAFE
G-00611,4,20,SITE-003,0,0,gold,SYNTHETIC_PUBLIC_SAFE
G-00612,4,22,SITE-003,0,0,gold,SYNTHETIC_PUBLIC_SAFE
G-00613,4,0,SITE-004,0,0,gold,SYNTHETIC_PUBLIC_SAFE
G-00614,4,2,SITE-004,0,0,gold,SYNTHETIC_PUBLIC_SAFE
G-00615,4,4,SITE-004,0,0,gold,SYNTHETIC_PUBLIC_SAFE
G-00616,4,6,SITE-004,0.24,0,gold,SYNTHETIC_PUBLIC_SAFE
G-00617,4,8,SITE-004,0.194,0,gold,SYNTHETIC_PUBLIC_SAFE
G-00618,4,10,SITE-004,0.336,0,gold,SYNTHETIC_PUBLIC_SAFE
G-00619,4,12,SITE-004,0,0,gold,SYNTHETIC_PUBLIC_SAFE
G-00620,4,14,SITE-004,0,0,gold,SYNTHETIC_PUBLIC_SAFE
G-00621,4,16,SITE-004,0,0,gold,SYNTHETIC_PUBLIC_SAFE
G-00622,4,18,SITE-004,0.805,1,gold,SYNTHETIC_PUBLIC_SAFE
G-00623,4,20,SITE-004,0.582,0,gold,SYNTHETIC_PUBLIC_SAFE
G-00624,4,22,SITE-004,0,0,gold,SYNTHETIC_PUBLIC_SAFE
G-00625,4,0,SITE-005,0,0,gold,SYNTHETIC_PUBLIC_SAFE
G-00626,4,2,SITE-005,0,0,gold,SYNTHETIC_PUBLIC_SAFE
G-00627,4,4,SITE-005,0.509,0,gold,SYNTHETIC_PUBLIC_SAFE
G-00628,4,6,SITE-005,0,0,gold,SYNTHETIC_PUBLIC_SAFE
G-00629,4,8,SITE-005,0,0,gold,SYNTHETIC_PUBLIC_SAFE
G-00630,4,10,SITE-005,0,0,gold,SYNTHETIC_PUBLIC_SAFE
G-00631,4,12,SITE-005,0,0,gold,SYNTHETIC_PUBLIC_SAFE
G-00632,4,14,SITE-005,0,0,gold,SYNTHETIC_PUBLIC_SAFE
G-00633,4,16,SITE-005,0.106,0,gold,SYNTHETIC_PUBLIC_SAFE
G-00634,4,18,SITE-005,0.415,0,gold,SYNTHETIC_PUBLIC_SAFE
G-00635,4,20,SITE-005,0.55,0,gold,SYNTHETIC_PUBLIC_SAFE
G-00636,4,22,SITE-005,0,0,gold,SYNTHETIC_PUBLIC_SAFE
G-00637,4,0,SITE-006,0,0,gold,SYNTHETIC_PUBLIC_SAFE
G-00638,4,2,SITE-006,0,0,gold,SYNTHETIC_PUBLIC_SAFE
G-00639,4,4,SITE-006,0,0,gold,SYNTHETIC_PUBLIC_SAFE
G-00640,4,6,SITE-006,0,0,gold,SYNTHETIC_PUBLIC_SAFE
G-00641,4,8,SITE-006,0,0,gold,SYNTHETIC_PUBLIC_SAFE
G-00642,4,10,SITE-006,0,0,gold,SYNTHETIC_PUBLIC_SAFE
G-00643,4,12,SITE-006,0,0,gold,SYNTHETIC_PUBLIC_SAFE
G-00644,4,14,SITE-006,0,0,gold,SYNTHETIC_PUBLIC_SAFE
G-00645,4,16,SITE-006,0,0,gold,SYNTHETIC_PUBLIC_SAFE
G-00646,4,18,SITE-006,0.687,0,gold,SYNTHETIC_PUBLIC_SAFE
G-00647,4,20,SITE-006,0.002,0,gold,SYNTHETIC_PUBLIC_SAFE
G-00648,4,22,SITE-006,0.775,1,gold,SYNTHETIC_PUBLIC_SAFE
G-00649,4,0,SITE-007,0,0,gold,SYNTHETIC_PUBLIC_SAFE
G-00650,4,2,SITE-007,0,0,gold,SYNTHETIC_PUBLIC_SAFE
G-00651,4,4,SITE-007,0,0,gold,SYNTHETIC_PUBLIC_SAFE
G-00652,4,6,SITE-007,0,0,gold,SYNTHETIC_PUBLIC_SAFE
G-00653,4,8,SITE-007,0.469,0,gold,SYNTHETIC_PUBLIC_SAFE
G-00654,4,10,SITE-007,0.548,0,gold,SYNTHETIC_PUBLIC_SAFE
G-00655,4,12,SITE-007,0.195,0,gold,SYNTHETIC_PUBLIC_SAFE
G-00656,4,14,SITE-007,0,0,gold,SYNTHETIC_PUBLIC_SAFE
G-00657,4,16,SITE-007,0.521,0,gold,SYNTHETIC_PUBLIC_SAFE
G-00658,4,18,SITE-007,0,0,gold,SYNTHETIC_PUBLIC_SAFE
G-00659,4,20,SITE-007,0,0,gold,SYNTHETIC_PUBLIC_SAFE
G-00660,4,22,SITE-007,0,0,gold,SYNTHETIC_PUBLIC_SAFE
G-00661,4,0,SITE-008,0,0,gold,SYNTHETIC_PUBLIC_SAFE
G-00662,4,2,SITE-008,0,0,gold,SYNTHETIC_PUBLIC_SAFE
G-00663,4,4,SITE-008,0,0,gold,SYNTHETIC_PUBLIC_SAFE
G-00664,4,6,SITE-008,0.317,0,gold,SYNTHETIC_PUBLIC_SAFE
G-00665,4,8,SITE-008,0,0,gold,SYNTHETIC_PUBLIC_SAFE
G-00666,4,10,SITE-008,0,0,gold,SYNTHETIC_PUBLIC_SAFE
G-00667,4,12,SITE-008,0.312,0,gold,SYNTHETIC_PUBLIC_SAFE
G-00668,4,14,SITE-008,0,0,gold,SYNTHETIC_PUBLIC_SAFE
G-00669,4,16,SITE-008,0,0,gold,SYNTHETIC_PUBLIC_SAFE
G-00670,4,18,SITE-008,0,0,gold,SYNTHETIC_PUBLIC_SAFE
G-00671,4,20,SITE-008,0.078,0,gold,SYNTHETIC_PUBLIC_SAFE
G-00672,4,22,SITE-008,0.32,0,gold,SYNTHETIC_PUBLIC_SAFE
G-00673,4,0,SITE-009,0.158,0,gold,SYNTHETIC_PUBLIC_SAFE
G-00674,4,2,SITE-009,0,0,gold,SYNTHETIC_PUBLIC_SAFE
G-00675,4,4,SITE-009,0,0,gold,SYNTHETIC_PUBLIC_SAFE
G-00676,4,6,SITE-009,0,0,gold,SYNTHETIC_PUBLIC_SAFE
G-00677,4,8,SITE-009,0.544,0,gold,SYNTHETIC_PUBLIC_SAFE
G-00678,4,10,SITE-009,0.657,0,gold,SYNTHETIC_PUBLIC_SAFE
G-00679,4,12,SITE-009,0.239,0,gold,SYNTHETIC_PUBLIC_SAFE
G-00680,4,14,SITE-009,0,0,gold,SYNTHETIC_PUBLIC_SAFE
G-00681,4,16,SITE-009,0,0,gold,SYNTHETIC_PUBLIC_SAFE
G-00682,4,18,SITE-009,0,0,gold,SYNTHETIC_PUBLIC_SAFE
G-00683,4,20,SITE-009,0.628,0,gold,SYNTHETIC_PUBLIC_SAFE
G-00684,4,22,SITE-009,0,0,gold,SYNTHETIC_PUBLIC_SAFE
G-00685,4,0,SITE-010,0,0,gold,SYNTHETIC_PUBLIC_SAFE
G-00686,4,2,SITE-010,0,0,gold,SYNTHETIC_PUBLIC_SAFE
G-00687,4,4,SITE-010,0,0,gold,SYNTHETIC_PUBLIC_SAFE
G-00688,4,6,SITE-010,0,0,gold,SYNTHETIC_PUBLIC_SAFE
G-00689,4,8,SITE-010,0,0,gold,SYNTHETIC_PUBLIC_SAFE
G-00690,4,10,SITE-010,0,0,gold,SYNTHETIC_PUBLIC_SAFE
G-00691,4,12,SITE-010,0.226,0,gold,SYNTHETIC_PUBLIC_SAFE
G-00692,4,14,SITE-010,0,0,gold,SYNTHETIC_PUBLIC_SAFE
G-00693,4,16,SITE-010,0,0,gold,SYNTHETIC_PUBLIC_SAFE
G-00694,4,18,SITE-010,0,0,gold,SYNTHETIC_PUBLIC_SAFE
G-00695,4,20,SITE-010,0,0,gold,SYNTHETIC_PUBLIC_SAFE
G-00696,4,22,SITE-010,0.513,0,gold,SYNTHETIC_PUBLIC_SAFE
G-00697,4,0,SITE-011,0.726,0,gold,SYNTHETIC_PUBLIC_SAFE
G-00698,4,2,SITE-011,0.602,0,gold,SYNTHETIC_PUBLIC_SAFE
G-00699,4,4,SITE-011,0,0,gold,SYNTHETIC_PUBLIC_SAFE
G-00700,4,6,SITE-011,0,0,gold,SYNTHETIC_PUBLIC_SAFE
G-00701,4,8,SITE-011,0,0,gold,SYNTHETIC_PUBLIC_SAFE
G-00702,4,10,SITE-011,0.355,0,gold,SYNTHETIC_PUBLIC_SAFE
G-00703,4,12,SITE-011,0,0,gold,SYNTHETIC_PUBLIC_SAFE
G-00704,4,14,SITE-011,0.774,1,gold,SYNTHETIC_PUBLIC_SAFE
G-00705,4,16,SITE-011,0,0,gold,SYNTHETIC_PUBLIC_SAFE
G-00706,4,18,SITE-011,0.44,0,gold,SYNTHETIC_PUBLIC_SAFE
G-00707,4,20,SITE-011,0,0,gold,SYNTHETIC_PUBLIC_SAFE
G-00708,4,22,SITE-011,0,0,gold,SYNTHETIC_PUBLIC_SAFE
G-00709,4,0,SITE-012,0,0,gold,SYNTHETIC_PUBLIC_SAFE
G-00710,4,2,SITE-012,0,0,gold,SYNTHETIC_PUBLIC_SAFE
G-00711,4,4,SITE-012,0,0,gold,SYNTHETIC_PUBLIC_SAFE
G-00712,4,6,SITE-012,0.081,0,gold,SYNTHETIC_PUBLIC_SAFE
G-00713,4,8,SITE-012,0.418,0,gold,SYNTHETIC_PUBLIC_SAFE
G-00714,4,10,SITE-012,0,0,gold,SYNTHETIC_PUBLIC_SAFE
G-00715,4,12,SITE-012,0,0,gold,SYNTHETIC_PUBLIC_SAFE
G-00716,4,14,SITE-012,0,0,gold,SYNTHETIC_PUBLIC_SAFE
G-00717,4,16,SITE-012,0,0,gold,SYNTHETIC_PUBLIC_SAFE
G-00718,4,18,SITE-012,0,0,gold,SYNTHETIC_PUBLIC_SAFE
G-00719,4,20,SITE-012,0.028,0,gold,SYNTHETIC_PUBLIC_SAFE
G-00720,4,22,SITE-012,0,0,gold,SYNTHETIC_PUBLIC_SAFE
G-00721,5,0,SITE-001,0,0,gold,SYNTHETIC_PUBLIC_SAFE
G-00722,5,2,SITE-001,0,0,gold,SYNTHETIC_PUBLIC_SAFE
G-00723,5,4,SITE-001,0,0,gold,SYNTHETIC_PUBLIC_SAFE
G-00724,5,6,SITE-001,0.477,0,gold,SYNTHETIC_PUBLIC_SAFE
G-00725,5,8,SITE-001,0.58,0,gold,SYNTHETIC_PUBLIC_SAFE
G-00726,5,10,SITE-001,0,0,gold,SYNTHETIC_PUBLIC_SAFE
G-00727,5,12,SITE-001,0.246,0,gold,SYNTHETIC_PUBLIC_SAFE
G-00728,5,14,SITE-001,0,0,gold,SYNTHETIC_PUBLIC_SAFE
G-00729,5,16,SITE-001,0,0,gold,SYNTHETIC_PUBLIC_SAFE
G-00730,5,18,SITE-001,0,0,gold,SYNTHETIC_PUBLIC_SAFE
G-00731,5,20,SITE-001,0.002,0,gold,SYNTHETIC_PUBLIC_SAFE
G-00732,5,22,SITE-001,0,0,gold,SYNTHETIC_PUBLIC_SAFE
G-00733,5,0,SITE-002,0,0,gold,SYNTHETIC_PUBLIC_SAFE
G-00734,5,2,SITE-002,0,0,gold,SYNTHETIC_PUBLIC_SAFE
G-00735,5,4,SITE-002,0,0,gold,SYNTHETIC_PUBLIC_SAFE
G-00736,5,6,SITE-002,0,0,gold,SYNTHETIC_PUBLIC_SAFE
G-00737,5,8,SITE-002,0,0,gold,SYNTHETIC_PUBLIC_SAFE
G-00738,5,10,SITE-002,0,0,gold,SYNTHETIC_PUBLIC_SAFE
G-00739,5,12,SITE-002,0.583,0,gold,SYNTHETIC_PUBLIC_SAFE
G-00740,5,14,SITE-002,0,0,gold,SYNTHETIC_PUBLIC_SAFE
G-00741,5,16,SITE-002,0,0,gold,SYNTHETIC_PUBLIC_SAFE
G-00742,5,18,SITE-002,0,0,gold,SYNTHETIC_PUBLIC_SAFE
G-00743,5,20,SITE-002,0,0,gold,SYNTHETIC_PUBLIC_SAFE
G-00744,5,22,SITE-002,0.807,1,gold,SYNTHETIC_PUBLIC_SAFE
G-00745,5,0,SITE-003,0.196,0,gold,SYNTHETIC_PUBLIC_SAFE
G-00746,5,2,SITE-003,0,0,gold,SYNTHETIC_PUBLIC_SAFE
G-00747,5,4,SITE-003,0.696,0,gold,SYNTHETIC_PUBLIC_SAFE
G-00748,5,6,SITE-003,0,0,gold,SYNTHETIC_PUBLIC_SAFE
G-00749,5,8,SITE-003,0,0,gold,SYNTHETIC_PUBLIC_SAFE
G-00750,5,10,SITE-003,0,0,gold,SYNTHETIC_PUBLIC_SAFE
G-00751,5,12,SITE-003,0.344,0,gold,SYNTHETIC_PUBLIC_SAFE
G-00752,5,14,SITE-003,0,0,gold,SYNTHETIC_PUBLIC_SAFE
G-00753,5,16,SITE-003,0.56,0,gold,SYNTHETIC_PUBLIC_SAFE
G-00754,5,18,SITE-003,0,0,gold,SYNTHETIC_PUBLIC_SAFE
G-00755,5,20,SITE-003,0.71,0,gold,SYNTHETIC_PUBLIC_SAFE
G-00756,5,22,SITE-003,0.113,0,gold,SYNTHETIC_PUBLIC_SAFE
G-00757,5,0,SITE-004,0.587,0,gold,SYNTHETIC_PUBLIC_SAFE
G-00758,5,2,SITE-004,0,0,gold,SYNTHETIC_PUBLIC_SAFE
G-00759,5,4,SITE-004,0.827,1,gold,SYNTHETIC_PUBLIC_SAFE
G-00760,5,6,SITE-004,0,0,gold,SYNTHETIC_PUBLIC_SAFE
G-00761,5,8,SITE-004,0,0,gold,SYNTHETIC_PUBLIC_SAFE
G-00762,5,10,SITE-004,0,0,gold,SYNTHETIC_PUBLIC_SAFE
G-00763,5,12,SITE-004,0,0,gold,SYNTHETIC_PUBLIC_SAFE
G-00764,5,14,SITE-004,0,0,gold,SYNTHETIC_PUBLIC_SAFE
G-00765,5,16,SITE-004,0,0,gold,SYNTHETIC_PUBLIC_SAFE
G-00766,5,18,SITE-004,0,0,gold,SYNTHETIC_PUBLIC_SAFE
G-00767,5,20,SITE-004,0.323,0,gold,SYNTHETIC_PUBLIC_SAFE
G-00768,5,22,SITE-004,0,0,gold,SYNTHETIC_PUBLIC_SAFE
G-00769,5,0,SITE-005,0,0,gold,SYNTHETIC_PUBLIC_SAFE
G-00770,5,2,SITE-005,0,0,gold,SYNTHETIC_PUBLIC_SAFE
G-00771,5,4,SITE-005,0,0,gold,SYNTHETIC_PUBLIC_SAFE
G-00772,5,6,SITE-005,0,0,gold,SYNTHETIC_PUBLIC_SAFE
G-00773,5,8,SITE-005,0.28,0,gold,SYNTHETIC_PUBLIC_SAFE
G-00774,5,10,SITE-005,0,0,gold,SYNTHETIC_PUBLIC_SAFE
G-00775,5,12,SITE-005,0.022,0,gold,SYNTHETIC_PUBLIC_SAFE
G-00776,5,14,SITE-005,0,0,gold,SYNTHETIC_PUBLIC_SAFE
G-00777,5,16,SITE-005,0.021,0,gold,SYNTHETIC_PUBLIC_SAFE
G-00778,5,18,SITE-005,0.028,0,gold,SYNTHETIC_PUBLIC_SAFE
G-00779,5,20,SITE-005,0,0,gold,SYNTHETIC_PUBLIC_SAFE
G-00780,5,22,SITE-005,0,0,gold,SYNTHETIC_PUBLIC_SAFE
G-00781,5,0,SITE-006,0.081,0,gold,SYNTHETIC_PUBLIC_SAFE
G-00782,5,2,SITE-006,0.091,0,gold,SYNTHETIC_PUBLIC_SAFE
G-00783,5,4,SITE-006,0,0,gold,SYNTHETIC_PUBLIC_SAFE
G-00784,5,6,SITE-006,0,0,gold,SYNTHETIC_PUBLIC_SAFE
G-00785,5,8,SITE-006,0.466,0,gold,SYNTHETIC_PUBLIC_SAFE
G-00786,5,10,SITE-006,0,0,gold,SYNTHETIC_PUBLIC_SAFE
G-00787,5,12,SITE-006,0,0,gold,SYNTHETIC_PUBLIC_SAFE
G-00788,5,14,SITE-006,0,0,gold,SYNTHETIC_PUBLIC_SAFE
G-00789,5,16,SITE-006,0,0,gold,SYNTHETIC_PUBLIC_SAFE
G-00790,5,18,SITE-006,0,0,gold,SYNTHETIC_PUBLIC_SAFE
G-00791,5,20,SITE-006,0,0,gold,SYNTHETIC_PUBLIC_SAFE
G-00792,5,22,SITE-006,0,0,gold,SYNTHETIC_PUBLIC_SAFE
G-00793,5,0,SITE-007,0,0,gold,SYNTHETIC_PUBLIC_SAFE
G-00794,5,2,SITE-007,0.99,1,gold,SYNTHETIC_PUBLIC_SAFE
G-00795,5,4,SITE-007,0.186,0,gold,SYNTHETIC_PUBLIC_SAFE
G-00796,5,6,SITE-007,0,0,gold,SYNTHETIC_PUBLIC_SAFE
G-00797,5,8,SITE-007,0,0,gold,SYNTHETIC_PUBLIC_SAFE
G-00798,5,10,SITE-007,0,0,gold,SYNTHETIC_PUBLIC_SAFE
G-00799,5,12,SITE-007,0,0,gold,SYNTHETIC_PUBLIC_SAFE
G-00800,5,14,SITE-007,0,0,gold,SYNTHETIC_PUBLIC_SAFE
G-00801,5,16,SITE-007,0.702,0,gold,SYNTHETIC_PUBLIC_SAFE
G-00802,5,18,SITE-007,0,0,gold,SYNTHETIC_PUBLIC_SAFE
G-00803,5,20,SITE-007,0,0,gold,SYNTHETIC_PUBLIC_SAFE
G-00804,5,22,SITE-007,0,0,gold,SYNTHETIC_PUBLIC_SAFE
G-00805,5,0,SITE-008,0.344,0,gold,SYNTHETIC_PUBLIC_SAFE
G-00806,5,2,SITE-008,0,0,gold,SYNTHETIC_PUBLIC_SAFE
G-00807,5,4,SITE-008,0,0,gold,SYNTHETIC_PUBLIC_SAFE
G-00808,5,6,SITE-008,0.274,0,gold,SYNTHETIC_PUBLIC_SAFE
G-00809,5,8,SITE-008,0,0,gold,SYNTHETIC_PUBLIC_SAFE
G-00810,5,10,SITE-008,0,0,gold,SYNTHETIC_PUBLIC_SAFE
G-00811,5,12,SITE-008,0,0,gold,SYNTHETIC_PUBLIC_SAFE
G-00812,5,14,SITE-008,0.748,0,gold,SYNTHETIC_PUBLIC_SAFE
G-00813,5,16,SITE-008,0.583,0,gold,SYNTHETIC_PUBLIC_SAFE
G-00814,5,18,SITE-008,0.373,0,gold,SYNTHETIC_PUBLIC_SAFE
G-00815,5,20,SITE-008,0,0,gold,SYNTHETIC_PUBLIC_SAFE
G-00816,5,22,SITE-008,0,0,gold,SYNTHETIC_PUBLIC_SAFE
G-00817,5,0,SITE-009,0,0,gold,SYNTHETIC_PUBLIC_SAFE
G-00818,5,2,SITE-009,0.083,0,gold,SYNTHETIC_PUBLIC_SAFE
G-00819,5,4,SITE-009,0.258,0,gold,SYNTHETIC_PUBLIC_SAFE
G-00820,5,6,SITE-009,0,0,gold,SYNTHETIC_PUBLIC_SAFE
G-00821,5,8,SITE-009,0.194,0,gold,SYNTHETIC_PUBLIC_SAFE
G-00822,5,10,SITE-009,0,0,gold,SYNTHETIC_PUBLIC_SAFE
G-00823,5,12,SITE-009,0,0,gold,SYNTHETIC_PUBLIC_SAFE
G-00824,5,14,SITE-009,0,0,gold,SYNTHETIC_PUBLIC_SAFE
G-00825,5,16,SITE-009,0.227,0,gold,SYNTHETIC_PUBLIC_SAFE
G-00826,5,18,SITE-009,0.825,1,gold,SYNTHETIC_PUBLIC_SAFE
G-00827,5,20,SITE-009,0.543,0,gold,SYNTHETIC_PUBLIC_SAFE
G-00828,5,22,SITE-009,0.454,0,gold,SYNTHETIC_PUBLIC_SAFE
G-00829,5,0,SITE-010,0.227,0,gold,SYNTHETIC_PUBLIC_SAFE
G-00830,5,2,SITE-010,0,0,gold,SYNTHETIC_PUBLIC_SAFE
G-00831,5,4,SITE-010,0,0,gold,SYNTHETIC_PUBLIC_SAFE
G-00832,5,6,SITE-010,0,0,gold,SYNTHETIC_PUBLIC_SAFE
G-00833,5,8,SITE-010,0,0,gold,SYNTHETIC_PUBLIC_SAFE
G-00834,5,10,SITE-010,0,0,gold,SYNTHETIC_PUBLIC_SAFE
G-00835,5,12,SITE-010,0,0,gold,SYNTHETIC_PUBLIC_SAFE
G-00836,5,14,SITE-010,0,0,gold,SYNTHETIC_PUBLIC_SAFE
G-00837,5,16,SITE-010,0,0,gold,SYNTHETIC_PUBLIC_SAFE
G-00838,5,18,SITE-010,0.48,0,gold,SYNTHETIC_PUBLIC_SAFE
G-00839,5,20,SITE-010,0,0,gold,SYNTHETIC_PUBLIC_SAFE
G-00840,5,22,SITE-010,0,0,gold,SYNTHETIC_PUBLIC_SAFE
G-00841,5,0,SITE-011,0,0,gold,SYNTHETIC_PUBLIC_SAFE
G-00842,5,2,SITE-011,0.064,0,gold,SYNTHETIC_PUBLIC_SAFE
G-00843,5,4,SITE-011,0,0,gold,SYNTHETIC_PUBLIC_SAFE
G-00844,5,6,SITE-011,0,0,gold,SYNTHETIC_PUBLIC_SAFE
G-00845,5,8,SITE-011,0.466,0,gold,SYNTHETIC_PUBLIC_SAFE
G-00846,5,10,SITE-011,0.143,0,gold,SYNTHETIC_PUBLIC_SAFE
G-00847,5,12,SITE-011,0.395,0,gold,SYNTHETIC_PUBLIC_SAFE
G-00848,5,14,SITE-011,0,0,gold,SYNTHETIC_PUBLIC_SAFE
G-00849,5,16,SITE-011,0,0,gold,SYNTHETIC_PUBLIC_SAFE
G-00850,5,18,SITE-011,0.733,0,gold,SYNTHETIC_PUBLIC_SAFE
G-00851,5,20,SITE-011,0,0,gold,SYNTHETIC_PUBLIC_SAFE
G-00852,5,22,SITE-011,0.767,1,gold,SYNTHETIC_PUBLIC_SAFE
G-00853,5,0,SITE-012,0,0,gold,SYNTHETIC_PUBLIC_SAFE
G-00854,5,2,SITE-012,0,0,gold,SYNTHETIC_PUBLIC_SAFE
G-00855,5,4,SITE-012,0,0,gold,SYNTHETIC_PUBLIC_SAFE
G-00856,5,6,SITE-012,0,0,gold,SYNTHETIC_PUBLIC_SAFE
G-00857,5,8,SITE-012,0.848,1,gold,SYNTHETIC_PUBLIC_SAFE
G-00858,5,10,SITE-012,0,0,gold,SYNTHETIC_PUBLIC_SAFE
G-00859,5,12,SITE-012,0,0,gold,SYNTHETIC_PUBLIC_SAFE
G-00860,5,14,SITE-012,0.213,0,gold,SYNTHETIC_PUBLIC_SAFE
G-00861,5,16,SITE-012,0.345,0,gold,SYNTHETIC_PUBLIC_SAFE
G-00862,5,18,SITE-012,0,0,gold,SYNTHETIC_PUBLIC_SAFE
G-00863,5,20,SITE-012,0,0,gold,SYNTHETIC_PUBLIC_SAFE
G-00864,5,22,SITE-012,0,0,gold,SYNTHETIC_PUBLIC_SAFE
G-00865,6,0,SITE-001,0,0,gold,SYNTHETIC_PUBLIC_SAFE
G-00866,6,2,SITE-001,0,0,gold,SYNTHETIC_PUBLIC_SAFE
G-00867,6,4,SITE-001,0,0,gold,SYNTHETIC_PUBLIC_SAFE
G-00868,6,6,SITE-001,0,0,gold,SYNTHETIC_PUBLIC_SAFE
G-00869,6,8,SITE-001,0.556,0,gold,SYNTHETIC_PUBLIC_SAFE
G-00870,6,10,SITE-001,0,0,gold,SYNTHETIC_PUBLIC_SAFE
G-00871,6,12,SITE-001,0,0,gold,SYNTHETIC_PUBLIC_SAFE
G-00872,6,14,SITE-001,0.233,0,gold,SYNTHETIC_PUBLIC_SAFE
G-00873,6,16,SITE-001,0,0,gold,SYNTHETIC_PUBLIC_SAFE
G-00874,6,18,SITE-001,0.124,0,gold,SYNTHETIC_PUBLIC_SAFE
G-00875,6,20,SITE-001,0,0,gold,SYNTHETIC_PUBLIC_SAFE
G-00876,6,22,SITE-001,0,0,gold,SYNTHETIC_PUBLIC_SAFE
G-00877,6,0,SITE-002,0,0,gold,SYNTHETIC_PUBLIC_SAFE
G-00878,6,2,SITE-002,0,0,gold,SYNTHETIC_PUBLIC_SAFE
G-00879,6,4,SITE-002,0,0,gold,SYNTHETIC_PUBLIC_SAFE
G-00880,6,6,SITE-002,0,0,gold,SYNTHETIC_PUBLIC_SAFE
G-00881,6,8,SITE-002,0,0,gold,SYNTHETIC_PUBLIC_SAFE
G-00882,6,10,SITE-002,0,0,gold,SYNTHETIC_PUBLIC_SAFE
G-00883,6,12,SITE-002,0,0,gold,SYNTHETIC_PUBLIC_SAFE
G-00884,6,14,SITE-002,0,0,gold,SYNTHETIC_PUBLIC_SAFE
G-00885,6,16,SITE-002,0.32,0,gold,SYNTHETIC_PUBLIC_SAFE
G-00886,6,18,SITE-002,0,0,gold,SYNTHETIC_PUBLIC_SAFE
G-00887,6,20,SITE-002,0.387,0,gold,SYNTHETIC_PUBLIC_SAFE
G-00888,6,22,SITE-002,0,0,gold,SYNTHETIC_PUBLIC_SAFE
G-00889,6,0,SITE-003,0,0,gold,SYNTHETIC_PUBLIC_SAFE
G-00890,6,2,SITE-003,0,0,gold,SYNTHETIC_PUBLIC_SAFE
G-00891,6,4,SITE-003,0,0,gold,SYNTHETIC_PUBLIC_SAFE
G-00892,6,6,SITE-003,0,0,gold,SYNTHETIC_PUBLIC_SAFE
G-00893,6,8,SITE-003,0,0,gold,SYNTHETIC_PUBLIC_SAFE
G-00894,6,10,SITE-003,0,0,gold,SYNTHETIC_PUBLIC_SAFE
G-00895,6,12,SITE-003,0.641,0,gold,SYNTHETIC_PUBLIC_SAFE
G-00896,6,14,SITE-003,0.458,0,gold,SYNTHETIC_PUBLIC_SAFE
G-00897,6,16,SITE-003,0,0,gold,SYNTHETIC_PUBLIC_SAFE
G-00898,6,18,SITE-003,0,0,gold,SYNTHETIC_PUBLIC_SAFE
G-00899,6,20,SITE-003,0.2,0,gold,SYNTHETIC_PUBLIC_SAFE
G-00900,6,22,SITE-003,0,0,gold,SYNTHETIC_PUBLIC_SAFE
G-00901,6,0,SITE-004,0,0,gold,SYNTHETIC_PUBLIC_SAFE
G-00902,6,2,SITE-004,0,0,gold,SYNTHETIC_PUBLIC_SAFE
G-00903,6,4,SITE-004,0.695,0,gold,SYNTHETIC_PUBLIC_SAFE
G-00904,6,6,SITE-004,0,0,gold,SYNTHETIC_PUBLIC_SAFE
G-00905,6,8,SITE-004,0.245,0,gold,SYNTHETIC_PUBLIC_SAFE
G-00906,6,10,SITE-004,0,0,gold,SYNTHETIC_PUBLIC_SAFE
G-00907,6,12,SITE-004,0,0,gold,SYNTHETIC_PUBLIC_SAFE
G-00908,6,14,SITE-004,0,0,gold,SYNTHETIC_PUBLIC_SAFE
G-00909,6,16,SITE-004,0,0,gold,SYNTHETIC_PUBLIC_SAFE
G-00910,6,18,SITE-004,0.769,1,gold,SYNTHETIC_PUBLIC_SAFE
G-00911,6,20,SITE-004,0,0,gold,SYNTHETIC_PUBLIC_SAFE
G-00912,6,22,SITE-004,0,0,gold,SYNTHETIC_PUBLIC_SAFE
G-00913,6,0,SITE-005,0,0,gold,SYNTHETIC_PUBLIC_SAFE
G-00914,6,2,SITE-005,0,0,gold,SYNTHETIC_PUBLIC_SAFE
G-00915,6,4,SITE-005,0,0,gold,SYNTHETIC_PUBLIC_SAFE
G-00916,6,6,SITE-005,0,0,gold,SYNTHETIC_PUBLIC_SAFE
G-00917,6,8,SITE-005,0,0,gold,SYNTHETIC_PUBLIC_SAFE
G-00918,6,10,SITE-005,0,0,gold,SYNTHETIC_PUBLIC_SAFE
G-00919,6,12,SITE-005,0,0,gold,SYNTHETIC_PUBLIC_SAFE
G-00920,6,14,SITE-005,0,0,gold,SYNTHETIC_PUBLIC_SAFE
G-00921,6,16,SITE-005,0,0,gold,SYNTHETIC_PUBLIC_SAFE
G-00922,6,18,SITE-005,0,0,gold,SYNTHETIC_PUBLIC_SAFE
G-00923,6,20,SITE-005,0.537,0,gold,SYNTHETIC_PUBLIC_SAFE
G-00924,6,22,SITE-005,0,0,gold,SYNTHETIC_PUBLIC_SAFE
G-00925,6,0,SITE-006,0,0,gold,SYNTHETIC_PUBLIC_SAFE
G-00926,6,2,SITE-006,0,0,gold,SYNTHETIC_PUBLIC_SAFE
G-00927,6,4,SITE-006,0,0,gold,SYNTHETIC_PUBLIC_SAFE
G-00928,6,6,SITE-006,0,0,gold,SYNTHETIC_PUBLIC_SAFE
G-00929,6,8,SITE-006,0,0,gold,SYNTHETIC_PUBLIC_SAFE
G-00930,6,10,SITE-006,0,0,gold,SYNTHETIC_PUBLIC_SAFE
G-00931,6,12,SITE-006,0.766,1,gold,SYNTHETIC_PUBLIC_SAFE
G-00932,6,14,SITE-006,0,0,gold,SYNTHETIC_PUBLIC_SAFE
G-00933,6,16,SITE-006,0,0,gold,SYNTHETIC_PUBLIC_SAFE
G-00934,6,18,SITE-006,0,0,gold,SYNTHETIC_PUBLIC_SAFE
G-00935,6,20,SITE-006,0,0,gold,SYNTHETIC_PUBLIC_SAFE
G-00936,6,22,SITE-006,0.491,0,gold,SYNTHETIC_PUBLIC_SAFE
G-00937,6,0,SITE-007,0,0,gold,SYNTHETIC_PUBLIC_SAFE
G-00938,6,2,SITE-007,0,0,gold,SYNTHETIC_PUBLIC_SAFE
G-00939,6,4,SITE-007,0,0,gold,SYNTHETIC_PUBLIC_SAFE
G-00940,6,6,SITE-007,0,0,gold,SYNTHETIC_PUBLIC_SAFE
G-00941,6,8,SITE-007,0,0,gold,SYNTHETIC_PUBLIC_SAFE
G-00942,6,10,SITE-007,0,0,gold,SYNTHETIC_PUBLIC_SAFE
G-00943,6,12,SITE-007,0,0,gold,SYNTHETIC_PUBLIC_SAFE
G-00944,6,14,SITE-007,0,0,gold,SYNTHETIC_PUBLIC_SAFE
G-00945,6,16,SITE-007,0,0,gold,SYNTHETIC_PUBLIC_SAFE
G-00946,6,18,SITE-007,0,0,gold,SYNTHETIC_PUBLIC_SAFE
G-00947,6,20,SITE-007,0.003,0,gold,SYNTHETIC_PUBLIC_SAFE
G-00948,6,22,SITE-007,0,0,gold,SYNTHETIC_PUBLIC_SAFE
G-00949,6,0,SITE-008,0,0,gold,SYNTHETIC_PUBLIC_SAFE
G-00950,6,2,SITE-008,0,0,gold,SYNTHETIC_PUBLIC_SAFE
G-00951,6,4,SITE-008,0,0,gold,SYNTHETIC_PUBLIC_SAFE
G-00952,6,6,SITE-008,0,0,gold,SYNTHETIC_PUBLIC_SAFE
G-00953,6,8,SITE-008,0.34,0,gold,SYNTHETIC_PUBLIC_SAFE
G-00954,6,10,SITE-008,0,0,gold,SYNTHETIC_PUBLIC_SAFE
G-00955,6,12,SITE-008,0,0,gold,SYNTHETIC_PUBLIC_SAFE
G-00956,6,14,SITE-008,0,0,gold,SYNTHETIC_PUBLIC_SAFE
G-00957,6,16,SITE-008,0,0,gold,SYNTHETIC_PUBLIC_SAFE
G-00958,6,18,SITE-008,0.444,0,gold,SYNTHETIC_PUBLIC_SAFE
G-00959,6,20,SITE-008,0.517,0,gold,SYNTHETIC_PUBLIC_SAFE
G-00960,6,22,SITE-008,0,0,gold,SYNTHETIC_PUBLIC_SAFE
G-00961,6,0,SITE-009,0.101,0,gold,SYNTHETIC_PUBLIC_SAFE
G-00962,6,2,SITE-009,0.32,0,gold,SYNTHETIC_PUBLIC_SAFE
G-00963,6,4,SITE-009,0.363,0,gold,SYNTHETIC_PUBLIC_SAFE
G-00964,6,6,SITE-009,0,0,gold,SYNTHETIC_PUBLIC_SAFE
G-00965,6,8,SITE-009,0,0,gold,SYNTHETIC_PUBLIC_SAFE
G-00966,6,10,SITE-009,0,0,gold,SYNTHETIC_PUBLIC_SAFE
G-00967,6,12,SITE-009,0.125,0,gold,SYNTHETIC_PUBLIC_SAFE
G-00968,6,14,SITE-009,0,0,gold,SYNTHETIC_PUBLIC_SAFE
G-00969,6,16,SITE-009,0.546,0,gold,SYNTHETIC_PUBLIC_SAFE
G-00970,6,18,SITE-009,0,0,gold,SYNTHETIC_PUBLIC_SAFE
G-00971,6,20,SITE-009,0,0,gold,SYNTHETIC_PUBLIC_SAFE
G-00972,6,22,SITE-009,0,0,gold,SYNTHETIC_PUBLIC_SAFE
G-00973,6,0,SITE-010,0,0,gold,SYNTHETIC_PUBLIC_SAFE
G-00974,6,2,SITE-010,0,0,gold,SYNTHETIC_PUBLIC_SAFE
G-00975,6,4,SITE-010,0,0,gold,SYNTHETIC_PUBLIC_SAFE
G-00976,6,6,SITE-010,0,0,gold,SYNTHETIC_PUBLIC_SAFE
G-00977,6,8,SITE-010,0,0,gold,SYNTHETIC_PUBLIC_SAFE
G-00978,6,10,SITE-010,0,0,gold,SYNTHETIC_PUBLIC_SAFE
G-00979,6,12,SITE-010,0,0,gold,SYNTHETIC_PUBLIC_SAFE
G-00980,6,14,SITE-010,0,0,gold,SYNTHETIC_PUBLIC_SAFE
G-00981,6,16,SITE-010,0,0,gold,SYNTHETIC_PUBLIC_SAFE
G-00982,6,18,SITE-010,0.312,0,gold,SYNTHETIC_PUBLIC_SAFE
G-00983,6,20,SITE-010,0,0,gold,SYNTHETIC_PUBLIC_SAFE
G-00984,6,22,SITE-010,0,0,gold,SYNTHETIC_PUBLIC_SAFE
G-00985,6,0,SITE-011,0,0,gold,SYNTHETIC_PUBLIC_SAFE
G-00986,6,2,SITE-011,0,0,gold,SYNTHETIC_PUBLIC_SAFE
G-00987,6,4,SITE-011,0,0,gold,SYNTHETIC_PUBLIC_SAFE
G-00988,6,6,SITE-011,0,0,gold,SYNTHETIC_PUBLIC_SAFE
G-00989,6,8,SITE-011,0.6,0,gold,SYNTHETIC_PUBLIC_SAFE
G-00990,6,10,SITE-011,0.332,0,gold,SYNTHETIC_PUBLIC_SAFE
G-00991,6,12,SITE-011,0.158,0,gold,SYNTHETIC_PUBLIC_SAFE
G-00992,6,14,SITE-011,0,0,gold,SYNTHETIC_PUBLIC_SAFE
G-00993,6,16,SITE-011,0.335,0,gold,SYNTHETIC_PUBLIC_SAFE
G-00994,6,18,SITE-011,0,0,gold,SYNTHETIC_PUBLIC_SAFE
G-00995,6,20,SITE-011,0,0,gold,SYNTHETIC_PUBLIC_SAFE
G-00996,6,22,SITE-011,0,0,gold,SYNTHETIC_PUBLIC_SAFE
G-00997,6,0,SITE-012,0,0,gold,SYNTHETIC_PUBLIC_SAFE
G-00998,6,2,SITE-012,0,0,gold,SYNTHETIC_PUBLIC_SAFE
G-00999,6,4,SITE-012,0,0,gold,SYNTHETIC_PUBLIC_SAFE
G-01000,6,6,SITE-012,0,0,gold,SYNTHETIC_PUBLIC_SAFE
G-01001,6,8,SITE-012,0.806,1,gold,SYNTHETIC_PUBLIC_SAFE
G-01002,6,10,SITE-012,0,0,gold,SYNTHETIC_PUBLIC_SAFE
G-01003,6,12,SITE-012,0,0,gold,SYNTHETIC_PUBLIC_SAFE
G-01004,6,14,SITE-012,0,0,gold,SYNTHETIC_PUBLIC_SAFE
G-01005,6,16,SITE-012,0.116,0,gold,SYNTHETIC_PUBLIC_SAFE
G-01006,6,18,SITE-012,0,0,gold,SYNTHETIC_PUBLIC_SAFE
G-01007,6,20,SITE-012,0,0,gold,SYNTHETIC_PUBLIC_SAFE
G-01008,6,22,SITE-012,0.551,0,gold,SYNTHETIC_PUBLIC_SAFE
G-01009,7,0,SITE-001,0,0,gold,SYNTHETIC_PUBLIC_SAFE
G-01010,7,2,SITE-001,0,0,gold,SYNTHETIC_PUBLIC_SAFE
G-01011,7,4,SITE-001,0,0,gold,SYNTHETIC_PUBLIC_SAFE
G-01012,7,6,SITE-001,0,0,gold,SYNTHETIC_PUBLIC_SAFE
G-01013,7,8,SITE-001,0,0,gold,SYNTHETIC_PUBLIC_SAFE
G-01014,7,10,SITE-001,0,0,gold,SYNTHETIC_PUBLIC_SAFE
G-01015,7,12,SITE-001,0,0,gold,SYNTHETIC_PUBLIC_SAFE
G-01016,7,14,SITE-001,0,0,gold,SYNTHETIC_PUBLIC_SAFE
G-01017,7,16,SITE-001,0,0,gold,SYNTHETIC_PUBLIC_SAFE
G-01018,7,18,SITE-001,0,0,gold,SYNTHETIC_PUBLIC_SAFE
G-01019,7,20,SITE-001,0.797,1,gold,SYNTHETIC_PUBLIC_SAFE
G-01020,7,22,SITE-001,0,0,gold,SYNTHETIC_PUBLIC_SAFE
G-01021,7,0,SITE-002,0,0,gold,SYNTHETIC_PUBLIC_SAFE
G-01022,7,2,SITE-002,0.394,0,gold,SYNTHETIC_PUBLIC_SAFE
G-01023,7,4,SITE-002,0.668,0,gold,SYNTHETIC_PUBLIC_SAFE
G-01024,7,6,SITE-002,0,0,gold,SYNTHETIC_PUBLIC_SAFE
G-01025,7,8,SITE-002,0.207,0,gold,SYNTHETIC_PUBLIC_SAFE
G-01026,7,10,SITE-002,0,0,gold,SYNTHETIC_PUBLIC_SAFE
G-01027,7,12,SITE-002,0,0,gold,SYNTHETIC_PUBLIC_SAFE
G-01028,7,14,SITE-002,0.526,0,gold,SYNTHETIC_PUBLIC_SAFE
G-01029,7,16,SITE-002,0,0,gold,SYNTHETIC_PUBLIC_SAFE
G-01030,7,18,SITE-002,0,0,gold,SYNTHETIC_PUBLIC_SAFE
G-01031,7,20,SITE-002,0,0,gold,SYNTHETIC_PUBLIC_SAFE
G-01032,7,22,SITE-002,0,0,gold,SYNTHETIC_PUBLIC_SAFE
G-01033,7,0,SITE-003,0,0,gold,SYNTHETIC_PUBLIC_SAFE
G-01034,7,2,SITE-003,0.739,0,gold,SYNTHETIC_PUBLIC_SAFE
G-01035,7,4,SITE-003,0.094,0,gold,SYNTHETIC_PUBLIC_SAFE
G-01036,7,6,SITE-003,0.293,0,gold,SYNTHETIC_PUBLIC_SAFE
G-01037,7,8,SITE-003,0,0,gold,SYNTHETIC_PUBLIC_SAFE
G-01038,7,10,SITE-003,0,0,gold,SYNTHETIC_PUBLIC_SAFE
G-01039,7,12,SITE-003,0.821,1,gold,SYNTHETIC_PUBLIC_SAFE
G-01040,7,14,SITE-003,0,0,gold,SYNTHETIC_PUBLIC_SAFE
G-01041,7,16,SITE-003,0,0,gold,SYNTHETIC_PUBLIC_SAFE
G-01042,7,18,SITE-003,0,0,gold,SYNTHETIC_PUBLIC_SAFE
G-01043,7,20,SITE-003,0.802,1,gold,SYNTHETIC_PUBLIC_SAFE
G-01044,7,22,SITE-003,0,0,gold,SYNTHETIC_PUBLIC_SAFE
G-01045,7,0,SITE-004,0,0,gold,SYNTHETIC_PUBLIC_SAFE
G-01046,7,2,SITE-004,0.07,0,gold,SYNTHETIC_PUBLIC_SAFE
G-01047,7,4,SITE-004,0,0,gold,SYNTHETIC_PUBLIC_SAFE
G-01048,7,6,SITE-004,0.555,0,gold,SYNTHETIC_PUBLIC_SAFE
G-01049,7,8,SITE-004,0.153,0,gold,SYNTHETIC_PUBLIC_SAFE
G-01050,7,10,SITE-004,0,0,gold,SYNTHETIC_PUBLIC_SAFE
G-01051,7,12,SITE-004,0,0,gold,SYNTHETIC_PUBLIC_SAFE
G-01052,7,14,SITE-004,0.487,0,gold,SYNTHETIC_PUBLIC_SAFE
G-01053,7,16,SITE-004,0,0,gold,SYNTHETIC_PUBLIC_SAFE
G-01054,7,18,SITE-004,0,0,gold,SYNTHETIC_PUBLIC_SAFE
G-01055,7,20,SITE-004,0,0,gold,SYNTHETIC_PUBLIC_SAFE
G-01056,7,22,SITE-004,0,0,gold,SYNTHETIC_PUBLIC_SAFE
G-01057,7,0,SITE-005,0.103,0,gold,SYNTHETIC_PUBLIC_SAFE
G-01058,7,2,SITE-005,0,0,gold,SYNTHETIC_PUBLIC_SAFE
G-01059,7,4,SITE-005,0,0,gold,SYNTHETIC_PUBLIC_SAFE
G-01060,7,6,SITE-005,0,0,gold,SYNTHETIC_PUBLIC_SAFE
G-01061,7,8,SITE-005,0,0,gold,SYNTHETIC_PUBLIC_SAFE
G-01062,7,10,SITE-005,0,0,gold,SYNTHETIC_PUBLIC_SAFE
G-01063,7,12,SITE-005,0,0,gold,SYNTHETIC_PUBLIC_SAFE
G-01064,7,14,SITE-005,0,0,gold,SYNTHETIC_PUBLIC_SAFE
G-01065,7,16,SITE-005,0,0,gold,SYNTHETIC_PUBLIC_SAFE
G-01066,7,18,SITE-005,0,0,gold,SYNTHETIC_PUBLIC_SAFE
G-01067,7,20,SITE-005,0,0,gold,SYNTHETIC_PUBLIC_SAFE
G-01068,7,22,SITE-005,0.008,0,gold,SYNTHETIC_PUBLIC_SAFE
G-01069,7,0,SITE-006,0,0,gold,SYNTHETIC_PUBLIC_SAFE
G-01070,7,2,SITE-006,0.615,0,gold,SYNTHETIC_PUBLIC_SAFE
G-01071,7,4,SITE-006,0,0,gold,SYNTHETIC_PUBLIC_SAFE
G-01072,7,6,SITE-006,0,0,gold,SYNTHETIC_PUBLIC_SAFE
G-01073,7,8,SITE-006,0.392,0,gold,SYNTHETIC_PUBLIC_SAFE
G-01074,7,10,SITE-006,0,0,gold,SYNTHETIC_PUBLIC_SAFE
G-01075,7,12,SITE-006,0.304,0,gold,SYNTHETIC_PUBLIC_SAFE
G-01076,7,14,SITE-006,0,0,gold,SYNTHETIC_PUBLIC_SAFE
G-01077,7,16,SITE-006,0,0,gold,SYNTHETIC_PUBLIC_SAFE
G-01078,7,18,SITE-006,0.182,0,gold,SYNTHETIC_PUBLIC_SAFE
G-01079,7,20,SITE-006,0,0,gold,SYNTHETIC_PUBLIC_SAFE
G-01080,7,22,SITE-006,0,0,gold,SYNTHETIC_PUBLIC_SAFE
G-01081,7,0,SITE-007,0,0,gold,SYNTHETIC_PUBLIC_SAFE
G-01082,7,2,SITE-007,0.307,0,gold,SYNTHETIC_PUBLIC_SAFE
G-01083,7,4,SITE-007,0.125,0,gold,SYNTHETIC_PUBLIC_SAFE
G-01084,7,6,SITE-007,0,0,gold,SYNTHETIC_PUBLIC_SAFE
G-01085,7,8,SITE-007,0,0,gold,SYNTHETIC_PUBLIC_SAFE
G-01086,7,10,SITE-007,0,0,gold,SYNTHETIC_PUBLIC_SAFE
G-01087,7,12,SITE-007,0,0,gold,SYNTHETIC_PUBLIC_SAFE
G-01088,7,14,SITE-007,0,0,gold,SYNTHETIC_PUBLIC_SAFE
G-01089,7,16,SITE-007,0,0,gold,SYNTHETIC_PUBLIC_SAFE
G-01090,7,18,SITE-007,0,0,gold,SYNTHETIC_PUBLIC_SAFE
G-01091,7,20,SITE-007,0,0,gold,SYNTHETIC_PUBLIC_SAFE
G-01092,7,22,SITE-007,0.194,0,gold,SYNTHETIC_PUBLIC_SAFE
G-01093,7,0,SITE-008,0,0,gold,SYNTHETIC_PUBLIC_SAFE
G-01094,7,2,SITE-008,0,0,gold,SYNTHETIC_PUBLIC_SAFE
G-01095,7,4,SITE-008,0,0,gold,SYNTHETIC_PUBLIC_SAFE
G-01096,7,6,SITE-008,0,0,gold,SYNTHETIC_PUBLIC_SAFE
G-01097,7,8,SITE-008,0,0,gold,SYNTHETIC_PUBLIC_SAFE
G-01098,7,10,SITE-008,0,0,gold,SYNTHETIC_PUBLIC_SAFE
G-01099,7,12,SITE-008,0,0,gold,SYNTHETIC_PUBLIC_SAFE
G-01100,7,14,SITE-008,0,0,gold,SYNTHETIC_PUBLIC_SAFE
G-01101,7,16,SITE-008,0,0,gold,SYNTHETIC_PUBLIC_SAFE
G-01102,7,18,SITE-008,0,0,gold,SYNTHETIC_PUBLIC_SAFE
G-01103,7,20,SITE-008,0.78,1,gold,SYNTHETIC_PUBLIC_SAFE
G-01104,7,22,SITE-008,0,0,gold,SYNTHETIC_PUBLIC_SAFE
G-01105,7,0,SITE-009,0,0,gold,SYNTHETIC_PUBLIC_SAFE
G-01106,7,2,SITE-009,0,0,gold,SYNTHETIC_PUBLIC_SAFE
G-01107,7,4,SITE-009,0,0,gold,SYNTHETIC_PUBLIC_SAFE
G-01108,7,6,SITE-009,0,0,gold,SYNTHETIC_PUBLIC_SAFE
G-01109,7,8,SITE-009,0.82,1,gold,SYNTHETIC_PUBLIC_SAFE
G-01110,7,10,SITE-009,0.379,0,gold,SYNTHETIC_PUBLIC_SAFE
G-01111,7,12,SITE-009,0,0,gold,SYNTHETIC_PUBLIC_SAFE
G-01112,7,14,SITE-009,0,0,gold,SYNTHETIC_PUBLIC_SAFE
G-01113,7,16,SITE-009,0,0,gold,SYNTHETIC_PUBLIC_SAFE
G-01114,7,18,SITE-009,0.717,0,gold,SYNTHETIC_PUBLIC_SAFE
G-01115,7,20,SITE-009,0,0,gold,SYNTHETIC_PUBLIC_SAFE
G-01116,7,22,SITE-009,0.036,0,gold,SYNTHETIC_PUBLIC_SAFE
G-01117,7,0,SITE-010,0,0,gold,SYNTHETIC_PUBLIC_SAFE
G-01118,7,2,SITE-010,0,0,gold,SYNTHETIC_PUBLIC_SAFE
G-01119,7,4,SITE-010,0,0,gold,SYNTHETIC_PUBLIC_SAFE
G-01120,7,6,SITE-010,0.374,0,gold,SYNTHETIC_PUBLIC_SAFE
G-01121,7,8,SITE-010,0.007,0,gold,SYNTHETIC_PUBLIC_SAFE
G-01122,7,10,SITE-010,0,0,gold,SYNTHETIC_PUBLIC_SAFE
G-01123,7,12,SITE-010,0,0,gold,SYNTHETIC_PUBLIC_SAFE
G-01124,7,14,SITE-010,0,0,gold,SYNTHETIC_PUBLIC_SAFE
G-01125,7,16,SITE-010,0,0,gold,SYNTHETIC_PUBLIC_SAFE
G-01126,7,18,SITE-010,0.599,0,gold,SYNTHETIC_PUBLIC_SAFE
G-01127,7,20,SITE-010,0,0,gold,SYNTHETIC_PUBLIC_SAFE
G-01128,7,22,SITE-010,0,0,gold,SYNTHETIC_PUBLIC_SAFE
G-01129,7,0,SITE-011,0,0,gold,SYNTHETIC_PUBLIC_SAFE
G-01130,7,2,SITE-011,0.243,0,gold,SYNTHETIC_PUBLIC_SAFE
G-01131,7,4,SITE-011,0,0,gold,SYNTHETIC_PUBLIC_SAFE
G-01132,7,6,SITE-011,0,0,gold,SYNTHETIC_PUBLIC_SAFE
G-01133,7,8,SITE-011,0.399,0,gold,SYNTHETIC_PUBLIC_SAFE
G-01134,7,10,SITE-011,0,0,gold,SYNTHETIC_PUBLIC_SAFE
G-01135,7,12,SITE-011,0,0,gold,SYNTHETIC_PUBLIC_SAFE
G-01136,7,14,SITE-011,0,0,gold,SYNTHETIC_PUBLIC_SAFE
G-01137,7,16,SITE-011,0,0,gold,SYNTHETIC_PUBLIC_SAFE
G-01138,7,18,SITE-011,0.613,0,gold,SYNTHETIC_PUBLIC_SAFE
G-01139,7,20,SITE-011,0,0,gold,SYNTHETIC_PUBLIC_SAFE
G-01140,7,22,SITE-011,0.489,0,gold,SYNTHETIC_PUBLIC_SAFE
G-01141,7,0,SITE-012,0,0,gold,SYNTHETIC_PUBLIC_SAFE
G-01142,7,2,SITE-012,0,0,gold,SYNTHETIC_PUBLIC_SAFE
G-01143,7,4,SITE-012,0,0,gold,SYNTHETIC_PUBLIC_SAFE
G-01144,7,6,SITE-012,0,0,gold,SYNTHETIC_PUBLIC_SAFE
G-01145,7,8,SITE-012,0,0,gold,SYNTHETIC_PUBLIC_SAFE
G-01146,7,10,SITE-012,0,0,gold,SYNTHETIC_PUBLIC_SAFE
G-01147,7,12,SITE-012,0.487,0,gold,SYNTHETIC_PUBLIC_SAFE
G-01148,7,14,SITE-012,0.14,0,gold,SYNTHETIC_PUBLIC_SAFE
G-01149,7,16,SITE-012,0,0,gold,SYNTHETIC_PUBLIC_SAFE
G-01150,7,18,SITE-012,0,0,gold,SYNTHETIC_PUBLIC_SAFE
G-01151,7,20,SITE-012,0,0,gold,SYNTHETIC_PUBLIC_SAFE
G-01152,7,22,SITE-012,0,0,gold,SYNTHETIC_PUBLIC_SAFE
G-01153,8,0,SITE-001,0,0,gold,SYNTHETIC_PUBLIC_SAFE
G-01154,8,2,SITE-001,0,0,gold,SYNTHETIC_PUBLIC_SAFE
G-01155,8,4,SITE-001,0,0,gold,SYNTHETIC_PUBLIC_SAFE
G-01156,8,6,SITE-001,0,0,gold,SYNTHETIC_PUBLIC_SAFE
G-01157,8,8,SITE-001,0,0,gold,SYNTHETIC_PUBLIC_SAFE
G-01158,8,10,SITE-001,0,0,gold,SYNTHETIC_PUBLIC_SAFE
G-01159,8,12,SITE-001,0,0,gold,SYNTHETIC_PUBLIC_SAFE
G-01160,8,14,SITE-001,0,0,gold,SYNTHETIC_PUBLIC_SAFE
G-01161,8,16,SITE-001,0,0,gold,SYNTHETIC_PUBLIC_SAFE
G-01162,8,18,SITE-001,0.033,0,gold,SYNTHETIC_PUBLIC_SAFE
G-01163,8,20,SITE-001,0.5,0,gold,SYNTHETIC_PUBLIC_SAFE
G-01164,8,22,SITE-001,0.552,0,gold,SYNTHETIC_PUBLIC_SAFE
G-01165,8,0,SITE-002,0,0,gold,SYNTHETIC_PUBLIC_SAFE
G-01166,8,2,SITE-002,0,0,gold,SYNTHETIC_PUBLIC_SAFE
G-01167,8,4,SITE-002,0,0,gold,SYNTHETIC_PUBLIC_SAFE
G-01168,8,6,SITE-002,0.8,1,gold,SYNTHETIC_PUBLIC_SAFE
G-01169,8,8,SITE-002,0,0,gold,SYNTHETIC_PUBLIC_SAFE
G-01170,8,10,SITE-002,0,0,gold,SYNTHETIC_PUBLIC_SAFE
G-01171,8,12,SITE-002,0,0,gold,SYNTHETIC_PUBLIC_SAFE
G-01172,8,14,SITE-002,0,0,gold,SYNTHETIC_PUBLIC_SAFE
G-01173,8,16,SITE-002,0,0,gold,SYNTHETIC_PUBLIC_SAFE
G-01174,8,18,SITE-002,0,0,gold,SYNTHETIC_PUBLIC_SAFE
G-01175,8,20,SITE-002,0,0,gold,SYNTHETIC_PUBLIC_SAFE
G-01176,8,22,SITE-002,0,0,gold,SYNTHETIC_PUBLIC_SAFE
G-01177,8,0,SITE-003,0.683,0,gold,SYNTHETIC_PUBLIC_SAFE
G-01178,8,2,SITE-003,0,0,gold,SYNTHETIC_PUBLIC_SAFE
G-01179,8,4,SITE-003,0,0,gold,SYNTHETIC_PUBLIC_SAFE
G-01180,8,6,SITE-003,0,0,gold,SYNTHETIC_PUBLIC_SAFE
G-01181,8,8,SITE-003,0.364,0,gold,SYNTHETIC_PUBLIC_SAFE
G-01182,8,10,SITE-003,0.472,0,gold,SYNTHETIC_PUBLIC_SAFE
G-01183,8,12,SITE-003,0.258,0,gold,SYNTHETIC_PUBLIC_SAFE
G-01184,8,14,SITE-003,0.062,0,gold,SYNTHETIC_PUBLIC_SAFE
G-01185,8,16,SITE-003,0,0,gold,SYNTHETIC_PUBLIC_SAFE
G-01186,8,18,SITE-003,0,0,gold,SYNTHETIC_PUBLIC_SAFE
G-01187,8,20,SITE-003,0,0,gold,SYNTHETIC_PUBLIC_SAFE
G-01188,8,22,SITE-003,0,0,gold,SYNTHETIC_PUBLIC_SAFE
G-01189,8,0,SITE-004,0,0,gold,SYNTHETIC_PUBLIC_SAFE
G-01190,8,2,SITE-004,0.377,0,gold,SYNTHETIC_PUBLIC_SAFE
G-01191,8,4,SITE-004,0,0,gold,SYNTHETIC_PUBLIC_SAFE
G-01192,8,6,SITE-004,0,0,gold,SYNTHETIC_PUBLIC_SAFE
G-01193,8,8,SITE-004,0,0,gold,SYNTHETIC_PUBLIC_SAFE
G-01194,8,10,SITE-004,0,0,gold,SYNTHETIC_PUBLIC_SAFE
G-01195,8,12,SITE-004,0,0,gold,SYNTHETIC_PUBLIC_SAFE
G-01196,8,14,SITE-004,0,0,gold,SYNTHETIC_PUBLIC_SAFE
G-01197,8,16,SITE-004,0,0,gold,SYNTHETIC_PUBLIC_SAFE
G-01198,8,18,SITE-004,0.223,0,gold,SYNTHETIC_PUBLIC_SAFE
G-01199,8,20,SITE-004,0.14,0,gold,SYNTHETIC_PUBLIC_SAFE
G-01200,8,22,SITE-004,0,0,gold,SYNTHETIC_PUBLIC_SAFE
G-01201,8,0,SITE-005,0,0,gold,SYNTHETIC_PUBLIC_SAFE
G-01202,8,2,SITE-005,0,0,gold,SYNTHETIC_PUBLIC_SAFE
G-01203,8,4,SITE-005,0.241,0,gold,SYNTHETIC_PUBLIC_SAFE
G-01204,8,6,SITE-005,0,0,gold,SYNTHETIC_PUBLIC_SAFE
G-01205,8,8,SITE-005,0,0,gold,SYNTHETIC_PUBLIC_SAFE
G-01206,8,10,SITE-005,0.646,0,gold,SYNTHETIC_PUBLIC_SAFE
G-01207,8,12,SITE-005,0.481,0,gold,SYNTHETIC_PUBLIC_SAFE
G-01208,8,14,SITE-005,0,0,gold,SYNTHETIC_PUBLIC_SAFE
G-01209,8,16,SITE-005,0.507,0,gold,SYNTHETIC_PUBLIC_SAFE
G-01210,8,18,SITE-005,0,0,gold,SYNTHETIC_PUBLIC_SAFE
G-01211,8,20,SITE-005,0.295,0,gold,SYNTHETIC_PUBLIC_SAFE
G-01212,8,22,SITE-005,0,0,gold,SYNTHETIC_PUBLIC_SAFE
G-01213,8,0,SITE-006,0,0,gold,SYNTHETIC_PUBLIC_SAFE
G-01214,8,2,SITE-006,0,0,gold,SYNTHETIC_PUBLIC_SAFE
G-01215,8,4,SITE-006,0.481,0,gold,SYNTHETIC_PUBLIC_SAFE
G-01216,8,6,SITE-006,0,0,gold,SYNTHETIC_PUBLIC_SAFE
G-01217,8,8,SITE-006,0,0,gold,SYNTHETIC_PUBLIC_SAFE
G-01218,8,10,SITE-006,0,0,gold,SYNTHETIC_PUBLIC_SAFE
G-01219,8,12,SITE-006,0,0,gold,SYNTHETIC_PUBLIC_SAFE
G-01220,8,14,SITE-006,0.834,1,gold,SYNTHETIC_PUBLIC_SAFE
G-01221,8,16,SITE-006,0,0,gold,SYNTHETIC_PUBLIC_SAFE
G-01222,8,18,SITE-006,0,0,gold,SYNTHETIC_PUBLIC_SAFE
G-01223,8,20,SITE-006,0,0,gold,SYNTHETIC_PUBLIC_SAFE
G-01224,8,22,SITE-006,0,0,gold,SYNTHETIC_PUBLIC_SAFE
G-01225,8,0,SITE-007,0,0,gold,SYNTHETIC_PUBLIC_SAFE
G-01226,8,2,SITE-007,0,0,gold,SYNTHETIC_PUBLIC_SAFE
G-01227,8,4,SITE-007,0,0,gold,SYNTHETIC_PUBLIC_SAFE
G-01228,8,6,SITE-007,0,0,gold,SYNTHETIC_PUBLIC_SAFE
G-01229,8,8,SITE-007,0,0,gold,SYNTHETIC_PUBLIC_SAFE
G-01230,8,10,SITE-007,0,0,gold,SYNTHETIC_PUBLIC_SAFE
G-01231,8,12,SITE-007,0,0,gold,SYNTHETIC_PUBLIC_SAFE
G-01232,8,14,SITE-007,0,0,gold,SYNTHETIC_PUBLIC_SAFE
G-01233,8,16,SITE-007,0,0,gold,SYNTHETIC_PUBLIC_SAFE
G-01234,8,18,SITE-007,0,0,gold,SYNTHETIC_PUBLIC_SAFE
G-01235,8,20,SITE-007,0.812,1,gold,SYNTHETIC_PUBLIC_SAFE
G-01236,8,22,SITE-007,0.259,0,gold,SYNTHETIC_PUBLIC_SAFE
G-01237,8,0,SITE-008,0,0,gold,SYNTHETIC_PUBLIC_SAFE
G-01238,8,2,SITE-008,0,0,gold,SYNTHETIC_PUBLIC_SAFE
G-01239,8,4,SITE-008,0,0,gold,SYNTHETIC_PUBLIC_SAFE
G-01240,8,6,SITE-008,0.186,0,gold,SYNTHETIC_PUBLIC_SAFE
G-01241,8,8,SITE-008,0,0,gold,SYNTHETIC_PUBLIC_SAFE
G-01242,8,10,SITE-008,0,0,gold,SYNTHETIC_PUBLIC_SAFE
G-01243,8,12,SITE-008,0.079,0,gold,SYNTHETIC_PUBLIC_SAFE
G-01244,8,14,SITE-008,0,0,gold,SYNTHETIC_PUBLIC_SAFE
G-01245,8,16,SITE-008,0.659,0,gold,SYNTHETIC_PUBLIC_SAFE
G-01246,8,18,SITE-008,0,0,gold,SYNTHETIC_PUBLIC_SAFE
G-01247,8,20,SITE-008,0.488,0,gold,SYNTHETIC_PUBLIC_SAFE
G-01248,8,22,SITE-008,0,0,gold,SYNTHETIC_PUBLIC_SAFE
G-01249,8,0,SITE-009,0,0,gold,SYNTHETIC_PUBLIC_SAFE
G-01250,8,2,SITE-009,0,0,gold,SYNTHETIC_PUBLIC_SAFE
G-01251,8,4,SITE-009,0,0,gold,SYNTHETIC_PUBLIC_SAFE
G-01252,8,6,SITE-009,0,0,gold,SYNTHETIC_PUBLIC_SAFE
G-01253,8,8,SITE-009,0.227,0,gold,SYNTHETIC_PUBLIC_SAFE
G-01254,8,10,SITE-009,0.558,0,gold,SYNTHETIC_PUBLIC_SAFE
G-01255,8,12,SITE-009,0,0,gold,SYNTHETIC_PUBLIC_SAFE
G-01256,8,14,SITE-009,0.382,0,gold,SYNTHETIC_PUBLIC_SAFE
G-01257,8,16,SITE-009,0,0,gold,SYNTHETIC_PUBLIC_SAFE
G-01258,8,18,SITE-009,0,0,gold,SYNTHETIC_PUBLIC_SAFE
G-01259,8,20,SITE-009,0.382,0,gold,SYNTHETIC_PUBLIC_SAFE
G-01260,8,22,SITE-009,0,0,gold,SYNTHETIC_PUBLIC_SAFE
G-01261,8,0,SITE-010,0.546,0,gold,SYNTHETIC_PUBLIC_SAFE
G-01262,8,2,SITE-010,0,0,gold,SYNTHETIC_PUBLIC_SAFE
G-01263,8,4,SITE-010,0,0,gold,SYNTHETIC_PUBLIC_SAFE
G-01264,8,6,SITE-010,0,0,gold,SYNTHETIC_PUBLIC_SAFE
G-01265,8,8,SITE-010,0.069,0,gold,SYNTHETIC_PUBLIC_SAFE
G-01266,8,10,SITE-010,0.365,0,gold,SYNTHETIC_PUBLIC_SAFE
G-01267,8,12,SITE-010,0.109,0,gold,SYNTHETIC_PUBLIC_SAFE
G-01268,8,14,SITE-010,0.487,0,gold,SYNTHETIC_PUBLIC_SAFE
G-01269,8,16,SITE-010,0.752,1,gold,SYNTHETIC_PUBLIC_SAFE
G-01270,8,18,SITE-010,0.427,0,gold,SYNTHETIC_PUBLIC_SAFE
G-01271,8,20,SITE-010,0,0,gold,SYNTHETIC_PUBLIC_SAFE
G-01272,8,22,SITE-010,0.829,1,gold,SYNTHETIC_PUBLIC_SAFE
G-01273,8,0,SITE-011,0,0,gold,SYNTHETIC_PUBLIC_SAFE
G-01274,8,2,SITE-011,0.574,0,gold,SYNTHETIC_PUBLIC_SAFE
G-01275,8,4,SITE-011,0,0,gold,SYNTHETIC_PUBLIC_SAFE
G-01276,8,6,SITE-011,0.388,0,gold,SYNTHETIC_PUBLIC_SAFE
G-01277,8,8,SITE-011,0,0,gold,SYNTHETIC_PUBLIC_SAFE
G-01278,8,10,SITE-011,0.157,0,gold,SYNTHETIC_PUBLIC_SAFE
G-01279,8,12,SITE-011,0.165,0,gold,SYNTHETIC_PUBLIC_SAFE
G-01280,8,14,SITE-011,0.622,0,gold,SYNTHETIC_PUBLIC_SAFE
G-01281,8,16,SITE-011,0,0,gold,SYNTHETIC_PUBLIC_SAFE
G-01282,8,18,SITE-011,0,0,gold,SYNTHETIC_PUBLIC_SAFE
G-01283,8,20,SITE-011,0,0,gold,SYNTHETIC_PUBLIC_SAFE
G-01284,8,22,SITE-011,0.861,1,gold,SYNTHETIC_PUBLIC_SAFE
G-01285,8,0,SITE-012,0,0,gold,SYNTHETIC_PUBLIC_SAFE
G-01286,8,2,SITE-012,0,0,gold,SYNTHETIC_PUBLIC_SAFE
G-01287,8,4,SITE-012,0,0,gold,SYNTHETIC_PUBLIC_SAFE
G-01288,8,6,SITE-012,0.038,0,gold,SYNTHETIC_PUBLIC_SAFE
G-01289,8,8,SITE-012,0,0,gold,SYNTHETIC_PUBLIC_SAFE
G-01290,8,10,SITE-012,0.525,0,gold,SYNTHETIC_PUBLIC_SAFE
G-01291,8,12,SITE-012,0,0,gold,SYNTHETIC_PUBLIC_SAFE
G-01292,8,14,SITE-012,0,0,gold,SYNTHETIC_PUBLIC_SAFE
G-01293,8,16,SITE-012,0,0,gold,SYNTHETIC_PUBLIC_SAFE
G-01294,8,18,SITE-012,0.209,0,gold,SYNTHETIC_PUBLIC_SAFE
G-01295,8,20,SITE-012,0.186,0,gold,SYNTHETIC_PUBLIC_SAFE
G-01296,8,22,SITE-012,0.561,0,gold,SYNTHETIC_PUBLIC_SAFE
G-01297,9,0,SITE-001,0,0,gold,SYNTHETIC_PUBLIC_SAFE
G-01298,9,2,SITE-001,0,0,gold,SYNTHETIC_PUBLIC_SAFE
G-01299,9,4,SITE-001,0,0,gold,SYNTHETIC_PUBLIC_SAFE
G-01300,9,6,SITE-001,0,0,gold,SYNTHETIC_PUBLIC_SAFE
G-01301,9,8,SITE-001,0,0,gold,SYNTHETIC_PUBLIC_SAFE
G-01302,9,10,SITE-001,0,0,gold,SYNTHETIC_PUBLIC_SAFE
G-01303,9,12,SITE-001,0.313,0,gold,SYNTHETIC_PUBLIC_SAFE
G-01304,9,14,SITE-001,0,0,gold,SYNTHETIC_PUBLIC_SAFE
G-01305,9,16,SITE-001,0,0,gold,SYNTHETIC_PUBLIC_SAFE
G-01306,9,18,SITE-001,0,0,gold,SYNTHETIC_PUBLIC_SAFE
G-01307,9,20,SITE-001,0,0,gold,SYNTHETIC_PUBLIC_SAFE
G-01308,9,22,SITE-001,0,0,gold,SYNTHETIC_PUBLIC_SAFE
G-01309,9,0,SITE-002,0,0,gold,SYNTHETIC_PUBLIC_SAFE
G-01310,9,2,SITE-002,0.29,0,gold,SYNTHETIC_PUBLIC_SAFE
G-01311,9,4,SITE-002,0.55,0,gold,SYNTHETIC_PUBLIC_SAFE
G-01312,9,6,SITE-002,0,0,gold,SYNTHETIC_PUBLIC_SAFE
G-01313,9,8,SITE-002,0.777,1,gold,SYNTHETIC_PUBLIC_SAFE
G-01314,9,10,SITE-002,0,0,gold,SYNTHETIC_PUBLIC_SAFE
G-01315,9,12,SITE-002,0,0,gold,SYNTHETIC_PUBLIC_SAFE
G-01316,9,14,SITE-002,0,0,gold,SYNTHETIC_PUBLIC_SAFE
G-01317,9,16,SITE-002,0,0,gold,SYNTHETIC_PUBLIC_SAFE
G-01318,9,18,SITE-002,0.437,0,gold,SYNTHETIC_PUBLIC_SAFE
G-01319,9,20,SITE-002,0,0,gold,SYNTHETIC_PUBLIC_SAFE
G-01320,9,22,SITE-002,0,0,gold,SYNTHETIC_PUBLIC_SAFE
G-01321,9,0,SITE-003,0,0,gold,SYNTHETIC_PUBLIC_SAFE
G-01322,9,2,SITE-003,0,0,gold,SYNTHETIC_PUBLIC_SAFE
G-01323,9,4,SITE-003,0.335,0,gold,SYNTHETIC_PUBLIC_SAFE
G-01324,9,6,SITE-003,0,0,gold,SYNTHETIC_PUBLIC_SAFE
G-01325,9,8,SITE-003,0,0,gold,SYNTHETIC_PUBLIC_SAFE
G-01326,9,10,SITE-003,0,0,gold,SYNTHETIC_PUBLIC_SAFE
G-01327,9,12,SITE-003,0.246,0,gold,SYNTHETIC_PUBLIC_SAFE
G-01328,9,14,SITE-003,0.446,0,gold,SYNTHETIC_PUBLIC_SAFE
G-01329,9,16,SITE-003,0.383,0,gold,SYNTHETIC_PUBLIC_SAFE
G-01330,9,18,SITE-003,0,0,gold,SYNTHETIC_PUBLIC_SAFE
G-01331,9,20,SITE-003,0,0,gold,SYNTHETIC_PUBLIC_SAFE
G-01332,9,22,SITE-003,0,0,gold,SYNTHETIC_PUBLIC_SAFE
G-01333,9,0,SITE-004,0.302,0,gold,SYNTHETIC_PUBLIC_SAFE
G-01334,9,2,SITE-004,0,0,gold,SYNTHETIC_PUBLIC_SAFE
G-01335,9,4,SITE-004,0.793,1,gold,SYNTHETIC_PUBLIC_SAFE
G-01336,9,6,SITE-004,0.713,0,gold,SYNTHETIC_PUBLIC_SAFE
G-01337,9,8,SITE-004,0,0,gold,SYNTHETIC_PUBLIC_SAFE
G-01338,9,10,SITE-004,0,0,gold,SYNTHETIC_PUBLIC_SAFE
G-01339,9,12,SITE-004,0,0,gold,SYNTHETIC_PUBLIC_SAFE
G-01340,9,14,SITE-004,0,0,gold,SYNTHETIC_PUBLIC_SAFE
G-01341,9,16,SITE-004,0.629,0,gold,SYNTHETIC_PUBLIC_SAFE
G-01342,9,18,SITE-004,0,0,gold,SYNTHETIC_PUBLIC_SAFE
G-01343,9,20,SITE-004,0,0,gold,SYNTHETIC_PUBLIC_SAFE
G-01344,9,22,SITE-004,0,0,gold,SYNTHETIC_PUBLIC_SAFE
G-01345,9,0,SITE-005,0.422,0,gold,SYNTHETIC_PUBLIC_SAFE
G-01346,9,2,SITE-005,0,0,gold,SYNTHETIC_PUBLIC_SAFE
G-01347,9,4,SITE-005,0,0,gold,SYNTHETIC_PUBLIC_SAFE
G-01348,9,6,SITE-005,0,0,gold,SYNTHETIC_PUBLIC_SAFE
G-01349,9,8,SITE-005,1.025,1,gold,SYNTHETIC_PUBLIC_SAFE
G-01350,9,10,SITE-005,0.202,0,gold,SYNTHETIC_PUBLIC_SAFE
G-01351,9,12,SITE-005,0.201,0,gold,SYNTHETIC_PUBLIC_SAFE
G-01352,9,14,SITE-005,0.816,1,gold,SYNTHETIC_PUBLIC_SAFE
G-01353,9,16,SITE-005,0,0,gold,SYNTHETIC_PUBLIC_SAFE
G-01354,9,18,SITE-005,0,0,gold,SYNTHETIC_PUBLIC_SAFE
G-01355,9,20,SITE-005,0,0,gold,SYNTHETIC_PUBLIC_SAFE
G-01356,9,22,SITE-005,0,0,gold,SYNTHETIC_PUBLIC_SAFE
G-01357,9,0,SITE-006,0.819,1,gold,SYNTHETIC_PUBLIC_SAFE
G-01358,9,2,SITE-006,0,0,gold,SYNTHETIC_PUBLIC_SAFE
G-01359,9,4,SITE-006,0,0,gold,SYNTHETIC_PUBLIC_SAFE
G-01360,9,6,SITE-006,0.799,1,gold,SYNTHETIC_PUBLIC_SAFE
G-01361,9,8,SITE-006,0,0,gold,SYNTHETIC_PUBLIC_SAFE
G-01362,9,10,SITE-006,0.487,0,gold,SYNTHETIC_PUBLIC_SAFE
G-01363,9,12,SITE-006,0.167,0,gold,SYNTHETIC_PUBLIC_SAFE
G-01364,9,14,SITE-006,0.727,0,gold,SYNTHETIC_PUBLIC_SAFE
G-01365,9,16,SITE-006,0,0,gold,SYNTHETIC_PUBLIC_SAFE
G-01366,9,18,SITE-006,0.04,0,gold,SYNTHETIC_PUBLIC_SAFE
G-01367,9,20,SITE-006,0,0,gold,SYNTHETIC_PUBLIC_SAFE
G-01368,9,22,SITE-006,0.664,0,gold,SYNTHETIC_PUBLIC_SAFE
G-01369,9,0,SITE-007,0,0,gold,SYNTHETIC_PUBLIC_SAFE
G-01370,9,2,SITE-007,0,0,gold,SYNTHETIC_PUBLIC_SAFE
G-01371,9,4,SITE-007,0,0,gold,SYNTHETIC_PUBLIC_SAFE
G-01372,9,6,SITE-007,0.763,1,gold,SYNTHETIC_PUBLIC_SAFE
G-01373,9,8,SITE-007,0,0,gold,SYNTHETIC_PUBLIC_SAFE
G-01374,9,10,SITE-007,0,0,gold,SYNTHETIC_PUBLIC_SAFE
G-01375,9,12,SITE-007,0,0,gold,SYNTHETIC_PUBLIC_SAFE
G-01376,9,14,SITE-007,0,0,gold,SYNTHETIC_PUBLIC_SAFE
G-01377,9,16,SITE-007,0,0,gold,SYNTHETIC_PUBLIC_SAFE
G-01378,9,18,SITE-007,0,0,gold,SYNTHETIC_PUBLIC_SAFE
G-01379,9,20,SITE-007,0,0,gold,SYNTHETIC_PUBLIC_SAFE
G-01380,9,22,SITE-007,0.764,1,gold,SYNTHETIC_PUBLIC_SAFE
G-01381,9,0,SITE-008,0,0,gold,SYNTHETIC_PUBLIC_SAFE
G-01382,9,2,SITE-008,0,0,gold,SYNTHETIC_PUBLIC_SAFE
G-01383,9,4,SITE-008,0,0,gold,SYNTHETIC_PUBLIC_SAFE
G-01384,9,6,SITE-008,0,0,gold,SYNTHETIC_PUBLIC_SAFE
G-01385,9,8,SITE-008,0,0,gold,SYNTHETIC_PUBLIC_SAFE
G-01386,9,10,SITE-008,0,0,gold,SYNTHETIC_PUBLIC_SAFE
G-01387,9,12,SITE-008,0.469,0,gold,SYNTHETIC_PUBLIC_SAFE
G-01388,9,14,SITE-008,1.089,1,gold,SYNTHETIC_PUBLIC_SAFE
G-01389,9,16,SITE-008,0,0,gold,SYNTHETIC_PUBLIC_SAFE
G-01390,9,18,SITE-008,0,0,gold,SYNTHETIC_PUBLIC_SAFE
G-01391,9,20,SITE-008,0.863,1,gold,SYNTHETIC_PUBLIC_SAFE
G-01392,9,22,SITE-008,0.583,0,gold,SYNTHETIC_PUBLIC_SAFE
G-01393,9,0,SITE-009,0.378,0,gold,SYNTHETIC_PUBLIC_SAFE
G-01394,9,2,SITE-009,0,0,gold,SYNTHETIC_PUBLIC_SAFE
G-01395,9,4,SITE-009,0,0,gold,SYNTHETIC_PUBLIC_SAFE
G-01396,9,6,SITE-009,0.148,0,gold,SYNTHETIC_PUBLIC_SAFE
G-01397,9,8,SITE-009,0.6,0,gold,SYNTHETIC_PUBLIC_SAFE
G-01398,9,10,SITE-009,0,0,gold,SYNTHETIC_PUBLIC_SAFE
G-01399,9,12,SITE-009,0.078,0,gold,SYNTHETIC_PUBLIC_SAFE
G-01400,9,14,SITE-009,0,0,gold,SYNTHETIC_PUBLIC_SAFE
G-01401,9,16,SITE-009,0,0,gold,SYNTHETIC_PUBLIC_SAFE
G-01402,9,18,SITE-009,0,0,gold,SYNTHETIC_PUBLIC_SAFE
G-01403,9,20,SITE-009,0.075,0,gold,SYNTHETIC_PUBLIC_SAFE
G-01404,9,22,SITE-009,0,0,gold,SYNTHETIC_PUBLIC_SAFE
G-01405,9,0,SITE-010,0,0,gold,SYNTHETIC_PUBLIC_SAFE
G-01406,9,2,SITE-010,0,0,gold,SYNTHETIC_PUBLIC_SAFE
G-01407,9,4,SITE-010,0.218,0,gold,SYNTHETIC_PUBLIC_SAFE
G-01408,9,6,SITE-010,0,0,gold,SYNTHETIC_PUBLIC_SAFE
G-01409,9,8,SITE-010,0,0,gold,SYNTHETIC_PUBLIC_SAFE
G-01410,9,10,SITE-010,0.505,0,gold,SYNTHETIC_PUBLIC_SAFE
G-01411,9,12,SITE-010,0,0,gold,SYNTHETIC_PUBLIC_SAFE
G-01412,9,14,SITE-010,0,0,gold,SYNTHETIC_PUBLIC_SAFE
G-01413,9,16,SITE-010,0,0,gold,SYNTHETIC_PUBLIC_SAFE
G-01414,9,18,SITE-010,0,0,gold,SYNTHETIC_PUBLIC_SAFE
G-01415,9,20,SITE-010,0,0,gold,SYNTHETIC_PUBLIC_SAFE
G-01416,9,22,SITE-010,0.26,0,gold,SYNTHETIC_PUBLIC_SAFE
G-01417,9,0,SITE-011,0.272,0,gold,SYNTHETIC_PUBLIC_SAFE
G-01418,9,2,SITE-011,0.095,0,gold,SYNTHETIC_PUBLIC_SAFE
G-01419,9,4,SITE-011,0,0,gold,SYNTHETIC_PUBLIC_SAFE
G-01420,9,6,SITE-011,0.611,0,gold,SYNTHETIC_PUBLIC_SAFE
G-01421,9,8,SITE-011,0,0,gold,SYNTHETIC_PUBLIC_SAFE
G-01422,9,10,SITE-011,0.332,0,gold,SYNTHETIC_PUBLIC_SAFE
G-01423,9,12,SITE-011,0,0,gold,SYNTHETIC_PUBLIC_SAFE
G-01424,9,14,SITE-011,0,0,gold,SYNTHETIC_PUBLIC_SAFE
G-01425,9,16,SITE-011,0.213,0,gold,SYNTHETIC_PUBLIC_SAFE
G-01426,9,18,SITE-011,0.229,0,gold,SYNTHETIC_PUBLIC_SAFE
G-01427,9,20,SITE-011,0,0,gold,SYNTHETIC_PUBLIC_SAFE
G-01428,9,22,SITE-011,0,0,gold,SYNTHETIC_PUBLIC_SAFE
G-01429,9,0,SITE-012,0,0,gold,SYNTHETIC_PUBLIC_SAFE
G-01430,9,2,SITE-012,0,0,gold,SYNTHETIC_PUBLIC_SAFE
G-01431,9,4,SITE-012,0,0,gold,SYNTHETIC_PUBLIC_SAFE
G-01432,9,6,SITE-012,0,0,gold,SYNTHETIC_PUBLIC_SAFE
G-01433,9,8,SITE-012,0,0,gold,SYNTHETIC_PUBLIC_SAFE
G-01434,9,10,SITE-012,0,0,gold,SYNTHETIC_PUBLIC_SAFE
G-01435,9,12,SITE-012,0,0,gold,SYNTHETIC_PUBLIC_SAFE
G-01436,9,14,SITE-012,0,0,gold,SYNTHETIC_PUBLIC_SAFE
G-01437,9,16,SITE-012,0.236,0,gold,SYNTHETIC_PUBLIC_SAFE
G-01438,9,18,SITE-012,0.191,0,gold,SYNTHETIC_PUBLIC_SAFE
G-01439,9,20,SITE-012,0,0,gold,SYNTHETIC_PUBLIC_SAFE
G-01440,9,22,SITE-012,0.76,1,gold,SYNTHETIC_PUBLIC_SAFE
G-01441,10,0,SITE-001,0,0,gold,SYNTHETIC_PUBLIC_SAFE
G-01442,10,2,SITE-001,0,0,gold,SYNTHETIC_PUBLIC_SAFE
G-01443,10,4,SITE-001,0,0,gold,SYNTHETIC_PUBLIC_SAFE
G-01444,10,6,SITE-001,0,0,gold,SYNTHETIC_PUBLIC_SAFE
G-01445,10,8,SITE-001,0,0,gold,SYNTHETIC_PUBLIC_SAFE
G-01446,10,10,SITE-001,0,0,gold,SYNTHETIC_PUBLIC_SAFE
G-01447,10,12,SITE-001,0,0,gold,SYNTHETIC_PUBLIC_SAFE
G-01448,10,14,SITE-001,0.414,0,gold,SYNTHETIC_PUBLIC_SAFE
G-01449,10,16,SITE-001,0,0,gold,SYNTHETIC_PUBLIC_SAFE
G-01450,10,18,SITE-001,0,0,gold,SYNTHETIC_PUBLIC_SAFE
G-01451,10,20,SITE-001,0,0,gold,SYNTHETIC_PUBLIC_SAFE
G-01452,10,22,SITE-001,0.569,0,gold,SYNTHETIC_PUBLIC_SAFE
G-01453,10,0,SITE-002,0,0,gold,SYNTHETIC_PUBLIC_SAFE
G-01454,10,2,SITE-002,0,0,gold,SYNTHETIC_PUBLIC_SAFE
G-01455,10,4,SITE-002,0,0,gold,SYNTHETIC_PUBLIC_SAFE
G-01456,10,6,SITE-002,0,0,gold,SYNTHETIC_PUBLIC_SAFE
G-01457,10,8,SITE-002,0,0,gold,SYNTHETIC_PUBLIC_SAFE
G-01458,10,10,SITE-002,0,0,gold,SYNTHETIC_PUBLIC_SAFE
G-01459,10,12,SITE-002,0,0,gold,SYNTHETIC_PUBLIC_SAFE
G-01460,10,14,SITE-002,0,0,gold,SYNTHETIC_PUBLIC_SAFE
G-01461,10,16,SITE-002,0,0,gold,SYNTHETIC_PUBLIC_SAFE
G-01462,10,18,SITE-002,0.487,0,gold,SYNTHETIC_PUBLIC_SAFE
G-01463,10,20,SITE-002,0,0,gold,SYNTHETIC_PUBLIC_SAFE
G-01464,10,22,SITE-002,0.206,0,gold,SYNTHETIC_PUBLIC_SAFE
G-01465,10,0,SITE-003,0,0,gold,SYNTHETIC_PUBLIC_SAFE
G-01466,10,2,SITE-003,0.152,0,gold,SYNTHETIC_PUBLIC_SAFE
G-01467,10,4,SITE-003,0.738,0,gold,SYNTHETIC_PUBLIC_SAFE
G-01468,10,6,SITE-003,0.759,1,gold,SYNTHETIC_PUBLIC_SAFE
G-01469,10,8,SITE-003,0,0,gold,SYNTHETIC_PUBLIC_SAFE
G-01470,10,10,SITE-003,0.14,0,gold,SYNTHETIC_PUBLIC_SAFE
G-01471,10,12,SITE-003,0,0,gold,SYNTHETIC_PUBLIC_SAFE
G-01472,10,14,SITE-003,0.167,0,gold,SYNTHETIC_PUBLIC_SAFE
G-01473,10,16,SITE-003,0.791,1,gold,SYNTHETIC_PUBLIC_SAFE
G-01474,10,18,SITE-003,0.621,0,gold,SYNTHETIC_PUBLIC_SAFE
G-01475,10,20,SITE-003,0,0,gold,SYNTHETIC_PUBLIC_SAFE
G-01476,10,22,SITE-003,0.113,0,gold,SYNTHETIC_PUBLIC_SAFE
G-01477,10,0,SITE-004,0,0,gold,SYNTHETIC_PUBLIC_SAFE
G-01478,10,2,SITE-004,0.499,0,gold,SYNTHETIC_PUBLIC_SAFE
G-01479,10,4,SITE-004,0,0,gold,SYNTHETIC_PUBLIC_SAFE
G-01480,10,6,SITE-004,0.461,0,gold,SYNTHETIC_PUBLIC_SAFE
G-01481,10,8,SITE-004,0,0,gold,SYNTHETIC_PUBLIC_SAFE
G-01482,10,10,SITE-004,0,0,gold,SYNTHETIC_PUBLIC_SAFE
G-01483,10,12,SITE-004,0,0,gold,SYNTHETIC_PUBLIC_SAFE
G-01484,10,14,SITE-004,0,0,gold,SYNTHETIC_PUBLIC_SAFE
G-01485,10,16,SITE-004,0,0,gold,SYNTHETIC_PUBLIC_SAFE
G-01486,10,18,SITE-004,0,0,gold,SYNTHETIC_PUBLIC_SAFE
G-01487,10,20,SITE-004,0.003,0,gold,SYNTHETIC_PUBLIC_SAFE
G-01488,10,22,SITE-004,0,0,gold,SYNTHETIC_PUBLIC_SAFE
G-01489,10,0,SITE-005,0,0,gold,SYNTHETIC_PUBLIC_SAFE
G-01490,10,2,SITE-005,0.391,0,gold,SYNTHETIC_PUBLIC_SAFE
G-01491,10,4,SITE-005,0,0,gold,SYNTHETIC_PUBLIC_SAFE
G-01492,10,6,SITE-005,0,0,gold,SYNTHETIC_PUBLIC_SAFE
G-01493,10,8,SITE-005,0,0,gold,SYNTHETIC_PUBLIC_SAFE
G-01494,10,10,SITE-005,0,0,gold,SYNTHETIC_PUBLIC_SAFE
G-01495,10,12,SITE-005,0,0,gold,SYNTHETIC_PUBLIC_SAFE
G-01496,10,14,SITE-005,0,0,gold,SYNTHETIC_PUBLIC_SAFE
G-01497,10,16,SITE-005,0.424,0,gold,SYNTHETIC_PUBLIC_SAFE
G-01498,10,18,SITE-005,0,0,gold,SYNTHETIC_PUBLIC_SAFE
G-01499,10,20,SITE-005,0,0,gold,SYNTHETIC_PUBLIC_SAFE
G-01500,10,22,SITE-005,0,0,gold,SYNTHETIC_PUBLIC_SAFE
G-01501,10,0,SITE-006,0,0,gold,SYNTHETIC_PUBLIC_SAFE
G-01502,10,2,SITE-006,0,0,gold,SYNTHETIC_PUBLIC_SAFE
G-01503,10,4,SITE-006,0.782,1,gold,SYNTHETIC_PUBLIC_SAFE
G-01504,10,6,SITE-006,0,0,gold,SYNTHETIC_PUBLIC_SAFE
G-01505,10,8,SITE-006,0,0,gold,SYNTHETIC_PUBLIC_SAFE
G-01506,10,10,SITE-006,0,0,gold,SYNTHETIC_PUBLIC_SAFE
G-01507,10,12,SITE-006,0,0,gold,SYNTHETIC_PUBLIC_SAFE
G-01508,10,14,SITE-006,0,0,gold,SYNTHETIC_PUBLIC_SAFE
G-01509,10,16,SITE-006,0,0,gold,SYNTHETIC_PUBLIC_SAFE
G-01510,10,18,SITE-006,0,0,gold,SYNTHETIC_PUBLIC_SAFE
G-01511,10,20,SITE-006,0,0,gold,SYNTHETIC_PUBLIC_SAFE
G-01512,10,22,SITE-006,0,0,gold,SYNTHETIC_PUBLIC_SAFE
G-01513,10,0,SITE-007,0,0,gold,SYNTHETIC_PUBLIC_SAFE
G-01514,10,2,SITE-007,0.732,0,gold,SYNTHETIC_PUBLIC_SAFE
G-01515,10,4,SITE-007,0.451,0,gold,SYNTHETIC_PUBLIC_SAFE
G-01516,10,6,SITE-007,0.454,0,gold,SYNTHETIC_PUBLIC_SAFE
G-01517,10,8,SITE-007,0.309,0,gold,SYNTHETIC_PUBLIC_SAFE
G-01518,10,10,SITE-007,0.048,0,gold,SYNTHETIC_PUBLIC_SAFE
G-01519,10,12,SITE-007,0,0,gold,SYNTHETIC_PUBLIC_SAFE
G-01520,10,14,SITE-007,0,0,gold,SYNTHETIC_PUBLIC_SAFE
G-01521,10,16,SITE-007,0.012,0,gold,SYNTHETIC_PUBLIC_SAFE
G-01522,10,18,SITE-007,0,0,gold,SYNTHETIC_PUBLIC_SAFE
G-01523,10,20,SITE-007,0,0,gold,SYNTHETIC_PUBLIC_SAFE
G-01524,10,22,SITE-007,0,0,gold,SYNTHETIC_PUBLIC_SAFE
G-01525,10,0,SITE-008,0,0,gold,SYNTHETIC_PUBLIC_SAFE
G-01526,10,2,SITE-008,0.018,0,gold,SYNTHETIC_PUBLIC_SAFE
G-01527,10,4,SITE-008,0.563,0,gold,SYNTHETIC_PUBLIC_SAFE
G-01528,10,6,SITE-008,0,0,gold,SYNTHETIC_PUBLIC_SAFE
G-01529,10,8,SITE-008,0,0,gold,SYNTHETIC_PUBLIC_SAFE
G-01530,10,10,SITE-008,0,0,gold,SYNTHETIC_PUBLIC_SAFE
G-01531,10,12,SITE-008,0.402,0,gold,SYNTHETIC_PUBLIC_SAFE
G-01532,10,14,SITE-008,0.271,0,gold,SYNTHETIC_PUBLIC_SAFE
G-01533,10,16,SITE-008,0,0,gold,SYNTHETIC_PUBLIC_SAFE
G-01534,10,18,SITE-008,0,0,gold,SYNTHETIC_PUBLIC_SAFE
G-01535,10,20,SITE-008,0.412,0,gold,SYNTHETIC_PUBLIC_SAFE
G-01536,10,22,SITE-008,0,0,gold,SYNTHETIC_PUBLIC_SAFE
G-01537,10,0,SITE-009,0,0,gold,SYNTHETIC_PUBLIC_SAFE
G-01538,10,2,SITE-009,0.635,0,gold,SYNTHETIC_PUBLIC_SAFE
G-01539,10,4,SITE-009,0,0,gold,SYNTHETIC_PUBLIC_SAFE
G-01540,10,6,SITE-009,0,0,gold,SYNTHETIC_PUBLIC_SAFE
G-01541,10,8,SITE-009,0,0,gold,SYNTHETIC_PUBLIC_SAFE
G-01542,10,10,SITE-009,0,0,gold,SYNTHETIC_PUBLIC_SAFE
G-01543,10,12,SITE-009,0,0,gold,SYNTHETIC_PUBLIC_SAFE
G-01544,10,14,SITE-009,0,0,gold,SYNTHETIC_PUBLIC_SAFE
G-01545,10,16,SITE-009,0,0,gold,SYNTHETIC_PUBLIC_SAFE
G-01546,10,18,SITE-009,0,0,gold,SYNTHETIC_PUBLIC_SAFE
G-01547,10,20,SITE-009,0,0,gold,SYNTHETIC_PUBLIC_SAFE
G-01548,10,22,SITE-009,0,0,gold,SYNTHETIC_PUBLIC_SAFE
G-01549,10,0,SITE-010,0,0,gold,SYNTHETIC_PUBLIC_SAFE
G-01550,10,2,SITE-010,0,0,gold,SYNTHETIC_PUBLIC_SAFE
G-01551,10,4,SITE-010,0,0,gold,SYNTHETIC_PUBLIC_SAFE
G-01552,10,6,SITE-010,0,0,gold,SYNTHETIC_PUBLIC_SAFE
G-01553,10,8,SITE-010,0,0,gold,SYNTHETIC_PUBLIC_SAFE
G-01554,10,10,SITE-010,0,0,gold,SYNTHETIC_PUBLIC_SAFE
G-01555,10,12,SITE-010,0,0,gold,SYNTHETIC_PUBLIC_SAFE
G-01556,10,14,SITE-010,0,0,gold,SYNTHETIC_PUBLIC_SAFE
G-01557,10,16,SITE-010,0,0,gold,SYNTHETIC_PUBLIC_SAFE
G-01558,10,18,SITE-010,0,0,gold,SYNTHETIC_PUBLIC_SAFE
G-01559,10,20,SITE-010,0,0,gold,SYNTHETIC_PUBLIC_SAFE
G-01560,10,22,SITE-010,0,0,gold,SYNTHETIC_PUBLIC_SAFE
G-01561,10,0,SITE-011,0,0,gold,SYNTHETIC_PUBLIC_SAFE
G-01562,10,2,SITE-011,0,0,gold,SYNTHETIC_PUBLIC_SAFE
G-01563,10,4,SITE-011,0,0,gold,SYNTHETIC_PUBLIC_SAFE
G-01564,10,6,SITE-011,0,0,gold,SYNTHETIC_PUBLIC_SAFE
G-01565,10,8,SITE-011,0,0,gold,SYNTHETIC_PUBLIC_SAFE
G-01566,10,10,SITE-011,0.476,0,gold,SYNTHETIC_PUBLIC_SAFE
G-01567,10,12,SITE-011,0.023,0,gold,SYNTHETIC_PUBLIC_SAFE
G-01568,10,14,SITE-011,0,0,gold,SYNTHETIC_PUBLIC_SAFE
G-01569,10,16,SITE-011,0,0,gold,SYNTHETIC_PUBLIC_SAFE
G-01570,10,18,SITE-011,0,0,gold,SYNTHETIC_PUBLIC_SAFE
G-01571,10,20,SITE-011,0,0,gold,SYNTHETIC_PUBLIC_SAFE
G-01572,10,22,SITE-011,0,0,gold,SYNTHETIC_PUBLIC_SAFE
G-01573,10,0,SITE-012,0,0,gold,SYNTHETIC_PUBLIC_SAFE
G-01574,10,2,SITE-012,0,0,gold,SYNTHETIC_PUBLIC_SAFE
G-01575,10,4,SITE-012,0,0,gold,SYNTHETIC_PUBLIC_SAFE
G-01576,10,6,SITE-012,0,0,gold,SYNTHETIC_PUBLIC_SAFE
G-01577,10,8,SITE-012,0,0,gold,SYNTHETIC_PUBLIC_SAFE
G-01578,10,10,SITE-012,0.543,0,gold,SYNTHETIC_PUBLIC_SAFE
G-01579,10,12,SITE-012,0.487,0,gold,SYNTHETIC_PUBLIC_SAFE
G-01580,10,14,SITE-012,0,0,gold,SYNTHETIC_PUBLIC_SAFE
G-01581,10,16,SITE-012,0.026,0,gold,SYNTHETIC_PUBLIC_SAFE
G-01582,10,18,SITE-012,0,0,gold,SYNTHETIC_PUBLIC_SAFE
G-01583,10,20,SITE-012,0,0,gold,SYNTHETIC_PUBLIC_SAFE
G-01584,10,22,SITE-012,0,0,gold,SYNTHETIC_PUBLIC_SAFE
G-01585,11,0,SITE-001,0.402,0,gold,SYNTHETIC_PUBLIC_SAFE
G-01586,11,2,SITE-001,0.473,0,gold,SYNTHETIC_PUBLIC_SAFE
G-01587,11,4,SITE-001,0,0,gold,SYNTHETIC_PUBLIC_SAFE
G-01588,11,6,SITE-001,0,0,gold,SYNTHETIC_PUBLIC_SAFE
G-01589,11,8,SITE-001,0,0,gold,SYNTHETIC_PUBLIC_SAFE
G-01590,11,10,SITE-001,0.606,0,gold,SYNTHETIC_PUBLIC_SAFE
G-01591,11,12,SITE-001,0,0,gold,SYNTHETIC_PUBLIC_SAFE
G-01592,11,14,SITE-001,0,0,gold,SYNTHETIC_PUBLIC_SAFE
G-01593,11,16,SITE-001,0,0,gold,SYNTHETIC_PUBLIC_SAFE
G-01594,11,18,SITE-001,0,0,gold,SYNTHETIC_PUBLIC_SAFE
G-01595,11,20,SITE-001,0.298,0,gold,SYNTHETIC_PUBLIC_SAFE
G-01596,11,22,SITE-001,0.524,0,gold,SYNTHETIC_PUBLIC_SAFE
G-01597,11,0,SITE-002,0,0,gold,SYNTHETIC_PUBLIC_SAFE
G-01598,11,2,SITE-002,0,0,gold,SYNTHETIC_PUBLIC_SAFE
G-01599,11,4,SITE-002,0.208,0,gold,SYNTHETIC_PUBLIC_SAFE
G-01600,11,6,SITE-002,0,0,gold,SYNTHETIC_PUBLIC_SAFE
G-01601,11,8,SITE-002,0,0,gold,SYNTHETIC_PUBLIC_SAFE
G-01602,11,10,SITE-002,0.153,0,gold,SYNTHETIC_PUBLIC_SAFE
G-01603,11,12,SITE-002,0,0,gold,SYNTHETIC_PUBLIC_SAFE
G-01604,11,14,SITE-002,0,0,gold,SYNTHETIC_PUBLIC_SAFE
G-01605,11,16,SITE-002,0,0,gold,SYNTHETIC_PUBLIC_SAFE
G-01606,11,18,SITE-002,0.205,0,gold,SYNTHETIC_PUBLIC_SAFE
G-01607,11,20,SITE-002,0.602,0,gold,SYNTHETIC_PUBLIC_SAFE
G-01608,11,22,SITE-002,0.15,0,gold,SYNTHETIC_PUBLIC_SAFE
G-01609,11,0,SITE-003,0.159,0,gold,SYNTHETIC_PUBLIC_SAFE
G-01610,11,2,SITE-003,0.389,0,gold,SYNTHETIC_PUBLIC_SAFE
G-01611,11,4,SITE-003,0,0,gold,SYNTHETIC_PUBLIC_SAFE
G-01612,11,6,SITE-003,0,0,gold,SYNTHETIC_PUBLIC_SAFE
G-01613,11,8,SITE-003,0,0,gold,SYNTHETIC_PUBLIC_SAFE
G-01614,11,10,SITE-003,0.42,0,gold,SYNTHETIC_PUBLIC_SAFE
G-01615,11,12,SITE-003,0.055,0,gold,SYNTHETIC_PUBLIC_SAFE
G-01616,11,14,SITE-003,0,0,gold,SYNTHETIC_PUBLIC_SAFE
G-01617,11,16,SITE-003,0,0,gold,SYNTHETIC_PUBLIC_SAFE
G-01618,11,18,SITE-003,0,0,gold,SYNTHETIC_PUBLIC_SAFE
G-01619,11,20,SITE-003,0.483,0,gold,SYNTHETIC_PUBLIC_SAFE
G-01620,11,22,SITE-003,0.824,1,gold,SYNTHETIC_PUBLIC_SAFE
G-01621,11,0,SITE-004,0,0,gold,SYNTHETIC_PUBLIC_SAFE
G-01622,11,2,SITE-004,0,0,gold,SYNTHETIC_PUBLIC_SAFE
G-01623,11,4,SITE-004,0.461,0,gold,SYNTHETIC_PUBLIC_SAFE
G-01624,11,6,SITE-004,0.096,0,gold,SYNTHETIC_PUBLIC_SAFE
G-01625,11,8,SITE-004,0,0,gold,SYNTHETIC_PUBLIC_SAFE
G-01626,11,10,SITE-004,0,0,gold,SYNTHETIC_PUBLIC_SAFE
G-01627,11,12,SITE-004,0.097,0,gold,SYNTHETIC_PUBLIC_SAFE
G-01628,11,14,SITE-004,0,0,gold,SYNTHETIC_PUBLIC_SAFE
G-01629,11,16,SITE-004,0.001,0,gold,SYNTHETIC_PUBLIC_SAFE
G-01630,11,18,SITE-004,0,0,gold,SYNTHETIC_PUBLIC_SAFE
G-01631,11,20,SITE-004,0,0,gold,SYNTHETIC_PUBLIC_SAFE
G-01632,11,22,SITE-004,0,0,gold,SYNTHETIC_PUBLIC_SAFE
G-01633,11,0,SITE-005,0,0,gold,SYNTHETIC_PUBLIC_SAFE
G-01634,11,2,SITE-005,0,0,gold,SYNTHETIC_PUBLIC_SAFE
G-01635,11,4,SITE-005,0.39,0,gold,SYNTHETIC_PUBLIC_SAFE
G-01636,11,6,SITE-005,0,0,gold,SYNTHETIC_PUBLIC_SAFE
G-01637,11,8,SITE-005,0,0,gold,SYNTHETIC_PUBLIC_SAFE
G-01638,11,10,SITE-005,0,0,gold,SYNTHETIC_PUBLIC_SAFE
G-01639,11,12,SITE-005,0.282,0,gold,SYNTHETIC_PUBLIC_SAFE
G-01640,11,14,SITE-005,0,0,gold,SYNTHETIC_PUBLIC_SAFE
G-01641,11,16,SITE-005,0,0,gold,SYNTHETIC_PUBLIC_SAFE
G-01642,11,18,SITE-005,0,0,gold,SYNTHETIC_PUBLIC_SAFE
G-01643,11,20,SITE-005,0,0,gold,SYNTHETIC_PUBLIC_SAFE
G-01644,11,22,SITE-005,0,0,gold,SYNTHETIC_PUBLIC_SAFE
G-01645,11,0,SITE-006,0,0,gold,SYNTHETIC_PUBLIC_SAFE
G-01646,11,2,SITE-006,0,0,gold,SYNTHETIC_PUBLIC_SAFE
G-01647,11,4,SITE-006,0,0,gold,SYNTHETIC_PUBLIC_SAFE
G-01648,11,6,SITE-006,0,0,gold,SYNTHETIC_PUBLIC_SAFE
G-01649,11,8,SITE-006,0,0,gold,SYNTHETIC_PUBLIC_SAFE
G-01650,11,10,SITE-006,0.683,0,gold,SYNTHETIC_PUBLIC_SAFE
G-01651,11,12,SITE-006,0,0,gold,SYNTHETIC_PUBLIC_SAFE
G-01652,11,14,SITE-006,0,0,gold,SYNTHETIC_PUBLIC_SAFE
G-01653,11,16,SITE-006,0.771,1,gold,SYNTHETIC_PUBLIC_SAFE
G-01654,11,18,SITE-006,0,0,gold,SYNTHETIC_PUBLIC_SAFE
G-01655,11,20,SITE-006,0,0,gold,SYNTHETIC_PUBLIC_SAFE
G-01656,11,22,SITE-006,0,0,gold,SYNTHETIC_PUBLIC_SAFE
G-01657,11,0,SITE-007,0.382,0,gold,SYNTHETIC_PUBLIC_SAFE
G-01658,11,2,SITE-007,0.188,0,gold,SYNTHETIC_PUBLIC_SAFE
G-01659,11,4,SITE-007,0,0,gold,SYNTHETIC_PUBLIC_SAFE
G-01660,11,6,SITE-007,0,0,gold,SYNTHETIC_PUBLIC_SAFE
G-01661,11,8,SITE-007,0,0,gold,SYNTHETIC_PUBLIC_SAFE
G-01662,11,10,SITE-007,0,0,gold,SYNTHETIC_PUBLIC_SAFE
G-01663,11,12,SITE-007,0,0,gold,SYNTHETIC_PUBLIC_SAFE
G-01664,11,14,SITE-007,0,0,gold,SYNTHETIC_PUBLIC_SAFE
G-01665,11,16,SITE-007,0,0,gold,SYNTHETIC_PUBLIC_SAFE
G-01666,11,18,SITE-007,0,0,gold,SYNTHETIC_PUBLIC_SAFE
G-01667,11,20,SITE-007,0,0,gold,SYNTHETIC_PUBLIC_SAFE
G-01668,11,22,SITE-007,0,0,gold,SYNTHETIC_PUBLIC_SAFE
G-01669,11,0,SITE-008,0.578,0,gold,SYNTHETIC_PUBLIC_SAFE
G-01670,11,2,SITE-008,0.423,0,gold,SYNTHETIC_PUBLIC_SAFE
G-01671,11,4,SITE-008,0,0,gold,SYNTHETIC_PUBLIC_SAFE
G-01672,11,6,SITE-008,0,0,gold,SYNTHETIC_PUBLIC_SAFE
G-01673,11,8,SITE-008,0.108,0,gold,SYNTHETIC_PUBLIC_SAFE
G-01674,11,10,SITE-008,0,0,gold,SYNTHETIC_PUBLIC_SAFE
G-01675,11,12,SITE-008,0,0,gold,SYNTHETIC_PUBLIC_SAFE
G-01676,11,14,SITE-008,0,0,gold,SYNTHETIC_PUBLIC_SAFE
G-01677,11,16,SITE-008,0,0,gold,SYNTHETIC_PUBLIC_SAFE
G-01678,11,18,SITE-008,0.39,0,gold,SYNTHETIC_PUBLIC_SAFE
G-01679,11,20,SITE-008,0.149,0,gold,SYNTHETIC_PUBLIC_SAFE
G-01680,11,22,SITE-008,0.266,0,gold,SYNTHETIC_PUBLIC_SAFE
G-01681,11,0,SITE-009,0,0,gold,SYNTHETIC_PUBLIC_SAFE
G-01682,11,2,SITE-009,0,0,gold,SYNTHETIC_PUBLIC_SAFE
G-01683,11,4,SITE-009,0,0,gold,SYNTHETIC_PUBLIC_SAFE
G-01684,11,6,SITE-009,0,0,gold,SYNTHETIC_PUBLIC_SAFE
G-01685,11,8,SITE-009,0.651,0,gold,SYNTHETIC_PUBLIC_SAFE
G-01686,11,10,SITE-009,0,0,gold,SYNTHETIC_PUBLIC_SAFE
G-01687,11,12,SITE-009,0,0,gold,SYNTHETIC_PUBLIC_SAFE
G-01688,11,14,SITE-009,0,0,gold,SYNTHETIC_PUBLIC_SAFE
G-01689,11,16,SITE-009,0.443,0,gold,SYNTHETIC_PUBLIC_SAFE
G-01690,11,18,SITE-009,0,0,gold,SYNTHETIC_PUBLIC_SAFE
G-01691,11,20,SITE-009,0.558,0,gold,SYNTHETIC_PUBLIC_SAFE
G-01692,11,22,SITE-009,0,0,gold,SYNTHETIC_PUBLIC_SAFE
G-01693,11,0,SITE-010,0,0,gold,SYNTHETIC_PUBLIC_SAFE
G-01694,11,2,SITE-010,0,0,gold,SYNTHETIC_PUBLIC_SAFE
G-01695,11,4,SITE-010,0,0,gold,SYNTHETIC_PUBLIC_SAFE
G-01696,11,6,SITE-010,0,0,gold,SYNTHETIC_PUBLIC_SAFE
G-01697,11,8,SITE-010,0,0,gold,SYNTHETIC_PUBLIC_SAFE
G-01698,11,10,SITE-010,0,0,gold,SYNTHETIC_PUBLIC_SAFE
G-01699,11,12,SITE-010,0.702,0,gold,SYNTHETIC_PUBLIC_SAFE
G-01700,11,14,SITE-010,0,0,gold,SYNTHETIC_PUBLIC_SAFE
G-01701,11,16,SITE-010,0.933,1,gold,SYNTHETIC_PUBLIC_SAFE
G-01702,11,18,SITE-010,0,0,gold,SYNTHETIC_PUBLIC_SAFE
G-01703,11,20,SITE-010,0,0,gold,SYNTHETIC_PUBLIC_SAFE
G-01704,11,22,SITE-010,0.253,0,gold,SYNTHETIC_PUBLIC_SAFE
G-01705,11,0,SITE-011,0,0,gold,SYNTHETIC_PUBLIC_SAFE
G-01706,11,2,SITE-011,0,0,gold,SYNTHETIC_PUBLIC_SAFE
G-01707,11,4,SITE-011,0,0,gold,SYNTHETIC_PUBLIC_SAFE
G-01708,11,6,SITE-011,0.898,1,gold,SYNTHETIC_PUBLIC_SAFE
G-01709,11,8,SITE-011,0,0,gold,SYNTHETIC_PUBLIC_SAFE
G-01710,11,10,SITE-011,0.262,0,gold,SYNTHETIC_PUBLIC_SAFE
G-01711,11,12,SITE-011,0,0,gold,SYNTHETIC_PUBLIC_SAFE
G-01712,11,14,SITE-011,0,0,gold,SYNTHETIC_PUBLIC_SAFE
G-01713,11,16,SITE-011,0.664,0,gold,SYNTHETIC_PUBLIC_SAFE
G-01714,11,18,SITE-011,0,0,gold,SYNTHETIC_PUBLIC_SAFE
G-01715,11,20,SITE-011,0.681,0,gold,SYNTHETIC_PUBLIC_SAFE
G-01716,11,22,SITE-011,0,0,gold,SYNTHETIC_PUBLIC_SAFE
G-01717,11,0,SITE-012,0,0,gold,SYNTHETIC_PUBLIC_SAFE
G-01718,11,2,SITE-012,0.002,0,gold,SYNTHETIC_PUBLIC_SAFE
G-01719,11,4,SITE-012,0.985,1,gold,SYNTHETIC_PUBLIC_SAFE
G-01720,11,6,SITE-012,0,0,gold,SYNTHETIC_PUBLIC_SAFE
G-01721,11,8,SITE-012,0,0,gold,SYNTHETIC_PUBLIC_SAFE
G-01722,11,10,SITE-012,0.691,0,gold,SYNTHETIC_PUBLIC_SAFE
G-01723,11,12,SITE-012,0,0,gold,SYNTHETIC_PUBLIC_SAFE
G-01724,11,14,SITE-012,0,0,gold,SYNTHETIC_PUBLIC_SAFE
G-01725,11,16,SITE-012,0.677,0,gold,SYNTHETIC_PUBLIC_SAFE
G-01726,11,18,SITE-012,0.799,1,gold,SYNTHETIC_PUBLIC_SAFE
G-01727,11,20,SITE-012,0.08,0,gold,SYNTHETIC_PUBLIC_SAFE
G-01728,11,22,SITE-012,0.779,1,gold,SYNTHETIC_PUBLIC_SAFE
G-01729,12,0,SITE-001,0,0,gold,SYNTHETIC_PUBLIC_SAFE
G-01730,12,2,SITE-001,0,0,gold,SYNTHETIC_PUBLIC_SAFE
G-01731,12,4,SITE-001,0,0,gold,SYNTHETIC_PUBLIC_SAFE
G-01732,12,6,SITE-001,0,0,gold,SYNTHETIC_PUBLIC_SAFE
G-01733,12,8,SITE-001,0.142,0,gold,SYNTHETIC_PUBLIC_SAFE
G-01734,12,10,SITE-001,0,0,gold,SYNTHETIC_PUBLIC_SAFE
G-01735,12,12,SITE-001,0,0,gold,SYNTHETIC_PUBLIC_SAFE
G-01736,12,14,SITE-001,0.299,0,gold,SYNTHETIC_PUBLIC_SAFE
G-01737,12,16,SITE-001,0,0,gold,SYNTHETIC_PUBLIC_SAFE
G-01738,12,18,SITE-001,0,0,gold,SYNTHETIC_PUBLIC_SAFE
G-01739,12,20,SITE-001,0.489,0,gold,SYNTHETIC_PUBLIC_SAFE
G-01740,12,22,SITE-001,0,0,gold,SYNTHETIC_PUBLIC_SAFE
G-01741,12,0,SITE-002,0,0,gold,SYNTHETIC_PUBLIC_SAFE
G-01742,12,2,SITE-002,0,0,gold,SYNTHETIC_PUBLIC_SAFE
G-01743,12,4,SITE-002,0.622,0,gold,SYNTHETIC_PUBLIC_SAFE
G-01744,12,6,SITE-002,0.552,0,gold,SYNTHETIC_PUBLIC_SAFE
G-01745,12,8,SITE-002,0.813,1,gold,SYNTHETIC_PUBLIC_SAFE
G-01746,12,10,SITE-002,0,0,gold,SYNTHETIC_PUBLIC_SAFE
G-01747,12,12,SITE-002,0,0,gold,SYNTHETIC_PUBLIC_SAFE
G-01748,12,14,SITE-002,0,0,gold,SYNTHETIC_PUBLIC_SAFE
G-01749,12,16,SITE-002,0.426,0,gold,SYNTHETIC_PUBLIC_SAFE
G-01750,12,18,SITE-002,0,0,gold,SYNTHETIC_PUBLIC_SAFE
G-01751,12,20,SITE-002,0,0,gold,SYNTHETIC_PUBLIC_SAFE
G-01752,12,22,SITE-002,0,0,gold,SYNTHETIC_PUBLIC_SAFE
G-01753,12,0,SITE-003,0,0,gold,SYNTHETIC_PUBLIC_SAFE
G-01754,12,2,SITE-003,0.177,0,gold,SYNTHETIC_PUBLIC_SAFE
G-01755,12,4,SITE-003,0.193,0,gold,SYNTHETIC_PUBLIC_SAFE
G-01756,12,6,SITE-003,0,0,gold,SYNTHETIC_PUBLIC_SAFE
G-01757,12,8,SITE-003,0,0,gold,SYNTHETIC_PUBLIC_SAFE
G-01758,12,10,SITE-003,0,0,gold,SYNTHETIC_PUBLIC_SAFE
G-01759,12,12,SITE-003,0,0,gold,SYNTHETIC_PUBLIC_SAFE
G-01760,12,14,SITE-003,0,0,gold,SYNTHETIC_PUBLIC_SAFE
G-01761,12,16,SITE-003,0,0,gold,SYNTHETIC_PUBLIC_SAFE
G-01762,12,18,SITE-003,0,0,gold,SYNTHETIC_PUBLIC_SAFE
G-01763,12,20,SITE-003,0.076,0,gold,SYNTHETIC_PUBLIC_SAFE
G-01764,12,22,SITE-003,0.422,0,gold,SYNTHETIC_PUBLIC_SAFE
G-01765,12,0,SITE-004,0,0,gold,SYNTHETIC_PUBLIC_SAFE
G-01766,12,2,SITE-004,0,0,gold,SYNTHETIC_PUBLIC_SAFE
G-01767,12,4,SITE-004,0.614,0,gold,SYNTHETIC_PUBLIC_SAFE
G-01768,12,6,SITE-004,0,0,gold,SYNTHETIC_PUBLIC_SAFE
G-01769,12,8,SITE-004,0,0,gold,SYNTHETIC_PUBLIC_SAFE
G-01770,12,10,SITE-004,0,0,gold,SYNTHETIC_PUBLIC_SAFE
G-01771,12,12,SITE-004,0.763,1,gold,SYNTHETIC_PUBLIC_SAFE
G-01772,12,14,SITE-004,0,0,gold,SYNTHETIC_PUBLIC_SAFE
G-01773,12,16,SITE-004,0,0,gold,SYNTHETIC_PUBLIC_SAFE
G-01774,12,18,SITE-004,0,0,gold,SYNTHETIC_PUBLIC_SAFE
G-01775,12,20,SITE-004,0,0,gold,SYNTHETIC_PUBLIC_SAFE
G-01776,12,22,SITE-004,0,0,gold,SYNTHETIC_PUBLIC_SAFE
G-01777,12,0,SITE-005,0,0,gold,SYNTHETIC_PUBLIC_SAFE
G-01778,12,2,SITE-005,0,0,gold,SYNTHETIC_PUBLIC_SAFE
G-01779,12,4,SITE-005,0,0,gold,SYNTHETIC_PUBLIC_SAFE
G-01780,12,6,SITE-005,0.505,0,gold,SYNTHETIC_PUBLIC_SAFE
G-01781,12,8,SITE-005,0.798,1,gold,SYNTHETIC_PUBLIC_SAFE
G-01782,12,10,SITE-005,0,0,gold,SYNTHETIC_PUBLIC_SAFE
G-01783,12,12,SITE-005,0,0,gold,SYNTHETIC_PUBLIC_SAFE
G-01784,12,14,SITE-005,0,0,gold,SYNTHETIC_PUBLIC_SAFE
G-01785,12,16,SITE-005,0.436,0,gold,SYNTHETIC_PUBLIC_SAFE
G-01786,12,18,SITE-005,0,0,gold,SYNTHETIC_PUBLIC_SAFE
G-01787,12,20,SITE-005,0.434,0,gold,SYNTHETIC_PUBLIC_SAFE
G-01788,12,22,SITE-005,0,0,gold,SYNTHETIC_PUBLIC_SAFE
G-01789,12,0,SITE-006,0.459,0,gold,SYNTHETIC_PUBLIC_SAFE
G-01790,12,2,SITE-006,0.619,0,gold,SYNTHETIC_PUBLIC_SAFE
G-01791,12,4,SITE-006,0,0,gold,SYNTHETIC_PUBLIC_SAFE
G-01792,12,6,SITE-006,0,0,gold,SYNTHETIC_PUBLIC_SAFE
G-01793,12,8,SITE-006,0,0,gold,SYNTHETIC_PUBLIC_SAFE
G-01794,12,10,SITE-006,0.19,0,gold,SYNTHETIC_PUBLIC_SAFE
G-01795,12,12,SITE-006,0.018,0,gold,SYNTHETIC_PUBLIC_SAFE
G-01796,12,14,SITE-006,0,0,gold,SYNTHETIC_PUBLIC_SAFE
G-01797,12,16,SITE-006,0,0,gold,SYNTHETIC_PUBLIC_SAFE
G-01798,12,18,SITE-006,0,0,gold,SYNTHETIC_PUBLIC_SAFE
G-01799,12,20,SITE-006,0,0,gold,SYNTHETIC_PUBLIC_SAFE
G-01800,12,22,SITE-006,0.178,0,gold,SYNTHETIC_PUBLIC_SAFE
G-01801,12,0,SITE-007,0,0,gold,SYNTHETIC_PUBLIC_SAFE
G-01802,12,2,SITE-007,0,0,gold,SYNTHETIC_PUBLIC_SAFE
G-01803,12,4,SITE-007,0.794,1,gold,SYNTHETIC_PUBLIC_SAFE
G-01804,12,6,SITE-007,0.266,0,gold,SYNTHETIC_PUBLIC_SAFE
G-01805,12,8,SITE-007,0,0,gold,SYNTHETIC_PUBLIC_SAFE
G-01806,12,10,SITE-007,0,0,gold,SYNTHETIC_PUBLIC_SAFE
G-01807,12,12,SITE-007,0.039,0,gold,SYNTHETIC_PUBLIC_SAFE
G-01808,12,14,SITE-007,0.122,0,gold,SYNTHETIC_PUBLIC_SAFE
G-01809,12,16,SITE-007,0.493,0,gold,SYNTHETIC_PUBLIC_SAFE
G-01810,12,18,SITE-007,0,0,gold,SYNTHETIC_PUBLIC_SAFE
G-01811,12,20,SITE-007,0.792,1,gold,SYNTHETIC_PUBLIC_SAFE
G-01812,12,22,SITE-007,0.611,0,gold,SYNTHETIC_PUBLIC_SAFE
G-01813,12,0,SITE-008,0,0,gold,SYNTHETIC_PUBLIC_SAFE
G-01814,12,2,SITE-008,0,0,gold,SYNTHETIC_PUBLIC_SAFE
G-01815,12,4,SITE-008,0,0,gold,SYNTHETIC_PUBLIC_SAFE
G-01816,12,6,SITE-008,0,0,gold,SYNTHETIC_PUBLIC_SAFE
G-01817,12,8,SITE-008,0.381,0,gold,SYNTHETIC_PUBLIC_SAFE
G-01818,12,10,SITE-008,0,0,gold,SYNTHETIC_PUBLIC_SAFE
G-01819,12,12,SITE-008,0.481,0,gold,SYNTHETIC_PUBLIC_SAFE
G-01820,12,14,SITE-008,0,0,gold,SYNTHETIC_PUBLIC_SAFE
G-01821,12,16,SITE-008,0,0,gold,SYNTHETIC_PUBLIC_SAFE
G-01822,12,18,SITE-008,0,0,gold,SYNTHETIC_PUBLIC_SAFE
G-01823,12,20,SITE-008,0,0,gold,SYNTHETIC_PUBLIC_SAFE
G-01824,12,22,SITE-008,0.456,0,gold,SYNTHETIC_PUBLIC_SAFE
G-01825,12,0,SITE-009,0.026,0,gold,SYNTHETIC_PUBLIC_SAFE
G-01826,12,2,SITE-009,0,0,gold,SYNTHETIC_PUBLIC_SAFE
G-01827,12,4,SITE-009,0,0,gold,SYNTHETIC_PUBLIC_SAFE
G-01828,12,6,SITE-009,0,0,gold,SYNTHETIC_PUBLIC_SAFE
G-01829,12,8,SITE-009,0.106,0,gold,SYNTHETIC_PUBLIC_SAFE
G-01830,12,10,SITE-009,0,0,gold,SYNTHETIC_PUBLIC_SAFE
G-01831,12,12,SITE-009,0.604,0,gold,SYNTHETIC_PUBLIC_SAFE
G-01832,12,14,SITE-009,0,0,gold,SYNTHETIC_PUBLIC_SAFE
G-01833,12,16,SITE-009,0,0,gold,SYNTHETIC_PUBLIC_SAFE
G-01834,12,18,SITE-009,0,0,gold,SYNTHETIC_PUBLIC_SAFE
G-01835,12,20,SITE-009,0.386,0,gold,SYNTHETIC_PUBLIC_SAFE
G-01836,12,22,SITE-009,0,0,gold,SYNTHETIC_PUBLIC_SAFE
G-01837,12,0,SITE-010,0.74,0,gold,SYNTHETIC_PUBLIC_SAFE
G-01838,12,2,SITE-010,0.509,0,gold,SYNTHETIC_PUBLIC_SAFE
G-01839,12,4,SITE-010,0,0,gold,SYNTHETIC_PUBLIC_SAFE
G-01840,12,6,SITE-010,0.102,0,gold,SYNTHETIC_PUBLIC_SAFE
G-01841,12,8,SITE-010,0,0,gold,SYNTHETIC_PUBLIC_SAFE
G-01842,12,10,SITE-010,0,0,gold,SYNTHETIC_PUBLIC_SAFE
G-01843,12,12,SITE-010,0.6,0,gold,SYNTHETIC_PUBLIC_SAFE
G-01844,12,14,SITE-010,0,0,gold,SYNTHETIC_PUBLIC_SAFE
G-01845,12,16,SITE-010,0,0,gold,SYNTHETIC_PUBLIC_SAFE
G-01846,12,18,SITE-010,1.273,1,gold,SYNTHETIC_PUBLIC_SAFE
G-01847,12,20,SITE-010,0,0,gold,SYNTHETIC_PUBLIC_SAFE
G-01848,12,22,SITE-010,0,0,gold,SYNTHETIC_PUBLIC_SAFE
G-01849,12,0,SITE-011,0.04,0,gold,SYNTHETIC_PUBLIC_SAFE
G-01850,12,2,SITE-011,0,0,gold,SYNTHETIC_PUBLIC_SAFE
G-01851,12,4,SITE-011,0.13,0,gold,SYNTHETIC_PUBLIC_SAFE
G-01852,12,6,SITE-011,0,0,gold,SYNTHETIC_PUBLIC_SAFE
G-01853,12,8,SITE-011,0,0,gold,SYNTHETIC_PUBLIC_SAFE
G-01854,12,10,SITE-011,0,0,gold,SYNTHETIC_PUBLIC_SAFE
G-01855,12,12,SITE-011,0,0,gold,SYNTHETIC_PUBLIC_SAFE
G-01856,12,14,SITE-011,0,0,gold,SYNTHETIC_PUBLIC_SAFE
G-01857,12,16,SITE-011,0,0,gold,SYNTHETIC_PUBLIC_SAFE
G-01858,12,18,SITE-011,0,0,gold,SYNTHETIC_PUBLIC_SAFE
G-01859,12,20,SITE-011,0.371,0,gold,SYNTHETIC_PUBLIC_SAFE
G-01860,12,22,SITE-011,0,0,gold,SYNTHETIC_PUBLIC_SAFE
G-01861,12,0,SITE-012,0,0,gold,SYNTHETIC_PUBLIC_SAFE
G-01862,12,2,SITE-012,0,0,gold,SYNTHETIC_PUBLIC_SAFE
G-01863,12,4,SITE-012,0.653,0,gold,SYNTHETIC_PUBLIC_SAFE
G-01864,12,6,SITE-012,0,0,gold,SYNTHETIC_PUBLIC_SAFE
G-01865,12,8,SITE-012,0,0,gold,SYNTHETIC_PUBLIC_SAFE
G-01866,12,10,SITE-012,0,0,gold,SYNTHETIC_PUBLIC_SAFE
G-01867,12,12,SITE-012,0,0,gold,SYNTHETIC_PUBLIC_SAFE
G-01868,12,14,SITE-012,0,0,gold,SYNTHETIC_PUBLIC_SAFE
G-01869,12,16,SITE-012,0,0,gold,SYNTHETIC_PUBLIC_SAFE
G-01870,12,18,SITE-012,0,0,gold,SYNTHETIC_PUBLIC_SAFE
G-01871,12,20,SITE-012,0,0,gold,SYNTHETIC_PUBLIC_SAFE
G-01872,12,22,SITE-012,0,0,gold,SYNTHETIC_PUBLIC_SAFE
G-01873,13,0,SITE-001,0,0,gold,SYNTHETIC_PUBLIC_SAFE
G-01874,13,2,SITE-001,0,0,gold,SYNTHETIC_PUBLIC_SAFE
G-01875,13,4,SITE-001,0,0,gold,SYNTHETIC_PUBLIC_SAFE
G-01876,13,6,SITE-001,0,0,gold,SYNTHETIC_PUBLIC_SAFE
G-01877,13,8,SITE-001,0,0,gold,SYNTHETIC_PUBLIC_SAFE
G-01878,13,10,SITE-001,0,0,gold,SYNTHETIC_PUBLIC_SAFE
G-01879,13,12,SITE-001,0,0,gold,SYNTHETIC_PUBLIC_SAFE
G-01880,13,14,SITE-001,0.229,0,gold,SYNTHETIC_PUBLIC_SAFE
G-01881,13,16,SITE-001,0.057,0,gold,SYNTHETIC_PUBLIC_SAFE
G-01882,13,18,SITE-001,0,0,gold,SYNTHETIC_PUBLIC_SAFE
G-01883,13,20,SITE-001,0,0,gold,SYNTHETIC_PUBLIC_SAFE
G-01884,13,22,SITE-001,0,0,gold,SYNTHETIC_PUBLIC_SAFE
G-01885,13,0,SITE-002,0,0,gold,SYNTHETIC_PUBLIC_SAFE
G-01886,13,2,SITE-002,0,0,gold,SYNTHETIC_PUBLIC_SAFE
G-01887,13,4,SITE-002,0,0,gold,SYNTHETIC_PUBLIC_SAFE
G-01888,13,6,SITE-002,0.755,1,gold,SYNTHETIC_PUBLIC_SAFE
G-01889,13,8,SITE-002,0,0,gold,SYNTHETIC_PUBLIC_SAFE
G-01890,13,10,SITE-002,0,0,gold,SYNTHETIC_PUBLIC_SAFE
G-01891,13,12,SITE-002,0,0,gold,SYNTHETIC_PUBLIC_SAFE
G-01892,13,14,SITE-002,0,0,gold,SYNTHETIC_PUBLIC_SAFE
G-01893,13,16,SITE-002,0,0,gold,SYNTHETIC_PUBLIC_SAFE
G-01894,13,18,SITE-002,0,0,gold,SYNTHETIC_PUBLIC_SAFE
G-01895,13,20,SITE-002,0.851,1,gold,SYNTHETIC_PUBLIC_SAFE
G-01896,13,22,SITE-002,0,0,gold,SYNTHETIC_PUBLIC_SAFE
G-01897,13,0,SITE-003,0,0,gold,SYNTHETIC_PUBLIC_SAFE
G-01898,13,2,SITE-003,0,0,gold,SYNTHETIC_PUBLIC_SAFE
G-01899,13,4,SITE-003,0.04,0,gold,SYNTHETIC_PUBLIC_SAFE
G-01900,13,6,SITE-003,0,0,gold,SYNTHETIC_PUBLIC_SAFE
G-01901,13,8,SITE-003,0.698,0,gold,SYNTHETIC_PUBLIC_SAFE
G-01902,13,10,SITE-003,0,0,gold,SYNTHETIC_PUBLIC_SAFE
G-01903,13,12,SITE-003,0.404,0,gold,SYNTHETIC_PUBLIC_SAFE
G-01904,13,14,SITE-003,0,0,gold,SYNTHETIC_PUBLIC_SAFE
G-01905,13,16,SITE-003,0,0,gold,SYNTHETIC_PUBLIC_SAFE
G-01906,13,18,SITE-003,0,0,gold,SYNTHETIC_PUBLIC_SAFE
G-01907,13,20,SITE-003,0,0,gold,SYNTHETIC_PUBLIC_SAFE
G-01908,13,22,SITE-003,0,0,gold,SYNTHETIC_PUBLIC_SAFE
G-01909,13,0,SITE-004,0,0,gold,SYNTHETIC_PUBLIC_SAFE
G-01910,13,2,SITE-004,0.434,0,gold,SYNTHETIC_PUBLIC_SAFE
G-01911,13,4,SITE-004,0,0,gold,SYNTHETIC_PUBLIC_SAFE
G-01912,13,6,SITE-004,0,0,gold,SYNTHETIC_PUBLIC_SAFE
G-01913,13,8,SITE-004,0,0,gold,SYNTHETIC_PUBLIC_SAFE
G-01914,13,10,SITE-004,0,0,gold,SYNTHETIC_PUBLIC_SAFE
G-01915,13,12,SITE-004,0,0,gold,SYNTHETIC_PUBLIC_SAFE
G-01916,13,14,SITE-004,0,0,gold,SYNTHETIC_PUBLIC_SAFE
G-01917,13,16,SITE-004,0,0,gold,SYNTHETIC_PUBLIC_SAFE
G-01918,13,18,SITE-004,0,0,gold,SYNTHETIC_PUBLIC_SAFE
G-01919,13,20,SITE-004,0.406,0,gold,SYNTHETIC_PUBLIC_SAFE
G-01920,13,22,SITE-004,0,0,gold,SYNTHETIC_PUBLIC_SAFE
G-01921,13,0,SITE-005,0.684,0,gold,SYNTHETIC_PUBLIC_SAFE
G-01922,13,2,SITE-005,0,0,gold,SYNTHETIC_PUBLIC_SAFE
G-01923,13,4,SITE-005,0,0,gold,SYNTHETIC_PUBLIC_SAFE
G-01924,13,6,SITE-005,0,0,gold,SYNTHETIC_PUBLIC_SAFE
G-01925,13,8,SITE-005,0,0,gold,SYNTHETIC_PUBLIC_SAFE
G-01926,13,10,SITE-005,0,0,gold,SYNTHETIC_PUBLIC_SAFE
G-01927,13,12,SITE-005,0,0,gold,SYNTHETIC_PUBLIC_SAFE
G-01928,13,14,SITE-005,0,0,gold,SYNTHETIC_PUBLIC_SAFE
G-01929,13,16,SITE-005,0,0,gold,SYNTHETIC_PUBLIC_SAFE
G-01930,13,18,SITE-005,0,0,gold,SYNTHETIC_PUBLIC_SAFE
G-01931,13,20,SITE-005,0.174,0,gold,SYNTHETIC_PUBLIC_SAFE
G-01932,13,22,SITE-005,0,0,gold,SYNTHETIC_PUBLIC_SAFE
G-01933,13,0,SITE-006,0,0,gold,SYNTHETIC_PUBLIC_SAFE
G-01934,13,2,SITE-006,0.187,0,gold,SYNTHETIC_PUBLIC_SAFE
G-01935,13,4,SITE-006,0,0,gold,SYNTHETIC_PUBLIC_SAFE
G-01936,13,6,SITE-006,0,0,gold,SYNTHETIC_PUBLIC_SAFE
G-01937,13,8,SITE-006,0.314,0,gold,SYNTHETIC_PUBLIC_SAFE
G-01938,13,10,SITE-006,0,0,gold,SYNTHETIC_PUBLIC_SAFE
G-01939,13,12,SITE-006,0,0,gold,SYNTHETIC_PUBLIC_SAFE
G-01940,13,14,SITE-006,0,0,gold,SYNTHETIC_PUBLIC_SAFE
G-01941,13,16,SITE-006,0,0,gold,SYNTHETIC_PUBLIC_SAFE
G-01942,13,18,SITE-006,0,0,gold,SYNTHETIC_PUBLIC_SAFE
G-01943,13,20,SITE-006,0,0,gold,SYNTHETIC_PUBLIC_SAFE
G-01944,13,22,SITE-006,0.66,0,gold,SYNTHETIC_PUBLIC_SAFE
G-01945,13,0,SITE-007,0,0,gold,SYNTHETIC_PUBLIC_SAFE
G-01946,13,2,SITE-007,0,0,gold,SYNTHETIC_PUBLIC_SAFE
G-01947,13,4,SITE-007,0,0,gold,SYNTHETIC_PUBLIC_SAFE
G-01948,13,6,SITE-007,0,0,gold,SYNTHETIC_PUBLIC_SAFE
G-01949,13,8,SITE-007,0.57,0,gold,SYNTHETIC_PUBLIC_SAFE
G-01950,13,10,SITE-007,0,0,gold,SYNTHETIC_PUBLIC_SAFE
G-01951,13,12,SITE-007,0.113,0,gold,SYNTHETIC_PUBLIC_SAFE
G-01952,13,14,SITE-007,0,0,gold,SYNTHETIC_PUBLIC_SAFE
G-01953,13,16,SITE-007,0.381,0,gold,SYNTHETIC_PUBLIC_SAFE
G-01954,13,18,SITE-007,0,0,gold,SYNTHETIC_PUBLIC_SAFE
G-01955,13,20,SITE-007,0,0,gold,SYNTHETIC_PUBLIC_SAFE
G-01956,13,22,SITE-007,0,0,gold,SYNTHETIC_PUBLIC_SAFE
G-01957,13,0,SITE-008,0,0,gold,SYNTHETIC_PUBLIC_SAFE
G-01958,13,2,SITE-008,0,0,gold,SYNTHETIC_PUBLIC_SAFE
G-01959,13,4,SITE-008,0,0,gold,SYNTHETIC_PUBLIC_SAFE
G-01960,13,6,SITE-008,0,0,gold,SYNTHETIC_PUBLIC_SAFE
G-01961,13,8,SITE-008,0,0,gold,SYNTHETIC_PUBLIC_SAFE
G-01962,13,10,SITE-008,0,0,gold,SYNTHETIC_PUBLIC_SAFE
G-01963,13,12,SITE-008,0,0,gold,SYNTHETIC_PUBLIC_SAFE
G-01964,13,14,SITE-008,0.157,0,gold,SYNTHETIC_PUBLIC_SAFE
G-01965,13,16,SITE-008,0.366,0,gold,SYNTHETIC_PUBLIC_SAFE
G-01966,13,18,SITE-008,0,0,gold,SYNTHETIC_PUBLIC_SAFE
G-01967,13,20,SITE-008,0.253,0,gold,SYNTHETIC_PUBLIC_SAFE
G-01968,13,22,SITE-008,0,0,gold,SYNTHETIC_PUBLIC_SAFE
G-01969,13,0,SITE-009,0.199,0,gold,SYNTHETIC_PUBLIC_SAFE
G-01970,13,2,SITE-009,0.07,0,gold,SYNTHETIC_PUBLIC_SAFE
G-01971,13,4,SITE-009,0,0,gold,SYNTHETIC_PUBLIC_SAFE
G-01972,13,6,SITE-009,0,0,gold,SYNTHETIC_PUBLIC_SAFE
G-01973,13,8,SITE-009,0,0,gold,SYNTHETIC_PUBLIC_SAFE
G-01974,13,10,SITE-009,0,0,gold,SYNTHETIC_PUBLIC_SAFE
G-01975,13,12,SITE-009,0.42,0,gold,SYNTHETIC_PUBLIC_SAFE
G-01976,13,14,SITE-009,0.647,0,gold,SYNTHETIC_PUBLIC_SAFE
G-01977,13,16,SITE-009,0,0,gold,SYNTHETIC_PUBLIC_SAFE
G-01978,13,18,SITE-009,0.052,0,gold,SYNTHETIC_PUBLIC_SAFE
G-01979,13,20,SITE-009,0,0,gold,SYNTHETIC_PUBLIC_SAFE
G-01980,13,22,SITE-009,0.357,0,gold,SYNTHETIC_PUBLIC_SAFE
G-01981,13,0,SITE-010,0,0,gold,SYNTHETIC_PUBLIC_SAFE
G-01982,13,2,SITE-010,0,0,gold,SYNTHETIC_PUBLIC_SAFE
G-01983,13,4,SITE-010,0,0,gold,SYNTHETIC_PUBLIC_SAFE
G-01984,13,6,SITE-010,0.579,0,gold,SYNTHETIC_PUBLIC_SAFE
G-01985,13,8,SITE-010,0.556,0,gold,SYNTHETIC_PUBLIC_SAFE
G-01986,13,10,SITE-010,0.411,0,gold,SYNTHETIC_PUBLIC_SAFE
G-01987,13,12,SITE-010,0,0,gold,SYNTHETIC_PUBLIC_SAFE
G-01988,13,14,SITE-010,0,0,gold,SYNTHETIC_PUBLIC_SAFE
G-01989,13,16,SITE-010,0,0,gold,SYNTHETIC_PUBLIC_SAFE
G-01990,13,18,SITE-010,0.848,1,gold,SYNTHETIC_PUBLIC_SAFE
G-01991,13,20,SITE-010,0,0,gold,SYNTHETIC_PUBLIC_SAFE
G-01992,13,22,SITE-010,0.544,0,gold,SYNTHETIC_PUBLIC_SAFE
G-01993,13,0,SITE-011,0,0,gold,SYNTHETIC_PUBLIC_SAFE
G-01994,13,2,SITE-011,0.489,0,gold,SYNTHETIC_PUBLIC_SAFE
G-01995,13,4,SITE-011,0,0,gold,SYNTHETIC_PUBLIC_SAFE
G-01996,13,6,SITE-011,0.038,0,gold,SYNTHETIC_PUBLIC_SAFE
G-01997,13,8,SITE-011,0.415,0,gold,SYNTHETIC_PUBLIC_SAFE
G-01998,13,10,SITE-011,0,0,gold,SYNTHETIC_PUBLIC_SAFE
G-01999,13,12,SITE-011,0.067,0,gold,SYNTHETIC_PUBLIC_SAFE
G-02000,13,14,SITE-011,0.517,0,gold,SYNTHETIC_PUBLIC_SAFE
G-02001,13,16,SITE-011,0,0,gold,SYNTHETIC_PUBLIC_SAFE
G-02002,13,18,SITE-011,0,0,gold,SYNTHETIC_PUBLIC_SAFE
G-02003,13,20,SITE-011,0,0,gold,SYNTHETIC_PUBLIC_SAFE
G-02004,13,22,SITE-011,0,0,gold,SYNTHETIC_PUBLIC_SAFE
G-02005,13,0,SITE-012,0,0,gold,SYNTHETIC_PUBLIC_SAFE
G-02006,13,2,SITE-012,0.736,0,gold,SYNTHETIC_PUBLIC_SAFE
G-02007,13,4,SITE-012,0,0,gold,SYNTHETIC_PUBLIC_SAFE
G-02008,13,6,SITE-012,0.846,1,gold,SYNTHETIC_PUBLIC_SAFE
G-02009,13,8,SITE-012,0,0,gold,SYNTHETIC_PUBLIC_SAFE
G-02010,13,10,SITE-012,0,0,gold,SYNTHETIC_PUBLIC_SAFE
G-02011,13,12,SITE-012,0,0,gold,SYNTHETIC_PUBLIC_SAFE
G-02012,13,14,SITE-012,0,0,gold,SYNTHETIC_PUBLIC_SAFE
G-02013,13,16,SITE-012,0.381,0,gold,SYNTHETIC_PUBLIC_SAFE
G-02014,13,18,SITE-012,0.261,0,gold,SYNTHETIC_PUBLIC_SAFE
G-02015,13,20,SITE-012,0,0,gold,SYNTHETIC_PUBLIC_SAFE
G-02016,13,22,SITE-012,0,0,gold,SYNTHETIC_PUBLIC_SAFE
