event_id,day_index,hour,site_token,metric_clean,dq_flag,layer,dataset
S-00001,0,0,SITE-001,48.71,ok,silver,SYNTHETIC_PUBLIC_SAFE
S-00002,0,2,SITE-001,51.68,ok,silver,SYNTHETIC_PUBLIC_SAFE
S-00003,0,4,SITE-001,66.43,ok,silver,SYNTHETIC_PUBLIC_SAFE
S-00004,0,6,SITE-001,71.89,ok,silver,SYNTHETIC_PUBLIC_SAFE
S-00005,0,8,SITE-001,52.8,ok,silver,SYNTHETIC_PUBLIC_SAFE
S-00006,0,10,SITE-001,86.43,ok,silver,SYNTHETIC_PUBLIC_SAFE
S-00007,0,12,SITE-001,67.31,ok,silver,SYNTHETIC_PUBLIC_SAFE
S-00008,0,14,SITE-001,47.66,ok,silver,SYNTHETIC_PUBLIC_SAFE
S-00009,0,16,SITE-001,64.07,ok,silver,SYNTHETIC_PUBLIC_SAFE
S-00010,0,18,SITE-001,58.12,ok,silver,SYNTHETIC_PUBLIC_SAFE
S-00011,0,20,SITE-001,82.86,ok,silver,SYNTHETIC_PUBLIC_SAFE
S-00012,0,22,SITE-001,80.83,ok,silver,SYNTHETIC_PUBLIC_SAFE
S-00013,0,0,SITE-002,46.58,ok,silver,SYNTHETIC_PUBLIC_SAFE
S-00014,0,2,SITE-002,89.7,ok,silver,SYNTHETIC_PUBLIC_SAFE
S-00015,0,4,SITE-002,64.81,ok,silver,SYNTHETIC_PUBLIC_SAFE
S-00016,0,6,SITE-002,41.25,ok,silver,SYNTHETIC_PUBLIC_SAFE
S-00017,0,8,SITE-002,66.68,ok,silver,SYNTHETIC_PUBLIC_SAFE
S-00018,0,10,SITE-002,51.75,ok,silver,SYNTHETIC_PUBLIC_SAFE
S-00019,0,12,SITE-002,49.29,ok,silver,SYNTHETIC_PUBLIC_SAFE
S-00020,0,14,SITE-002,58.24,ok,silver,SYNTHETIC_PUBLIC_SAFE
S-00021,0,16,SITE-002,43.42,ok,silver,SYNTHETIC_PUBLIC_SAFE
S-00022,0,18,SITE-002,77.42,ok,silver,SYNTHETIC_PUBLIC_SAFE
S-00023,0,20,SITE-002,62.34,ok,silver,SYNTHETIC_PUBLIC_SAFE
S-00024,0,22,SITE-002,87.46,ok,silver,SYNTHETIC_PUBLIC_SAFE
S-00025,0,0,SITE-003,86.55,ok,silver,SYNTHETIC_PUBLIC_SAFE
S-00026,0,2,SITE-003,82.3,ok,silver,SYNTHETIC_PUBLIC_SAFE
S-00027,0,4,SITE-003,53.56,ok,silver,SYNTHETIC_PUBLIC_SAFE
S-00028,0,6,SITE-003,43.73,ok,silver,SYNTHETIC_PUBLIC_SAFE
S-00029,0,8,SITE-003,79.81,ok,silver,SYNTHETIC_PUBLIC_SAFE
S-00030,0,10,SITE-003,67.57,ok,silver,SYNTHETIC_PUBLIC_SAFE
S-00031,0,12,SITE-003,85.9,ok,silver,SYNTHETIC_PUBLIC_SAFE
S-00032,0,14,SITE-003,63.24,ok,silver,SYNTHETIC_PUBLIC_SAFE
S-00033,0,16,SITE-003,69.07,ok,silver,SYNTHETIC_PUBLIC_SAFE
S-00034,0,18,SITE-003,76.17,ok,silver,SYNTHETIC_PUBLIC_SAFE
S-00035,0,20,SITE-003,74.78,ok,silver,SYNTHETIC_PUBLIC_SAFE
S-00036,0,22,SITE-003,62.19,ok,silver,SYNTHETIC_PUBLIC_SAFE
S-00037,0,0,SITE-004,44.34,ok,silver,SYNTHETIC_PUBLIC_SAFE
S-00038,0,2,SITE-004,47.42,ok,silver,SYNTHETIC_PUBLIC_SAFE
S-00039,0,4,SITE-004,68.93,ok,silver,SYNTHETIC_PUBLIC_SAFE
S-00040,0,6,SITE-004,48.52,ok,silver,SYNTHETIC_PUBLIC_SAFE
S-00041,0,8,SITE-004,69.84,ok,silver,SYNTHETIC_PUBLIC_SAFE
S-00042,0,10,SITE-004,80.94,ok,silver,SYNTHETIC_PUBLIC_SAFE
S-00043,0,12,SITE-004,42.77,ok,silver,SYNTHETIC_PUBLIC_SAFE
S-00044,0,14,SITE-004,53.17,ok,silver,SYNTHETIC_PUBLIC_SAFE
S-00045,0,16,SITE-004,61.27,ok,silver,SYNTHETIC_PUBLIC_SAFE
S-00046,0,18,SITE-004,67.6,ok,silver,SYNTHETIC_PUBLIC_SAFE
S-00047,0,20,SITE-004,72.67,ok,silver,SYNTHETIC_PUBLIC_SAFE
S-00048,0,22,SITE-004,56.52,ok,silver,SYNTHETIC_PUBLIC_SAFE
S-00049,0,0,SITE-005,43.48,ok,silver,SYNTHETIC_PUBLIC_SAFE
S-00050,0,2,SITE-005,56.47,ok,silver,SYNTHETIC_PUBLIC_SAFE
S-00051,0,4,SITE-005,43.82,ok,silver,SYNTHETIC_PUBLIC_SAFE
S-00052,0,6,SITE-005,81.6,ok,silver,SYNTHETIC_PUBLIC_SAFE
S-00053,0,8,SITE-005,67.64,ok,silver,SYNTHETIC_PUBLIC_SAFE
S-00054,0,10,SITE-005,42.05,ok,silver,SYNTHETIC_PUBLIC_SAFE
S-00055,0,12,SITE-005,84.03,ok,silver,SYNTHETIC_PUBLIC_SAFE
S-00056,0,14,SITE-005,60.75,ok,silver,SYNTHETIC_PUBLIC_SAFE
S-00057,0,16,SITE-005,44.25,ok,silver,SYNTHETIC_PUBLIC_SAFE
S-00058,0,18,SITE-005,88.32,ok,silver,SYNTHETIC_PUBLIC_SAFE
S-00059,0,20,SITE-005,76.28,ok,silver,SYNTHETIC_PUBLIC_SAFE
S-00060,0,22,SITE-005,52.83,ok,silver,SYNTHETIC_PUBLIC_SAFE
S-00061,0,0,SITE-006,85.35,ok,silver,SYNTHETIC_PUBLIC_SAFE
S-00062,0,2,SITE-006,56.49,ok,silver,SYNTHETIC_PUBLIC_SAFE
S-00063,0,4,SITE-006,69.45,ok,silver,SYNTHETIC_PUBLIC_SAFE
S-00064,0,6,SITE-006,79.39,ok,silver,SYNTHETIC_PUBLIC_SAFE
S-00065,0,8,SITE-006,77.67,ok,silver,SYNTHETIC_PUBLIC_SAFE
S-00066,0,10,SITE-006,77.41,ok,silver,SYNTHETIC_PUBLIC_SAFE
S-00067,0,12,SITE-006,53.07,ok,silver,SYNTHETIC_PUBLIC_SAFE
S-00068,0,14,SITE-006,50.25,ok,silver,SYNTHETIC_PUBLIC_SAFE
S-00069,0,16,SITE-006,90.71,ok,silver,SYNTHETIC_PUBLIC_SAFE
S-00070,0,18,SITE-006,54.75,ok,silver,SYNTHETIC_PUBLIC_SAFE
S-00071,0,20,SITE-006,49.4,ok,silver,SYNTHETIC_PUBLIC_SAFE
S-00072,0,22,SITE-006,89.62,ok,silver,SYNTHETIC_PUBLIC_SAFE
S-00073,0,0,SITE-007,41.91,ok,silver,SYNTHETIC_PUBLIC_SAFE
S-00074,0,2,SITE-007,39.69,ok,silver,SYNTHETIC_PUBLIC_SAFE
S-00075,0,4,SITE-007,64.16,ok,silver,SYNTHETIC_PUBLIC_SAFE
S-00076,0,6,SITE-007,82.75,ok,silver,SYNTHETIC_PUBLIC_SAFE
S-00077,0,8,SITE-007,49.87,ok,silver,SYNTHETIC_PUBLIC_SAFE
S-00078,0,10,SITE-007,84.0,ok,silver,SYNTHETIC_PUBLIC_SAFE
S-00079,0,12,SITE-007,40.22,ok,silver,SYNTHETIC_PUBLIC_SAFE
S-00080,0,14,SITE-007,79.76,ok,silver,SYNTHETIC_PUBLIC_SAFE
S-00081,0,16,SITE-007,84.2,ok,silver,SYNTHETIC_PUBLIC_SAFE
S-00082,0,18,SITE-007,82.78,ok,silver,SYNTHETIC_PUBLIC_SAFE
S-00083,0,20,SITE-007,56.27,ok,silver,SYNTHETIC_PUBLIC_SAFE
S-00084,0,22,SITE-007,43.44,ok,silver,SYNTHETIC_PUBLIC_SAFE
S-00085,0,0,SITE-008,53.78,ok,silver,SYNTHETIC_PUBLIC_SAFE
S-00086,0,2,SITE-008,76.14,ok,silver,SYNTHETIC_PUBLIC_SAFE
S-00087,0,4,SITE-008,90.12,ok,silver,SYNTHETIC_PUBLIC_SAFE
S-00088,0,6,SITE-008,78.55,ok,silver,SYNTHETIC_PUBLIC_SAFE
S-00089,0,8,SITE-008,51.08,ok,silver,SYNTHETIC_PUBLIC_SAFE
S-00090,0,10,SITE-008,74.12,ok,silver,SYNTHETIC_PUBLIC_SAFE
S-00091,0,12,SITE-008,48.72,ok,silver,SYNTHETIC_PUBLIC_SAFE
S-00092,0,14,SITE-008,77.03,ok,silver,SYNTHETIC_PUBLIC_SAFE
S-00093,0,16,SITE-008,69.29,ok,silver,SYNTHETIC_PUBLIC_SAFE
S-00094,0,18,SITE-008,91.42,ok,silver,SYNTHETIC_PUBLIC_SAFE
S-00095,0,20,SITE-008,58.89,ok,silver,SYNTHETIC_PUBLIC_SAFE
S-00096,0,22,SITE-008,75.48,ok,silver,SYNTHETIC_PUBLIC_SAFE
S-00097,0,0,SITE-009,88.49,ok,silver,SYNTHETIC_PUBLIC_SAFE
S-00098,0,2,SITE-009,82.47,ok,silver,SYNTHETIC_PUBLIC_SAFE
S-00099,0,4,SITE-009,43.82,ok,silver,SYNTHETIC_PUBLIC_SAFE
S-00100,0,6,SITE-009,83.35,ok,silver,SYNTHETIC_PUBLIC_SAFE
S-00101,0,8,SITE-009,62.03,ok,silver,SYNTHETIC_PUBLIC_SAFE
S-00102,0,10,SITE-009,51.53,ok,silver,SYNTHETIC_PUBLIC_SAFE
S-00103,0,12,SITE-009,87.66,ok,silver,SYNTHETIC_PUBLIC_SAFE
S-00104,0,14,SITE-009,63.04,ok,silver,SYNTHETIC_PUBLIC_SAFE
S-00105,0,16,SITE-009,74.93,ok,silver,SYNTHETIC_PUBLIC_SAFE
S-00106,0,18,SITE-009,66.31,ok,silver,SYNTHETIC_PUBLIC_SAFE
S-00107,0,20,SITE-009,41.61,ok,silver,SYNTHETIC_PUBLIC_SAFE
S-00108,0,22,SITE-009,80.5,ok,silver,SYNTHETIC_PUBLIC_SAFE
S-00109,0,0,SITE-010,69.18,ok,silver,SYNTHETIC_PUBLIC_SAFE
S-00110,0,2,SITE-010,70.55,ok,silver,SYNTHETIC_PUBLIC_SAFE
S-00111,0,4,SITE-010,79.55,ok,silver,SYNTHETIC_PUBLIC_SAFE
S-00112,0,6,SITE-010,59.77,ok,silver,SYNTHETIC_PUBLIC_SAFE
S-00113,0,8,SITE-010,60.93,ok,silver,SYNTHETIC_PUBLIC_SAFE
S-00114,0,10,SITE-010,86.49,ok,silver,SYNTHETIC_PUBLIC_SAFE
S-00115,0,12,SITE-010,82.88,ok,silver,SYNTHETIC_PUBLIC_SAFE
S-00116,0,14,SITE-010,85.02,ok,silver,SYNTHETIC_PUBLIC_SAFE
S-00117,0,16,SITE-010,74.6,ok,silver,SYNTHETIC_PUBLIC_SAFE
S-00118,0,18,SITE-010,76.32,ok,silver,SYNTHETIC_PUBLIC_SAFE
S-00119,0,20,SITE-010,66.32,ok,silver,SYNTHETIC_PUBLIC_SAFE
S-00120,0,22,SITE-010,57.69,ok,silver,SYNTHETIC_PUBLIC_SAFE
S-00121,0,0,SITE-011,47.47,ok,silver,SYNTHETIC_PUBLIC_SAFE
S-00122,0,2,SITE-011,46.46,ok,silver,SYNTHETIC_PUBLIC_SAFE
S-00123,0,4,SITE-011,78.97,ok,silver,SYNTHETIC_PUBLIC_SAFE
S-00124,0,6,SITE-011,92.24,review,silver,SYNTHETIC_PUBLIC_SAFE
S-00125,0,8,SITE-011,59.83,ok,silver,SYNTHETIC_PUBLIC_SAFE
S-00126,0,10,SITE-011,64.12,ok,silver,SYNTHETIC_PUBLIC_SAFE
S-00127,0,12,SITE-011,40.64,ok,silver,SYNTHETIC_PUBLIC_SAFE
S-00128,0,14,SITE-011,70.95,ok,silver,SYNTHETIC_PUBLIC_SAFE
S-00129,0,16,SITE-011,48.42,ok,silver,SYNTHETIC_PUBLIC_SAFE
S-00130,0,18,SITE-011,51.01,ok,silver,SYNTHETIC_PUBLIC_SAFE
S-00131,0,20,SITE-011,73.17,ok,silver,SYNTHETIC_PUBLIC_SAFE
S-00132,0,22,SITE-011,68.57,ok,silver,SYNTHETIC_PUBLIC_SAFE
S-00133,0,0,SITE-012,50.7,ok,silver,SYNTHETIC_PUBLIC_SAFE
S-00134,0,2,SITE-012,52.38,ok,silver,SYNTHETIC_PUBLIC_SAFE
S-00135,0,4,SITE-012,71.03,ok,silver,SYNTHETIC_PUBLIC_SAFE
S-00136,0,6,SITE-012,39.95,ok,silver,SYNTHETIC_PUBLIC_SAFE
S-00137,0,8,SITE-012,58.51,ok,silver,SYNTHETIC_PUBLIC_SAFE
S-00138,0,10,SITE-012,88.28,ok,silver,SYNTHETIC_PUBLIC_SAFE
S-00139,0,12,SITE-012,90.88,ok,silver,SYNTHETIC_PUBLIC_SAFE
S-00140,0,14,SITE-012,78.25,ok,silver,SYNTHETIC_PUBLIC_SAFE
S-00141,0,16,SITE-012,75.59,ok,silver,SYNTHETIC_PUBLIC_SAFE
S-00142,0,18,SITE-012,42.16,ok,silver,SYNTHETIC_PUBLIC_SAFE
S-00143,0,20,SITE-012,82.19,ok,silver,SYNTHETIC_PUBLIC_SAFE
S-00144,0,22,SITE-012,45.66,ok,silver,SYNTHETIC_PUBLIC_SAFE
S-00145,1,0,SITE-001,59.88,ok,silver,SYNTHETIC_PUBLIC_SAFE
S-00146,1,2,SITE-001,73.86,ok,silver,SYNTHETIC_PUBLIC_SAFE
S-00147,1,4,SITE-001,50.2,ok,silver,SYNTHETIC_PUBLIC_SAFE
S-00148,1,6,SITE-001,49.68,ok,silver,SYNTHETIC_PUBLIC_SAFE
S-00149,1,8,SITE-001,41.64,ok,silver,SYNTHETIC_PUBLIC_SAFE
S-00150,1,10,SITE-001,76.15,ok,silver,SYNTHETIC_PUBLIC_SAFE
S-00151,1,12,SITE-001,79.49,ok,silver,SYNTHETIC_PUBLIC_SAFE
S-00152,1,14,SITE-001,72.23,ok,silver,SYNTHETIC_PUBLIC_SAFE
S-00153,1,16,SITE-001,57.89,ok,silver,SYNTHETIC_PUBLIC_SAFE
S-00154,1,18,SITE-001,76.86,ok,silver,SYNTHETIC_PUBLIC_SAFE
S-00155,1,20,SITE-001,88.34,ok,silver,SYNTHETIC_PUBLIC_SAFE
S-00156,1,22,SITE-001,59.88,ok,silver,SYNTHETIC_PUBLIC_SAFE
S-00157,1,0,SITE-002,73.34,ok,silver,SYNTHETIC_PUBLIC_SAFE
S-00158,1,2,SITE-002,73.38,ok,silver,SYNTHETIC_PUBLIC_SAFE
S-00159,1,4,SITE-002,89.11,ok,silver,SYNTHETIC_PUBLIC_SAFE
S-00160,1,6,SITE-002,78.54,ok,silver,SYNTHETIC_PUBLIC_SAFE
S-00161,1,8,SITE-002,62.78,ok,silver,SYNTHETIC_PUBLIC_SAFE
S-00162,1,10,SITE-002,60.03,ok,silver,SYNTHETIC_PUBLIC_SAFE
S-00163,1,12,SITE-002,63.75,ok,silver,SYNTHETIC_PUBLIC_SAFE
S-00164,1,14,SITE-002,45.47,ok,silver,SYNTHETIC_PUBLIC_SAFE
S-00165,1,16,SITE-002,78.2,ok,silver,SYNTHETIC_PUBLIC_SAFE
S-00166,1,18,SITE-002,46.09,ok,silver,SYNTHETIC_PUBLIC_SAFE
S-00167,1,20,SITE-002,93.17,review,silver,SYNTHETIC_PUBLIC_SAFE
S-00168,1,22,SITE-002,77.24,ok,silver,SYNTHETIC_PUBLIC_SAFE
S-00169,1,0,SITE-003,90.82,ok,silver,SYNTHETIC_PUBLIC_SAFE
S-00170,1,2,SITE-003,54.23,ok,silver,SYNTHETIC_PUBLIC_SAFE
S-00171,1,4,SITE-003,48.41,ok,silver,SYNTHETIC_PUBLIC_SAFE
S-00172,1,6,SITE-003,83.45,ok,silver,SYNTHETIC_PUBLIC_SAFE
S-00173,1,8,SITE-003,86.06,ok,silver,SYNTHETIC_PUBLIC_SAFE
S-00174,1,10,SITE-003,81.73,ok,silver,SYNTHETIC_PUBLIC_SAFE
S-00175,1,12,SITE-003,53.25,ok,silver,SYNTHETIC_PUBLIC_SAFE
S-00176,1,14,SITE-003,86.55,ok,silver,SYNTHETIC_PUBLIC_SAFE
S-00177,1,16,SITE-003,57.02,ok,silver,SYNTHETIC_PUBLIC_SAFE
S-00178,1,18,SITE-003,94.71,review,silver,SYNTHETIC_PUBLIC_SAFE
S-00179,1,20,SITE-003,65.07,ok,silver,SYNTHETIC_PUBLIC_SAFE
S-00180,1,22,SITE-003,73.69,ok,silver,SYNTHETIC_PUBLIC_SAFE
S-00181,1,0,SITE-004,44.2,ok,silver,SYNTHETIC_PUBLIC_SAFE
S-00182,1,2,SITE-004,48.32,ok,silver,SYNTHETIC_PUBLIC_SAFE
S-00183,1,4,SITE-004,86.53,ok,silver,SYNTHETIC_PUBLIC_SAFE
S-00184,1,6,SITE-004,73.54,ok,silver,SYNTHETIC_PUBLIC_SAFE
S-00185,1,8,SITE-004,92.3,review,silver,SYNTHETIC_PUBLIC_SAFE
S-00186,1,10,SITE-004,72.52,ok,silver,SYNTHETIC_PUBLIC_SAFE
S-00187,1,12,SITE-004,50.02,ok,silver,SYNTHETIC_PUBLIC_SAFE
S-00188,1,14,SITE-004,43.04,ok,silver,SYNTHETIC_PUBLIC_SAFE
S-00189,1,16,SITE-004,56.5,ok,silver,SYNTHETIC_PUBLIC_SAFE
S-00190,1,18,SITE-004,45.5,ok,silver,SYNTHETIC_PUBLIC_SAFE
S-00191,1,20,SITE-004,50.45,ok,silver,SYNTHETIC_PUBLIC_SAFE
S-00192,1,22,SITE-004,85.12,ok,silver,SYNTHETIC_PUBLIC_SAFE
S-00193,1,0,SITE-005,77.12,ok,silver,SYNTHETIC_PUBLIC_SAFE
S-00194,1,2,SITE-005,68.88,ok,silver,SYNTHETIC_PUBLIC_SAFE
S-00195,1,4,SITE-005,54.5,ok,silver,SYNTHETIC_PUBLIC_SAFE
S-00196,1,6,SITE-005,89.29,ok,silver,SYNTHETIC_PUBLIC_SAFE
S-00197,1,8,SITE-005,80.51,ok,silver,SYNTHETIC_PUBLIC_SAFE
S-00198,1,10,SITE-005,53.75,ok,silver,SYNTHETIC_PUBLIC_SAFE
S-00199,1,12,SITE-005,46.34,ok,silver,SYNTHETIC_PUBLIC_SAFE
S-00200,1,14,SITE-005,68.9,ok,silver,SYNTHETIC_PUBLIC_SAFE
S-00201,1,16,SITE-005,91.94,ok,silver,SYNTHETIC_PUBLIC_SAFE
S-00202,1,18,SITE-005,62.67,ok,silver,SYNTHETIC_PUBLIC_SAFE
S-00203,1,20,SITE-005,76.54,ok,silver,SYNTHETIC_PUBLIC_SAFE
S-00204,1,22,SITE-005,60.33,ok,silver,SYNTHETIC_PUBLIC_SAFE
S-00205,1,0,SITE-006,90.97,ok,silver,SYNTHETIC_PUBLIC_SAFE
S-00206,1,2,SITE-006,70.9,ok,silver,SYNTHETIC_PUBLIC_SAFE
S-00207,1,4,SITE-006,59.89,ok,silver,SYNTHETIC_PUBLIC_SAFE
S-00208,1,6,SITE-006,76.17,ok,silver,SYNTHETIC_PUBLIC_SAFE
S-00209,1,8,SITE-006,57.51,ok,silver,SYNTHETIC_PUBLIC_SAFE
S-00210,1,10,SITE-006,49.22,ok,silver,SYNTHETIC_PUBLIC_SAFE
S-00211,1,12,SITE-006,44.5,ok,silver,SYNTHETIC_PUBLIC_SAFE
S-00212,1,14,SITE-006,85.82,ok,silver,SYNTHETIC_PUBLIC_SAFE
S-00213,1,16,SITE-006,83.51,ok,silver,SYNTHETIC_PUBLIC_SAFE
S-00214,1,18,SITE-006,49.88,ok,silver,SYNTHETIC_PUBLIC_SAFE
S-00215,1,20,SITE-006,61.39,ok,silver,SYNTHETIC_PUBLIC_SAFE
S-00216,1,22,SITE-006,50.41,ok,silver,SYNTHETIC_PUBLIC_SAFE
S-00217,1,0,SITE-007,57.8,ok,silver,SYNTHETIC_PUBLIC_SAFE
S-00218,1,2,SITE-007,69.47,ok,silver,SYNTHETIC_PUBLIC_SAFE
S-00219,1,4,SITE-007,79.6,ok,silver,SYNTHETIC_PUBLIC_SAFE
S-00220,1,6,SITE-007,67.95,ok,silver,SYNTHETIC_PUBLIC_SAFE
S-00221,1,8,SITE-007,56.86,ok,silver,SYNTHETIC_PUBLIC_SAFE
S-00222,1,10,SITE-007,84.68,ok,silver,SYNTHETIC_PUBLIC_SAFE
S-00223,1,12,SITE-007,61.45,ok,silver,SYNTHETIC_PUBLIC_SAFE
S-00224,1,14,SITE-007,78.11,ok,silver,SYNTHETIC_PUBLIC_SAFE
S-00225,1,16,SITE-007,83.36,ok,silver,SYNTHETIC_PUBLIC_SAFE
S-00226,1,18,SITE-007,81.68,ok,silver,SYNTHETIC_PUBLIC_SAFE
S-00227,1,20,SITE-007,88.61,ok,silver,SYNTHETIC_PUBLIC_SAFE
S-00228,1,22,SITE-007,80.7,ok,silver,SYNTHETIC_PUBLIC_SAFE
S-00229,1,0,SITE-008,44.66,ok,silver,SYNTHETIC_PUBLIC_SAFE
S-00230,1,2,SITE-008,91.69,ok,silver,SYNTHETIC_PUBLIC_SAFE
S-00231,1,4,SITE-008,57.26,ok,silver,SYNTHETIC_PUBLIC_SAFE
S-00232,1,6,SITE-008,47.61,ok,silver,SYNTHETIC_PUBLIC_SAFE
S-00233,1,8,SITE-008,74.53,ok,silver,SYNTHETIC_PUBLIC_SAFE
S-00234,1,10,SITE-008,66.67,ok,silver,SYNTHETIC_PUBLIC_SAFE
S-00235,1,12,SITE-008,84.16,ok,silver,SYNTHETIC_PUBLIC_SAFE
S-00236,1,14,SITE-008,66.09,ok,silver,SYNTHETIC_PUBLIC_SAFE
S-00237,1,16,SITE-008,51.06,ok,silver,SYNTHETIC_PUBLIC_SAFE
S-00238,1,18,SITE-008,72.54,ok,silver,SYNTHETIC_PUBLIC_SAFE
S-00239,1,20,SITE-008,89.35,ok,silver,SYNTHETIC_PUBLIC_SAFE
S-00240,1,22,SITE-008,54.72,ok,silver,SYNTHETIC_PUBLIC_SAFE
S-00241,1,0,SITE-009,84.97,ok,silver,SYNTHETIC_PUBLIC_SAFE
S-00242,1,2,SITE-009,58.36,ok,silver,SYNTHETIC_PUBLIC_SAFE
S-00243,1,4,SITE-009,40.66,ok,silver,SYNTHETIC_PUBLIC_SAFE
S-00244,1,6,SITE-009,69.39,ok,silver,SYNTHETIC_PUBLIC_SAFE
S-00245,1,8,SITE-009,78.39,ok,silver,SYNTHETIC_PUBLIC_SAFE
S-00246,1,10,SITE-009,74.19,ok,silver,SYNTHETIC_PUBLIC_SAFE
S-00247,1,12,SITE-009,78.93,ok,silver,SYNTHETIC_PUBLIC_SAFE
S-00248,1,14,SITE-009,41.88,ok,silver,SYNTHETIC_PUBLIC_SAFE
S-00249,1,16,SITE-009,68.73,ok,silver,SYNTHETIC_PUBLIC_SAFE
S-00250,1,18,SITE-009,77.85,ok,silver,SYNTHETIC_PUBLIC_SAFE
S-00251,1,20,SITE-009,65.1,ok,silver,SYNTHETIC_PUBLIC_SAFE
S-00252,1,22,SITE-009,73.71,ok,silver,SYNTHETIC_PUBLIC_SAFE
S-00253,1,0,SITE-010,51.4,ok,silver,SYNTHETIC_PUBLIC_SAFE
S-00254,1,2,SITE-010,73.95,ok,silver,SYNTHETIC_PUBLIC_SAFE
S-00255,1,4,SITE-010,66.29,ok,silver,SYNTHETIC_PUBLIC_SAFE
S-00256,1,6,SITE-010,53.94,ok,silver,SYNTHETIC_PUBLIC_SAFE
S-00257,1,8,SITE-010,51.92,ok,silver,SYNTHETIC_PUBLIC_SAFE
S-00258,1,10,SITE-010,90.53,ok,silver,SYNTHETIC_PUBLIC_SAFE
S-00259,1,12,SITE-010,46.62,ok,silver,SYNTHETIC_PUBLIC_SAFE
S-00260,1,14,SITE-010,55.54,ok,silver,SYNTHETIC_PUBLIC_SAFE
S-00261,1,16,SITE-010,49.43,ok,silver,SYNTHETIC_PUBLIC_SAFE
S-00262,1,18,SITE-010,87.38,ok,silver,SYNTHETIC_PUBLIC_SAFE
S-00263,1,20,SITE-010,71.26,ok,silver,SYNTHETIC_PUBLIC_SAFE
S-00264,1,22,SITE-010,56.08,ok,silver,SYNTHETIC_PUBLIC_SAFE
S-00265,1,0,SITE-011,83.43,ok,silver,SYNTHETIC_PUBLIC_SAFE
S-00266,1,2,SITE-011,68.22,ok,silver,SYNTHETIC_PUBLIC_SAFE
S-00267,1,4,SITE-011,75.32,ok,silver,SYNTHETIC_PUBLIC_SAFE
S-00268,1,6,SITE-011,42.28,ok,silver,SYNTHETIC_PUBLIC_SAFE
S-00269,1,8,SITE-011,63.37,ok,silver,SYNTHETIC_PUBLIC_SAFE
S-00270,1,10,SITE-011,40.56,ok,silver,SYNTHETIC_PUBLIC_SAFE
S-00271,1,12,SITE-011,43.44,ok,silver,SYNTHETIC_PUBLIC_SAFE
S-00272,1,14,SITE-011,49.1,ok,silver,SYNTHETIC_PUBLIC_SAFE
S-00273,1,16,SITE-011,65.98,ok,silver,SYNTHETIC_PUBLIC_SAFE
S-00274,1,18,SITE-011,83.86,ok,silver,SYNTHETIC_PUBLIC_SAFE
S-00275,1,20,SITE-011,60.58,ok,silver,SYNTHETIC_PUBLIC_SAFE
S-00276,1,22,SITE-011,81.44,ok,silver,SYNTHETIC_PUBLIC_SAFE
S-00277,1,0,SITE-012,64.82,ok,silver,SYNTHETIC_PUBLIC_SAFE
S-00278,1,2,SITE-012,70.73,ok,silver,SYNTHETIC_PUBLIC_SAFE
S-00279,1,4,SITE-012,60.31,ok,silver,SYNTHETIC_PUBLIC_SAFE
S-00280,1,6,SITE-012,40.33,ok,silver,SYNTHETIC_PUBLIC_SAFE
S-00281,1,8,SITE-012,45.54,ok,silver,SYNTHETIC_PUBLIC_SAFE
S-00282,1,10,SITE-012,43.71,ok,silver,SYNTHETIC_PUBLIC_SAFE
S-00283,1,12,SITE-012,43.4,ok,silver,SYNTHETIC_PUBLIC_SAFE
S-00284,1,14,SITE-012,51.29,ok,silver,SYNTHETIC_PUBLIC_SAFE
S-00285,1,16,SITE-012,65.82,ok,silver,SYNTHETIC_PUBLIC_SAFE
S-00286,1,18,SITE-012,89.17,ok,silver,SYNTHETIC_PUBLIC_SAFE
S-00287,1,20,SITE-012,93.9,review,silver,SYNTHETIC_PUBLIC_SAFE
S-00288,1,22,SITE-012,82.33,ok,silver,SYNTHETIC_PUBLIC_SAFE
S-00289,2,0,SITE-001,92.7,review,silver,SYNTHETIC_PUBLIC_SAFE
S-00290,2,2,SITE-001,59.31,ok,silver,SYNTHETIC_PUBLIC_SAFE
S-00291,2,4,SITE-001,69.76,ok,silver,SYNTHETIC_PUBLIC_SAFE
S-00292,2,6,SITE-001,62.76,ok,silver,SYNTHETIC_PUBLIC_SAFE
S-00293,2,8,SITE-001,73.66,ok,silver,SYNTHETIC_PUBLIC_SAFE
S-00294,2,10,SITE-001,83.7,ok,silver,SYNTHETIC_PUBLIC_SAFE
S-00295,2,12,SITE-001,44.34,ok,silver,SYNTHETIC_PUBLIC_SAFE
S-00296,2,14,SITE-001,81.64,ok,silver,SYNTHETIC_PUBLIC_SAFE
S-00297,2,16,SITE-001,85.81,ok,silver,SYNTHETIC_PUBLIC_SAFE
S-00298,2,18,SITE-001,87.03,ok,silver,SYNTHETIC_PUBLIC_SAFE
S-00299,2,20,SITE-001,58.06,ok,silver,SYNTHETIC_PUBLIC_SAFE
S-00300,2,22,SITE-001,50.08,ok,silver,SYNTHETIC_PUBLIC_SAFE
S-00301,2,0,SITE-002,71.72,ok,silver,SYNTHETIC_PUBLIC_SAFE
S-00302,2,2,SITE-002,70.98,ok,silver,SYNTHETIC_PUBLIC_SAFE
S-00303,2,4,SITE-002,63.1,ok,silver,SYNTHETIC_PUBLIC_SAFE
S-00304,2,6,SITE-002,85.87,ok,silver,SYNTHETIC_PUBLIC_SAFE
S-00305,2,8,SITE-002,65.69,ok,silver,SYNTHETIC_PUBLIC_SAFE
S-00306,2,10,SITE-002,56.63,ok,silver,SYNTHETIC_PUBLIC_SAFE
S-00307,2,12,SITE-002,61.93,ok,silver,SYNTHETIC_PUBLIC_SAFE
S-00308,2,14,SITE-002,50.24,ok,silver,SYNTHETIC_PUBLIC_SAFE
S-00309,2,16,SITE-002,88.09,ok,silver,SYNTHETIC_PUBLIC_SAFE
S-00310,2,18,SITE-002,91.3,ok,silver,SYNTHETIC_PUBLIC_SAFE
S-00311,2,20,SITE-002,90.32,ok,silver,SYNTHETIC_PUBLIC_SAFE
S-00312,2,22,SITE-002,46.22,ok,silver,SYNTHETIC_PUBLIC_SAFE
S-00313,2,0,SITE-003,51.6,ok,silver,SYNTHETIC_PUBLIC_SAFE
S-00314,2,2,SITE-003,41.53,ok,silver,SYNTHETIC_PUBLIC_SAFE
S-00315,2,4,SITE-003,69.02,ok,silver,SYNTHETIC_PUBLIC_SAFE
S-00316,2,6,SITE-003,51.42,ok,silver,SYNTHETIC_PUBLIC_SAFE
S-00317,2,8,SITE-003,59.52,ok,silver,SYNTHETIC_PUBLIC_SAFE
S-00318,2,10,SITE-003,88.89,ok,silver,SYNTHETIC_PUBLIC_SAFE
S-00319,2,12,SITE-003,84.79,ok,silver,SYNTHETIC_PUBLIC_SAFE
S-00320,2,14,SITE-003,91.93,ok,silver,SYNTHETIC_PUBLIC_SAFE
S-00321,2,16,SITE-003,88.16,ok,silver,SYNTHETIC_PUBLIC_SAFE
S-00322,2,18,SITE-003,59.92,ok,silver,SYNTHETIC_PUBLIC_SAFE
S-00323,2,20,SITE-003,74.26,ok,silver,SYNTHETIC_PUBLIC_SAFE
S-00324,2,22,SITE-003,61.9,ok,silver,SYNTHETIC_PUBLIC_SAFE
S-00325,2,0,SITE-004,59.15,ok,silver,SYNTHETIC_PUBLIC_SAFE
S-00326,2,2,SITE-004,71.3,ok,silver,SYNTHETIC_PUBLIC_SAFE
S-00327,2,4,SITE-004,70.48,ok,silver,SYNTHETIC_PUBLIC_SAFE
S-00328,2,6,SITE-004,47.08,ok,silver,SYNTHETIC_PUBLIC_SAFE
S-00329,2,8,SITE-004,54.33,ok,silver,SYNTHETIC_PUBLIC_SAFE
S-00330,2,10,SITE-004,47.86,ok,silver,SYNTHETIC_PUBLIC_SAFE
S-00331,2,12,SITE-004,75.16,ok,silver,SYNTHETIC_PUBLIC_SAFE
S-00332,2,14,SITE-004,81.25,ok,silver,SYNTHETIC_PUBLIC_SAFE
S-00333,2,16,SITE-004,44.75,ok,silver,SYNTHETIC_PUBLIC_SAFE
S-00334,2,18,SITE-004,41.49,ok,silver,SYNTHETIC_PUBLIC_SAFE
S-00335,2,20,SITE-004,51.16,ok,silver,SYNTHETIC_PUBLIC_SAFE
S-00336,2,22,SITE-004,101.46,review,silver,SYNTHETIC_PUBLIC_SAFE
S-00337,2,0,SITE-005,72.29,ok,silver,SYNTHETIC_PUBLIC_SAFE
S-00338,2,2,SITE-005,62.16,ok,silver,SYNTHETIC_PUBLIC_SAFE
S-00339,2,4,SITE-005,87.31,ok,silver,SYNTHETIC_PUBLIC_SAFE
S-00340,2,6,SITE-005,71.41,ok,silver,SYNTHETIC_PUBLIC_SAFE
S-00341,2,8,SITE-005,51.87,ok,silver,SYNTHETIC_PUBLIC_SAFE
S-00342,2,10,SITE-005,80.67,ok,silver,SYNTHETIC_PUBLIC_SAFE
S-00343,2,12,SITE-005,67.9,ok,silver,SYNTHETIC_PUBLIC_SAFE
S-00344,2,14,SITE-005,69.49,ok,silver,SYNTHETIC_PUBLIC_SAFE
S-00345,2,16,SITE-005,68.6,ok,silver,SYNTHETIC_PUBLIC_SAFE
S-00346,2,18,SITE-005,91.46,ok,silver,SYNTHETIC_PUBLIC_SAFE
S-00347,2,20,SITE-005,100.46,review,silver,SYNTHETIC_PUBLIC_SAFE
S-00348,2,22,SITE-005,45.57,ok,silver,SYNTHETIC_PUBLIC_SAFE
S-00349,2,0,SITE-006,68.2,ok,silver,SYNTHETIC_PUBLIC_SAFE
S-00350,2,2,SITE-006,51.57,ok,silver,SYNTHETIC_PUBLIC_SAFE
S-00351,2,4,SITE-006,55.07,ok,silver,SYNTHETIC_PUBLIC_SAFE
S-00352,2,6,SITE-006,51.73,ok,silver,SYNTHETIC_PUBLIC_SAFE
S-00353,2,8,SITE-006,72.28,ok,silver,SYNTHETIC_PUBLIC_SAFE
S-00354,2,10,SITE-006,57.86,ok,silver,SYNTHETIC_PUBLIC_SAFE
S-00355,2,12,SITE-006,70.26,ok,silver,SYNTHETIC_PUBLIC_SAFE
S-00356,2,14,SITE-006,50.23,ok,silver,SYNTHETIC_PUBLIC_SAFE
S-00357,2,16,SITE-006,48.46,ok,silver,SYNTHETIC_PUBLIC_SAFE
S-00358,2,18,SITE-006,90.07,ok,silver,SYNTHETIC_PUBLIC_SAFE
S-00359,2,20,SITE-006,55.55,ok,silver,SYNTHETIC_PUBLIC_SAFE
S-00360,2,22,SITE-006,40.97,ok,silver,SYNTHETIC_PUBLIC_SAFE
S-00361,2,0,SITE-007,89.11,ok,silver,SYNTHETIC_PUBLIC_SAFE
S-00362,2,2,SITE-007,73.07,ok,silver,SYNTHETIC_PUBLIC_SAFE
S-00363,2,4,SITE-007,64.34,ok,silver,SYNTHETIC_PUBLIC_SAFE
S-00364,2,6,SITE-007,87.6,ok,silver,SYNTHETIC_PUBLIC_SAFE
S-00365,2,8,SITE-007,58.66,ok,silver,SYNTHETIC_PUBLIC_SAFE
S-00366,2,10,SITE-007,57.45,ok,silver,SYNTHETIC_PUBLIC_SAFE
S-00367,2,12,SITE-007,43.24,ok,silver,SYNTHETIC_PUBLIC_SAFE
S-00368,2,14,SITE-007,59.24,ok,silver,SYNTHETIC_PUBLIC_SAFE
S-00369,2,16,SITE-007,48.5,ok,silver,SYNTHETIC_PUBLIC_SAFE
S-00370,2,18,SITE-007,42.96,ok,silver,SYNTHETIC_PUBLIC_SAFE
S-00371,2,20,SITE-007,64.28,ok,silver,SYNTHETIC_PUBLIC_SAFE
S-00372,2,22,SITE-007,44.0,ok,silver,SYNTHETIC_PUBLIC_SAFE
S-00373,2,0,SITE-008,65.07,ok,silver,SYNTHETIC_PUBLIC_SAFE
S-00374,2,2,SITE-008,82.3,ok,silver,SYNTHETIC_PUBLIC_SAFE
S-00375,2,4,SITE-008,94.64,review,silver,SYNTHETIC_PUBLIC_SAFE
S-00376,2,6,SITE-008,42.36,ok,silver,SYNTHETIC_PUBLIC_SAFE
S-00377,2,8,SITE-008,55.93,ok,silver,SYNTHETIC_PUBLIC_SAFE
S-00378,2,10,SITE-008,81.19,ok,silver,SYNTHETIC_PUBLIC_SAFE
S-00379,2,12,SITE-008,65.56,ok,silver,SYNTHETIC_PUBLIC_SAFE
S-00380,2,14,SITE-008,89.88,ok,silver,SYNTHETIC_PUBLIC_SAFE
S-00381,2,16,SITE-008,76.55,ok,silver,SYNTHETIC_PUBLIC_SAFE
S-00382,2,18,SITE-008,93.61,review,silver,SYNTHETIC_PUBLIC_SAFE
S-00383,2,20,SITE-008,44.13,ok,silver,SYNTHETIC_PUBLIC_SAFE
S-00384,2,22,SITE-008,69.51,ok,silver,SYNTHETIC_PUBLIC_SAFE
S-00385,2,0,SITE-009,91.13,ok,silver,SYNTHETIC_PUBLIC_SAFE
S-00386,2,2,SITE-009,91.01,ok,silver,SYNTHETIC_PUBLIC_SAFE
S-00387,2,4,SITE-009,77.75,ok,silver,SYNTHETIC_PUBLIC_SAFE
S-00388,2,6,SITE-009,71.57,ok,silver,SYNTHETIC_PUBLIC_SAFE
S-00389,2,8,SITE-009,88.22,ok,silver,SYNTHETIC_PUBLIC_SAFE
S-00390,2,10,SITE-009,77.12,ok,silver,SYNTHETIC_PUBLIC_SAFE
S-00391,2,12,SITE-009,66.98,ok,silver,SYNTHETIC_PUBLIC_SAFE
S-00392,2,14,SITE-009,41.05,ok,silver,SYNTHETIC_PUBLIC_SAFE
S-00393,2,16,SITE-009,78.17,ok,silver,SYNTHETIC_PUBLIC_SAFE
S-00394,2,18,SITE-009,81.98,ok,silver,SYNTHETIC_PUBLIC_SAFE
S-00395,2,20,SITE-009,82.66,ok,silver,SYNTHETIC_PUBLIC_SAFE
S-00396,2,22,SITE-009,61.53,ok,silver,SYNTHETIC_PUBLIC_SAFE
S-00397,2,0,SITE-010,59.42,ok,silver,SYNTHETIC_PUBLIC_SAFE
S-00398,2,2,SITE-010,85.51,ok,silver,SYNTHETIC_PUBLIC_SAFE
S-00399,2,4,SITE-010,68.48,ok,silver,SYNTHETIC_PUBLIC_SAFE
S-00400,2,6,SITE-010,43.16,ok,silver,SYNTHETIC_PUBLIC_SAFE
S-00401,2,8,SITE-010,75.63,ok,silver,SYNTHETIC_PUBLIC_SAFE
S-00402,2,10,SITE-010,77.95,ok,silver,SYNTHETIC_PUBLIC_SAFE
S-00403,2,12,SITE-010,41.3,ok,silver,SYNTHETIC_PUBLIC_SAFE
S-00404,2,14,SITE-010,74.16,ok,silver,SYNTHETIC_PUBLIC_SAFE
S-00405,2,16,SITE-010,61.59,ok,silver,SYNTHETIC_PUBLIC_SAFE
S-00406,2,18,SITE-010,45.55,ok,silver,SYNTHETIC_PUBLIC_SAFE
S-00407,2,20,SITE-010,72.08,ok,silver,SYNTHETIC_PUBLIC_SAFE
S-00408,2,22,SITE-010,87.37,ok,silver,SYNTHETIC_PUBLIC_SAFE
S-00409,2,0,SITE-011,71.0,ok,silver,SYNTHETIC_PUBLIC_SAFE
S-00410,2,2,SITE-011,63.98,ok,silver,SYNTHETIC_PUBLIC_SAFE
S-00411,2,4,SITE-011,86.01,ok,silver,SYNTHETIC_PUBLIC_SAFE
S-00412,2,6,SITE-011,78.27,ok,silver,SYNTHETIC_PUBLIC_SAFE
S-00413,2,8,SITE-011,71.54,ok,silver,SYNTHETIC_PUBLIC_SAFE
S-00414,2,10,SITE-011,50.71,ok,silver,SYNTHETIC_PUBLIC_SAFE
S-00415,2,12,SITE-011,90.33,ok,silver,SYNTHETIC_PUBLIC_SAFE
S-00416,2,14,SITE-011,85.24,ok,silver,SYNTHETIC_PUBLIC_SAFE
S-00417,2,16,SITE-011,82.6,ok,silver,SYNTHETIC_PUBLIC_SAFE
S-00418,2,18,SITE-011,42.55,ok,silver,SYNTHETIC_PUBLIC_SAFE
S-00419,2,20,SITE-011,82.01,ok,silver,SYNTHETIC_PUBLIC_SAFE
S-00420,2,22,SITE-011,47.89,ok,silver,SYNTHETIC_PUBLIC_SAFE
S-00421,2,0,SITE-012,67.41,ok,silver,SYNTHETIC_PUBLIC_SAFE
S-00422,2,2,SITE-012,64.43,ok,silver,SYNTHETIC_PUBLIC_SAFE
S-00423,2,4,SITE-012,79.07,ok,silver,SYNTHETIC_PUBLIC_SAFE
S-00424,2,6,SITE-012,41.93,ok,silver,SYNTHETIC_PUBLIC_SAFE
S-00425,2,8,SITE-012,71.9,ok,silver,SYNTHETIC_PUBLIC_SAFE
S-00426,2,10,SITE-012,80.13,ok,silver,SYNTHETIC_PUBLIC_SAFE
S-00427,2,12,SITE-012,77.51,ok,silver,SYNTHETIC_PUBLIC_SAFE
S-00428,2,14,SITE-012,86.9,ok,silver,SYNTHETIC_PUBLIC_SAFE
S-00429,2,16,SITE-012,84.6,ok,silver,SYNTHETIC_PUBLIC_SAFE
S-00430,2,18,SITE-012,84.2,ok,silver,SYNTHETIC_PUBLIC_SAFE
S-00431,2,20,SITE-012,93.42,review,silver,SYNTHETIC_PUBLIC_SAFE
S-00432,2,22,SITE-012,60.18,ok,silver,SYNTHETIC_PUBLIC_SAFE
S-00433,3,0,SITE-001,65.7,ok,silver,SYNTHETIC_PUBLIC_SAFE
S-00434,3,2,SITE-001,50.2,ok,silver,SYNTHETIC_PUBLIC_SAFE
S-00435,3,4,SITE-001,55.33,ok,silver,SYNTHETIC_PUBLIC_SAFE
S-00436,3,6,SITE-001,81.31,ok,silver,SYNTHETIC_PUBLIC_SAFE
S-00437,3,8,SITE-001,51.27,ok,silver,SYNTHETIC_PUBLIC_SAFE
S-00438,3,10,SITE-001,60.13,ok,silver,SYNTHETIC_PUBLIC_SAFE
S-00439,3,12,SITE-001,46.54,ok,silver,SYNTHETIC_PUBLIC_SAFE
S-00440,3,14,SITE-001,69.24,ok,silver,SYNTHETIC_PUBLIC_SAFE
S-00441,3,16,SITE-001,89.43,ok,silver,SYNTHETIC_PUBLIC_SAFE
S-00442,3,18,SITE-001,53.43,ok,silver,SYNTHETIC_PUBLIC_SAFE
S-00443,3,20,SITE-001,40.67,ok,silver,SYNTHETIC_PUBLIC_SAFE
S-00444,3,22,SITE-001,41.08,ok,silver,SYNTHETIC_PUBLIC_SAFE
S-00445,3,0,SITE-002,72.31,ok,silver,SYNTHETIC_PUBLIC_SAFE
S-00446,3,2,SITE-002,51.78,ok,silver,SYNTHETIC_PUBLIC_SAFE
S-00447,3,4,SITE-002,94.18,review,silver,SYNTHETIC_PUBLIC_SAFE
S-00448,3,6,SITE-002,80.3,ok,silver,SYNTHETIC_PUBLIC_SAFE
S-00449,3,8,SITE-002,67.81,ok,silver,SYNTHETIC_PUBLIC_SAFE
S-00450,3,10,SITE-002,40.02,ok,silver,SYNTHETIC_PUBLIC_SAFE
S-00451,3,12,SITE-002,44.49,ok,silver,SYNTHETIC_PUBLIC_SAFE
S-00452,3,14,SITE-002,64.14,ok,silver,SYNTHETIC_PUBLIC_SAFE
S-00453,3,16,SITE-002,54.29,ok,silver,SYNTHETIC_PUBLIC_SAFE
S-00454,3,18,SITE-002,69.25,ok,silver,SYNTHETIC_PUBLIC_SAFE
S-00455,3,20,SITE-002,68.44,ok,silver,SYNTHETIC_PUBLIC_SAFE
S-00456,3,22,SITE-002,80.87,ok,silver,SYNTHETIC_PUBLIC_SAFE
S-00457,3,0,SITE-003,65.83,ok,silver,SYNTHETIC_PUBLIC_SAFE
S-00458,3,2,SITE-003,59.82,ok,silver,SYNTHETIC_PUBLIC_SAFE
S-00459,3,4,SITE-003,85.77,ok,silver,SYNTHETIC_PUBLIC_SAFE
S-00460,3,6,SITE-003,54.88,ok,silver,SYNTHETIC_PUBLIC_SAFE
S-00461,3,8,SITE-003,63.55,ok,silver,SYNTHETIC_PUBLIC_SAFE
S-00462,3,10,SITE-003,91.47,ok,silver,SYNTHETIC_PUBLIC_SAFE
S-00463,3,12,SITE-003,60.38,ok,silver,SYNTHETIC_PUBLIC_SAFE
S-00464,3,14,SITE-003,82.93,ok,silver,SYNTHETIC_PUBLIC_SAFE
S-00465,3,16,SITE-003,82.27,ok,silver,SYNTHETIC_PUBLIC_SAFE
S-00466,3,18,SITE-003,88.32,ok,silver,SYNTHETIC_PUBLIC_SAFE
S-00467,3,20,SITE-003,75.04,ok,silver,SYNTHETIC_PUBLIC_SAFE
S-00468,3,22,SITE-003,81.46,ok,silver,SYNTHETIC_PUBLIC_SAFE
S-00469,3,0,SITE-004,53.46,ok,silver,SYNTHETIC_PUBLIC_SAFE
S-00470,3,2,SITE-004,54.11,ok,silver,SYNTHETIC_PUBLIC_SAFE
S-00471,3,4,SITE-004,63.56,ok,silver,SYNTHETIC_PUBLIC_SAFE
S-00472,3,6,SITE-004,65.77,ok,silver,SYNTHETIC_PUBLIC_SAFE
S-00473,3,8,SITE-004,41.88,ok,silver,SYNTHETIC_PUBLIC_SAFE
S-00474,3,10,SITE-004,70.42,ok,silver,SYNTHETIC_PUBLIC_SAFE
S-00475,3,12,SITE-004,75.95,ok,silver,SYNTHETIC_PUBLIC_SAFE
S-00476,3,14,SITE-004,91.02,ok,silver,SYNTHETIC_PUBLIC_SAFE
S-00477,3,16,SITE-004,46.45,ok,silver,SYNTHETIC_PUBLIC_SAFE
S-00478,3,18,SITE-004,65.64,ok,silver,SYNTHETIC_PUBLIC_SAFE
S-00479,3,20,SITE-004,53.0,ok,silver,SYNTHETIC_PUBLIC_SAFE
S-00480,3,22,SITE-004,41.71,ok,silver,SYNTHETIC_PUBLIC_SAFE
S-00481,3,0,SITE-005,62.21,ok,silver,SYNTHETIC_PUBLIC_SAFE
S-00482,3,2,SITE-005,81.01,ok,silver,SYNTHETIC_PUBLIC_SAFE
S-00483,3,4,SITE-005,71.39,ok,silver,SYNTHETIC_PUBLIC_SAFE
S-00484,3,6,SITE-005,68.51,ok,silver,SYNTHETIC_PUBLIC_SAFE
S-00485,3,8,SITE-005,88.48,ok,silver,SYNTHETIC_PUBLIC_SAFE
S-00486,3,10,SITE-005,49.81,ok,silver,SYNTHETIC_PUBLIC_SAFE
S-00487,3,12,SITE-005,89.81,ok,silver,SYNTHETIC_PUBLIC_SAFE
S-00488,3,14,SITE-005,47.8,ok,silver,SYNTHETIC_PUBLIC_SAFE
S-00489,3,16,SITE-005,46.12,ok,silver,SYNTHETIC_PUBLIC_SAFE
S-00490,3,18,SITE-005,51.05,ok,silver,SYNTHETIC_PUBLIC_SAFE
S-00491,3,20,SITE-005,77.64,ok,silver,SYNTHETIC_PUBLIC_SAFE
S-00492,3,22,SITE-005,76.94,ok,silver,SYNTHETIC_PUBLIC_SAFE
S-00493,3,0,SITE-006,41.95,ok,silver,SYNTHETIC_PUBLIC_SAFE
S-00494,3,2,SITE-006,45.18,ok,silver,SYNTHETIC_PUBLIC_SAFE
S-00495,3,4,SITE-006,45.71,ok,silver,SYNTHETIC_PUBLIC_SAFE
S-00496,3,6,SITE-006,45.4,ok,silver,SYNTHETIC_PUBLIC_SAFE
S-00497,3,8,SITE-006,81.33,ok,silver,SYNTHETIC_PUBLIC_SAFE
S-00498,3,10,SITE-006,88.46,ok,silver,SYNTHETIC_PUBLIC_SAFE
S-00499,3,12,SITE-006,73.43,ok,silver,SYNTHETIC_PUBLIC_SAFE
S-00500,3,14,SITE-006,76.96,ok,silver,SYNTHETIC_PUBLIC_SAFE
S-00501,3,16,SITE-006,48.67,ok,silver,SYNTHETIC_PUBLIC_SAFE
S-00502,3,18,SITE-006,84.41,ok,silver,SYNTHETIC_PUBLIC_SAFE
S-00503,3,20,SITE-006,89.92,ok,silver,SYNTHETIC_PUBLIC_SAFE
S-00504,3,22,SITE-006,59.14,ok,silver,SYNTHETIC_PUBLIC_SAFE
S-00505,3,0,SITE-007,74.27,ok,silver,SYNTHETIC_PUBLIC_SAFE
S-00506,3,2,SITE-007,84.24,ok,silver,SYNTHETIC_PUBLIC_SAFE
S-00507,3,4,SITE-007,93.56,review,silver,SYNTHETIC_PUBLIC_SAFE
S-00508,3,6,SITE-007,80.41,ok,silver,SYNTHETIC_PUBLIC_SAFE
S-00509,3,8,SITE-007,90.34,ok,silver,SYNTHETIC_PUBLIC_SAFE
S-00510,3,10,SITE-007,58.02,ok,silver,SYNTHETIC_PUBLIC_SAFE
S-00511,3,12,SITE-007,64.35,ok,silver,SYNTHETIC_PUBLIC_SAFE
S-00512,3,14,SITE-007,81.88,ok,silver,SYNTHETIC_PUBLIC_SAFE
S-00513,3,16,SITE-007,82.21,ok,silver,SYNTHETIC_PUBLIC_SAFE
S-00514,3,18,SITE-007,90.52,ok,silver,SYNTHETIC_PUBLIC_SAFE
S-00515,3,20,SITE-007,59.37,ok,silver,SYNTHETIC_PUBLIC_SAFE
S-00516,3,22,SITE-007,57.02,ok,silver,SYNTHETIC_PUBLIC_SAFE
S-00517,3,0,SITE-008,65.81,ok,silver,SYNTHETIC_PUBLIC_SAFE
S-00518,3,2,SITE-008,68.29,ok,silver,SYNTHETIC_PUBLIC_SAFE
S-00519,3,4,SITE-008,63.55,ok,silver,SYNTHETIC_PUBLIC_SAFE
S-00520,3,6,SITE-008,70.35,ok,silver,SYNTHETIC_PUBLIC_SAFE
S-00521,3,8,SITE-008,66.16,ok,silver,SYNTHETIC_PUBLIC_SAFE
S-00522,3,10,SITE-008,89.7,ok,silver,SYNTHETIC_PUBLIC_SAFE
S-00523,3,12,SITE-008,60.22,ok,silver,SYNTHETIC_PUBLIC_SAFE
S-00524,3,14,SITE-008,73.55,ok,silver,SYNTHETIC_PUBLIC_SAFE
S-00525,3,16,SITE-008,70.92,ok,silver,SYNTHETIC_PUBLIC_SAFE
S-00526,3,18,SITE-008,41.45,ok,silver,SYNTHETIC_PUBLIC_SAFE
S-00527,3,20,SITE-008,59.26,ok,silver,SYNTHETIC_PUBLIC_SAFE
S-00528,3,22,SITE-008,69.2,ok,silver,SYNTHETIC_PUBLIC_SAFE
S-00529,3,0,SITE-009,63.96,ok,silver,SYNTHETIC_PUBLIC_SAFE
S-00530,3,2,SITE-009,46.49,ok,silver,SYNTHETIC_PUBLIC_SAFE
S-00531,3,4,SITE-009,86.45,ok,silver,SYNTHETIC_PUBLIC_SAFE
S-00532,3,6,SITE-009,45.55,ok,silver,SYNTHETIC_PUBLIC_SAFE
S-00533,3,8,SITE-009,74.17,ok,silver,SYNTHETIC_PUBLIC_SAFE
S-00534,3,10,SITE-009,84.47,ok,silver,SYNTHETIC_PUBLIC_SAFE
S-00535,3,12,SITE-009,75.2,ok,silver,SYNTHETIC_PUBLIC_SAFE
S-00536,3,14,SITE-009,92.01,review,silver,SYNTHETIC_PUBLIC_SAFE
S-00537,3,16,SITE-009,60.01,ok,silver,SYNTHETIC_PUBLIC_SAFE
S-00538,3,18,SITE-009,66.63,ok,silver,SYNTHETIC_PUBLIC_SAFE
S-00539,3,20,SITE-009,90.04,ok,silver,SYNTHETIC_PUBLIC_SAFE
S-00540,3,22,SITE-009,92.21,review,silver,SYNTHETIC_PUBLIC_SAFE
S-00541,3,0,SITE-010,76.18,ok,silver,SYNTHETIC_PUBLIC_SAFE
S-00542,3,2,SITE-010,70.55,ok,silver,SYNTHETIC_PUBLIC_SAFE
S-00543,3,4,SITE-010,55.61,ok,silver,SYNTHETIC_PUBLIC_SAFE
S-00544,3,6,SITE-010,74.67,ok,silver,SYNTHETIC_PUBLIC_SAFE
S-00545,3,8,SITE-010,81.6,ok,silver,SYNTHETIC_PUBLIC_SAFE
S-00546,3,10,SITE-010,75.93,ok,silver,SYNTHETIC_PUBLIC_SAFE
S-00547,3,12,SITE-010,90.42,ok,silver,SYNTHETIC_PUBLIC_SAFE
S-00548,3,14,SITE-010,54.85,ok,silver,SYNTHETIC_PUBLIC_SAFE
S-00549,3,16,SITE-010,81.39,ok,silver,SYNTHETIC_PUBLIC_SAFE
S-00550,3,18,SITE-010,72.47,ok,silver,SYNTHETIC_PUBLIC_SAFE
S-00551,3,20,SITE-010,52.99,ok,silver,SYNTHETIC_PUBLIC_SAFE
S-00552,3,22,SITE-010,62.05,ok,silver,SYNTHETIC_PUBLIC_SAFE
S-00553,3,0,SITE-011,60.41,ok,silver,SYNTHETIC_PUBLIC_SAFE
S-00554,3,2,SITE-011,84.93,ok,silver,SYNTHETIC_PUBLIC_SAFE
S-00555,3,4,SITE-011,67.8,ok,silver,SYNTHETIC_PUBLIC_SAFE
S-00556,3,6,SITE-011,42.66,ok,silver,SYNTHETIC_PUBLIC_SAFE
S-00557,3,8,SITE-011,62.97,ok,silver,SYNTHETIC_PUBLIC_SAFE
S-00558,3,10,SITE-011,61.5,ok,silver,SYNTHETIC_PUBLIC_SAFE
S-00559,3,12,SITE-011,84.94,ok,silver,SYNTHETIC_PUBLIC_SAFE
S-00560,3,14,SITE-011,77.47,ok,silver,SYNTHETIC_PUBLIC_SAFE
S-00561,3,16,SITE-011,66.69,ok,silver,SYNTHETIC_PUBLIC_SAFE
S-00562,3,18,SITE-011,59.0,ok,silver,SYNTHETIC_PUBLIC_SAFE
S-00563,3,20,SITE-011,76.24,ok,silver,SYNTHETIC_PUBLIC_SAFE
S-00564,3,22,SITE-011,69.5,ok,silver,SYNTHETIC_PUBLIC_SAFE
S-00565,3,0,SITE-012,51.4,ok,silver,SYNTHETIC_PUBLIC_SAFE
S-00566,3,2,SITE-012,87.7,ok,silver,SYNTHETIC_PUBLIC_SAFE
S-00567,3,4,SITE-012,68.54,ok,silver,SYNTHETIC_PUBLIC_SAFE
S-00568,3,6,SITE-012,40.26,ok,silver,SYNTHETIC_PUBLIC_SAFE
S-00569,3,8,SITE-012,92.68,review,silver,SYNTHETIC_PUBLIC_SAFE
S-00570,3,10,SITE-012,92.68,review,silver,SYNTHETIC_PUBLIC_SAFE
S-00571,3,12,SITE-012,64.92,ok,silver,SYNTHETIC_PUBLIC_SAFE
S-00572,3,14,SITE-012,53.67,ok,silver,SYNTHETIC_PUBLIC_SAFE
S-00573,3,16,SITE-012,89.59,ok,silver,SYNTHETIC_PUBLIC_SAFE
S-00574,3,18,SITE-012,77.0,ok,silver,SYNTHETIC_PUBLIC_SAFE
S-00575,3,20,SITE-012,80.98,ok,silver,SYNTHETIC_PUBLIC_SAFE
S-00576,3,22,SITE-012,75.72,ok,silver,SYNTHETIC_PUBLIC_SAFE
S-00577,4,0,SITE-001,75.45,ok,silver,SYNTHETIC_PUBLIC_SAFE
S-00578,4,2,SITE-001,86.51,ok,silver,SYNTHETIC_PUBLIC_SAFE
S-00579,4,4,SITE-001,72.98,ok,silver,SYNTHETIC_PUBLIC_SAFE
S-00580,4,6,SITE-001,90.01,ok,silver,SYNTHETIC_PUBLIC_SAFE
S-00581,4,8,SITE-001,49.53,ok,silver,SYNTHETIC_PUBLIC_SAFE
S-00582,4,10,SITE-001,72.9,ok,silver,SYNTHETIC_PUBLIC_SAFE
S-00583,4,12,SITE-001,68.2,ok,silver,SYNTHETIC_PUBLIC_SAFE
S-00584,4,14,SITE-001,74.24,ok,silver,SYNTHETIC_PUBLIC_SAFE
S-00585,4,16,SITE-001,92.05,review,silver,SYNTHETIC_PUBLIC_SAFE
S-00586,4,18,SITE-001,70.69,ok,silver,SYNTHETIC_PUBLIC_SAFE
S-00587,4,20,SITE-001,55.28,ok,silver,SYNTHETIC_PUBLIC_SAFE
S-00588,4,22,SITE-001,93.39,review,silver,SYNTHETIC_PUBLIC_SAFE
S-00589,4,0,SITE-002,44.3,ok,silver,SYNTHETIC_PUBLIC_SAFE
S-00590,4,2,SITE-002,40.84,ok,silver,SYNTHETIC_PUBLIC_SAFE
S-00591,4,4,SITE-002,77.94,ok,silver,SYNTHETIC_PUBLIC_SAFE
S-00592,4,6,SITE-002,42.37,ok,silver,SYNTHETIC_PUBLIC_SAFE
S-00593,4,8,SITE-002,54.73,ok,silver,SYNTHETIC_PUBLIC_SAFE
S-00594,4,10,SITE-002,85.29,ok,silver,SYNTHETIC_PUBLIC_SAFE
S-00595,4,12,SITE-002,39.88,ok,silver,SYNTHETIC_PUBLIC_SAFE
S-00596,4,14,SITE-002,46.03,ok,silver,SYNTHETIC_PUBLIC_SAFE
S-00597,4,16,SITE-002,60.45,ok,silver,SYNTHETIC_PUBLIC_SAFE
S-00598,4,18,SITE-002,79.49,ok,silver,SYNTHETIC_PUBLIC_SAFE
S-00599,4,20,SITE-002,78.92,ok,silver,SYNTHETIC_PUBLIC_SAFE
S-00600,4,22,SITE-002,57.56,ok,silver,SYNTHETIC_PUBLIC_SAFE
S-00601,4,0,SITE-003,54.65,ok,silver,SYNTHETIC_PUBLIC_SAFE
S-00602,4,2,SITE-003,87.6,ok,silver,SYNTHETIC_PUBLIC_SAFE
S-00603,4,4,SITE-003,59.34,ok,silver,SYNTHETIC_PUBLIC_SAFE
S-00604,4,6,SITE-003,81.35,ok,silver,SYNTHETIC_PUBLIC_SAFE
S-00605,4,8,SITE-003,87.09,ok,silver,SYNTHETIC_PUBLIC_SAFE
S-00606,4,10,SITE-003,86.38,ok,silver,SYNTHETIC_PUBLIC_SAFE
S-00607,4,12,SITE-003,65.32,ok,silver,SYNTHETIC_PUBLIC_SAFE
S-00608,4,14,SITE-003,60.46,ok,silver,SYNTHETIC_PUBLIC_SAFE
S-00609,4,16,SITE-003,56.99,ok,silver,SYNTHETIC_PUBLIC_SAFE
S-00610,4,18,SITE-003,71.31,ok,silver,SYNTHETIC_PUBLIC_SAFE
S-00611,4,20,SITE-003,71.0,ok,silver,SYNTHETIC_PUBLIC_SAFE
S-00612,4,22,SITE-003,67.69,ok,silver,SYNTHETIC_PUBLIC_SAFE
S-00613,4,0,SITE-004,49.93,ok,silver,SYNTHETIC_PUBLIC_SAFE
S-00614,4,2,SITE-004,51.13,ok,silver,SYNTHETIC_PUBLIC_SAFE
S-00615,4,4,SITE-004,57.85,ok,silver,SYNTHETIC_PUBLIC_SAFE
S-00616,4,6,SITE-004,82.1,ok,silver,SYNTHETIC_PUBLIC_SAFE
S-00617,4,8,SITE-004,80.51,ok,silver,SYNTHETIC_PUBLIC_SAFE
S-00618,4,10,SITE-004,85.51,ok,silver,SYNTHETIC_PUBLIC_SAFE
S-00619,4,12,SITE-004,50.36,ok,silver,SYNTHETIC_PUBLIC_SAFE
S-00620,4,14,SITE-004,58.36,ok,silver,SYNTHETIC_PUBLIC_SAFE
S-00621,4,16,SITE-004,71.61,ok,silver,SYNTHETIC_PUBLIC_SAFE
S-00622,4,18,SITE-004,92.37,review,silver,SYNTHETIC_PUBLIC_SAFE
S-00623,4,20,SITE-004,87.78,ok,silver,SYNTHETIC_PUBLIC_SAFE
S-00624,4,22,SITE-004,48.74,ok,silver,SYNTHETIC_PUBLIC_SAFE
S-00625,4,0,SITE-005,63.16,ok,silver,SYNTHETIC_PUBLIC_SAFE
S-00626,4,2,SITE-005,45.48,ok,silver,SYNTHETIC_PUBLIC_SAFE
S-00627,4,4,SITE-005,85.81,ok,silver,SYNTHETIC_PUBLIC_SAFE
S-00628,4,6,SITE-005,39.88,ok,silver,SYNTHETIC_PUBLIC_SAFE
S-00629,4,8,SITE-005,74.99,ok,silver,SYNTHETIC_PUBLIC_SAFE
S-00630,4,10,SITE-005,61.19,ok,silver,SYNTHETIC_PUBLIC_SAFE
S-00631,4,12,SITE-005,70.43,ok,silver,SYNTHETIC_PUBLIC_SAFE
S-00632,4,14,SITE-005,58.44,ok,silver,SYNTHETIC_PUBLIC_SAFE
S-00633,4,16,SITE-005,78.93,ok,silver,SYNTHETIC_PUBLIC_SAFE
S-00634,4,18,SITE-005,84.13,ok,silver,SYNTHETIC_PUBLIC_SAFE
S-00635,4,20,SITE-005,86.9,ok,silver,SYNTHETIC_PUBLIC_SAFE
S-00636,4,22,SITE-005,71.55,ok,silver,SYNTHETIC_PUBLIC_SAFE
S-00637,4,0,SITE-006,41.03,ok,silver,SYNTHETIC_PUBLIC_SAFE
S-00638,4,2,SITE-006,40.68,ok,silver,SYNTHETIC_PUBLIC_SAFE
S-00639,4,4,SITE-006,74.21,ok,silver,SYNTHETIC_PUBLIC_SAFE
S-00640,4,6,SITE-006,76.64,ok,silver,SYNTHETIC_PUBLIC_SAFE
S-00641,4,8,SITE-006,46.43,ok,silver,SYNTHETIC_PUBLIC_SAFE
S-00642,4,10,SITE-006,75.05,ok,silver,SYNTHETIC_PUBLIC_SAFE
S-00643,4,12,SITE-006,44.98,ok,silver,SYNTHETIC_PUBLIC_SAFE
S-00644,4,14,SITE-006,54.69,ok,silver,SYNTHETIC_PUBLIC_SAFE
S-00645,4,16,SITE-006,73.29,ok,silver,SYNTHETIC_PUBLIC_SAFE
S-00646,4,18,SITE-006,92.31,review,silver,SYNTHETIC_PUBLIC_SAFE
S-00647,4,20,SITE-006,78.05,ok,silver,SYNTHETIC_PUBLIC_SAFE
S-00648,4,22,SITE-006,92.19,review,silver,SYNTHETIC_PUBLIC_SAFE
S-00649,4,0,SITE-007,56.92,ok,silver,SYNTHETIC_PUBLIC_SAFE
S-00650,4,2,SITE-007,71.9,ok,silver,SYNTHETIC_PUBLIC_SAFE
S-00651,4,4,SITE-007,52.34,ok,silver,SYNTHETIC_PUBLIC_SAFE
S-00652,4,6,SITE-007,77.54,ok,silver,SYNTHETIC_PUBLIC_SAFE
S-00653,4,8,SITE-007,85.69,ok,silver,SYNTHETIC_PUBLIC_SAFE
S-00654,4,10,SITE-007,87.66,ok,silver,SYNTHETIC_PUBLIC_SAFE
S-00655,4,12,SITE-007,81.77,ok,silver,SYNTHETIC_PUBLIC_SAFE
S-00656,4,14,SITE-007,60.54,ok,silver,SYNTHETIC_PUBLIC_SAFE
S-00657,4,16,SITE-007,89.3,ok,silver,SYNTHETIC_PUBLIC_SAFE
S-00658,4,18,SITE-007,59.7,ok,silver,SYNTHETIC_PUBLIC_SAFE
S-00659,4,20,SITE-007,76.47,ok,silver,SYNTHETIC_PUBLIC_SAFE
S-00660,4,22,SITE-007,54.58,ok,silver,SYNTHETIC_PUBLIC_SAFE
S-00661,4,0,SITE-008,66.67,ok,silver,SYNTHETIC_PUBLIC_SAFE
S-00662,4,2,SITE-008,74.27,ok,silver,SYNTHETIC_PUBLIC_SAFE
S-00663,4,4,SITE-008,68.52,ok,silver,SYNTHETIC_PUBLIC_SAFE
S-00664,4,6,SITE-008,83.31,ok,silver,SYNTHETIC_PUBLIC_SAFE
S-00665,4,8,SITE-008,43.41,ok,silver,SYNTHETIC_PUBLIC_SAFE
S-00666,4,10,SITE-008,70.66,ok,silver,SYNTHETIC_PUBLIC_SAFE
S-00667,4,12,SITE-008,84.36,ok,silver,SYNTHETIC_PUBLIC_SAFE
S-00668,4,14,SITE-008,42.71,ok,silver,SYNTHETIC_PUBLIC_SAFE
S-00669,4,16,SITE-008,57.64,ok,silver,SYNTHETIC_PUBLIC_SAFE
S-00670,4,18,SITE-008,59.88,ok,silver,SYNTHETIC_PUBLIC_SAFE
S-00671,4,20,SITE-008,79.61,ok,silver,SYNTHETIC_PUBLIC_SAFE
S-00672,4,22,SITE-008,84.91,ok,silver,SYNTHETIC_PUBLIC_SAFE
S-00673,4,0,SITE-009,78.82,ok,silver,SYNTHETIC_PUBLIC_SAFE
S-00674,4,2,SITE-009,64.93,ok,silver,SYNTHETIC_PUBLIC_SAFE
S-00675,4,4,SITE-009,46.99,ok,silver,SYNTHETIC_PUBLIC_SAFE
S-00676,4,6,SITE-009,63.29,ok,silver,SYNTHETIC_PUBLIC_SAFE
S-00677,4,8,SITE-009,89.3,ok,silver,SYNTHETIC_PUBLIC_SAFE
S-00678,4,10,SITE-009,89.84,ok,silver,SYNTHETIC_PUBLIC_SAFE
S-00679,4,12,SITE-009,82.12,ok,silver,SYNTHETIC_PUBLIC_SAFE
S-00680,4,14,SITE-009,75.56,ok,silver,SYNTHETIC_PUBLIC_SAFE
S-00681,4,16,SITE-009,58.93,ok,silver,SYNTHETIC_PUBLIC_SAFE
S-00682,4,18,SITE-009,54.67,ok,silver,SYNTHETIC_PUBLIC_SAFE
S-00683,4,20,SITE-009,90.06,ok,silver,SYNTHETIC_PUBLIC_SAFE
S-00684,4,22,SITE-009,69.32,ok,silver,SYNTHETIC_PUBLIC_SAFE
S-00685,4,0,SITE-010,46.88,ok,silver,SYNTHETIC_PUBLIC_SAFE
S-00686,4,2,SITE-010,59.46,ok,silver,SYNTHETIC_PUBLIC_SAFE
S-00687,4,4,SITE-010,62.52,ok,silver,SYNTHETIC_PUBLIC_SAFE
S-00688,4,6,SITE-010,57.59,ok,silver,SYNTHETIC_PUBLIC_SAFE
S-00689,4,8,SITE-010,45.39,ok,silver,SYNTHETIC_PUBLIC_SAFE
S-00690,4,10,SITE-010,73.1,ok,silver,SYNTHETIC_PUBLIC_SAFE
S-00691,4,12,SITE-010,83.47,ok,silver,SYNTHETIC_PUBLIC_SAFE
S-00692,4,14,SITE-010,48.4,ok,silver,SYNTHETIC_PUBLIC_SAFE
S-00693,4,16,SITE-010,52.92,ok,silver,SYNTHETIC_PUBLIC_SAFE
S-00694,4,18,SITE-010,69.91,ok,silver,SYNTHETIC_PUBLIC_SAFE
S-00695,4,20,SITE-010,51.45,ok,silver,SYNTHETIC_PUBLIC_SAFE
S-00696,4,22,SITE-010,86.18,ok,silver,SYNTHETIC_PUBLIC_SAFE
S-00697,4,0,SITE-011,93.37,review,silver,SYNTHETIC_PUBLIC_SAFE
S-00698,4,2,SITE-011,88.5,ok,silver,SYNTHETIC_PUBLIC_SAFE
S-00699,4,4,SITE-011,71.19,ok,silver,SYNTHETIC_PUBLIC_SAFE
S-00700,4,6,SITE-011,74.36,ok,silver,SYNTHETIC_PUBLIC_SAFE
S-00701,4,8,SITE-011,45.7,ok,silver,SYNTHETIC_PUBLIC_SAFE
S-00702,4,10,SITE-011,85.69,ok,silver,SYNTHETIC_PUBLIC_SAFE
S-00703,4,12,SITE-011,44.18,ok,silver,SYNTHETIC_PUBLIC_SAFE
S-00704,4,14,SITE-011,94.29,review,silver,SYNTHETIC_PUBLIC_SAFE
S-00705,4,16,SITE-011,48.08,ok,silver,SYNTHETIC_PUBLIC_SAFE
S-00706,4,18,SITE-011,86.48,ok,silver,SYNTHETIC_PUBLIC_SAFE
S-00707,4,20,SITE-011,67.79,ok,silver,SYNTHETIC_PUBLIC_SAFE
S-00708,4,22,SITE-011,60.49,ok,silver,SYNTHETIC_PUBLIC_SAFE
S-00709,4,0,SITE-012,60.2,ok,silver,SYNTHETIC_PUBLIC_SAFE
S-00710,4,2,SITE-012,64.86,ok,silver,SYNTHETIC_PUBLIC_SAFE
S-00711,4,4,SITE-012,54.09,ok,silver,SYNTHETIC_PUBLIC_SAFE
S-00712,4,6,SITE-012,78.65,ok,silver,SYNTHETIC_PUBLIC_SAFE
S-00713,4,8,SITE-012,86.21,ok,silver,SYNTHETIC_PUBLIC_SAFE
S-00714,4,10,SITE-012,46.68,ok,silver,SYNTHETIC_PUBLIC_SAFE
S-00715,4,12,SITE-012,54.04,ok,silver,SYNTHETIC_PUBLIC_SAFE
S-00716,4,14,SITE-012,77.0,ok,silver,SYNTHETIC_PUBLIC_SAFE
S-00717,4,16,SITE-012,49.65,ok,silver,SYNTHETIC_PUBLIC_SAFE
S-00718,4,18,SITE-012,67.14,ok,silver,SYNTHETIC_PUBLIC_SAFE
S-00719,4,20,SITE-012,79.1,ok,silver,SYNTHETIC_PUBLIC_SAFE
S-00720,4,22,SITE-012,59.26,ok,silver,SYNTHETIC_PUBLIC_SAFE
S-00721,5,0,SITE-001,51.61,ok,silver,SYNTHETIC_PUBLIC_SAFE
S-00722,5,2,SITE-001,69.48,ok,silver,SYNTHETIC_PUBLIC_SAFE
S-00723,5,4,SITE-001,42.45,ok,silver,SYNTHETIC_PUBLIC_SAFE
S-00724,5,6,SITE-001,87.56,ok,silver,SYNTHETIC_PUBLIC_SAFE
S-00725,5,8,SITE-001,89.7,ok,silver,SYNTHETIC_PUBLIC_SAFE
S-00726,5,10,SITE-001,59.0,ok,silver,SYNTHETIC_PUBLIC_SAFE
S-00727,5,12,SITE-001,82.78,ok,silver,SYNTHETIC_PUBLIC_SAFE
S-00728,5,14,SITE-001,49.54,ok,silver,SYNTHETIC_PUBLIC_SAFE
S-00729,5,16,SITE-001,69.87,ok,silver,SYNTHETIC_PUBLIC_SAFE
S-00730,5,18,SITE-001,66.09,ok,silver,SYNTHETIC_PUBLIC_SAFE
S-00731,5,20,SITE-001,76.93,ok,silver,SYNTHETIC_PUBLIC_SAFE
S-00732,5,22,SITE-001,41.07,ok,silver,SYNTHETIC_PUBLIC_SAFE
S-00733,5,0,SITE-002,68.47,ok,silver,SYNTHETIC_PUBLIC_SAFE
S-00734,5,2,SITE-002,45.85,ok,silver,SYNTHETIC_PUBLIC_SAFE
S-00735,5,4,SITE-002,41.35,ok,silver,SYNTHETIC_PUBLIC_SAFE
S-00736,5,6,SITE-002,77.08,ok,silver,SYNTHETIC_PUBLIC_SAFE
S-00737,5,8,SITE-002,76.24,ok,silver,SYNTHETIC_PUBLIC_SAFE
S-00738,5,10,SITE-002,77.69,ok,silver,SYNTHETIC_PUBLIC_SAFE
S-00739,5,12,SITE-002,88.18,ok,silver,SYNTHETIC_PUBLIC_SAFE
S-00740,5,14,SITE-002,55.49,ok,silver,SYNTHETIC_PUBLIC_SAFE
S-00741,5,16,SITE-002,41.99,ok,silver,SYNTHETIC_PUBLIC_SAFE
S-00742,5,18,SITE-002,49.57,ok,silver,SYNTHETIC_PUBLIC_SAFE
S-00743,5,20,SITE-002,74.3,ok,silver,SYNTHETIC_PUBLIC_SAFE
S-00744,5,22,SITE-002,92.35,review,silver,SYNTHETIC_PUBLIC_SAFE
S-00745,5,0,SITE-003,80.22,ok,silver,SYNTHETIC_PUBLIC_SAFE
S-00746,5,2,SITE-003,51.63,ok,silver,SYNTHETIC_PUBLIC_SAFE
S-00747,5,4,SITE-003,90.29,ok,silver,SYNTHETIC_PUBLIC_SAFE
S-00748,5,6,SITE-003,51.69,ok,silver,SYNTHETIC_PUBLIC_SAFE
S-00749,5,8,SITE-003,73.81,ok,silver,SYNTHETIC_PUBLIC_SAFE
S-00750,5,10,SITE-003,75.38,ok,silver,SYNTHETIC_PUBLIC_SAFE
S-00751,5,12,SITE-003,85.61,ok,silver,SYNTHETIC_PUBLIC_SAFE
S-00752,5,14,SITE-003,43.2,ok,silver,SYNTHETIC_PUBLIC_SAFE
S-00753,5,16,SITE-003,87.94,ok,silver,SYNTHETIC_PUBLIC_SAFE
S-00754,5,18,SITE-003,65.77,ok,silver,SYNTHETIC_PUBLIC_SAFE
S-00755,5,20,SITE-003,91.26,ok,silver,SYNTHETIC_PUBLIC_SAFE
S-00756,5,22,SITE-003,78.39,ok,silver,SYNTHETIC_PUBLIC_SAFE
S-00757,5,0,SITE-004,89.85,ok,silver,SYNTHETIC_PUBLIC_SAFE
S-00758,5,2,SITE-004,72.95,ok,silver,SYNTHETIC_PUBLIC_SAFE
S-00759,5,4,SITE-004,94.03,review,silver,SYNTHETIC_PUBLIC_SAFE
S-00760,5,6,SITE-004,73.82,ok,silver,SYNTHETIC_PUBLIC_SAFE
S-00761,5,8,SITE-004,57.28,ok,silver,SYNTHETIC_PUBLIC_SAFE
S-00762,5,10,SITE-004,70.54,ok,silver,SYNTHETIC_PUBLIC_SAFE
S-00763,5,12,SITE-004,61.71,ok,silver,SYNTHETIC_PUBLIC_SAFE
S-00764,5,14,SITE-004,50.99,ok,silver,SYNTHETIC_PUBLIC_SAFE
S-00765,5,16,SITE-004,72.61,ok,silver,SYNTHETIC_PUBLIC_SAFE
S-00766,5,18,SITE-004,40.68,ok,silver,SYNTHETIC_PUBLIC_SAFE
S-00767,5,20,SITE-004,83.87,ok,silver,SYNTHETIC_PUBLIC_SAFE
S-00768,5,22,SITE-004,70.55,ok,silver,SYNTHETIC_PUBLIC_SAFE
S-00769,5,0,SITE-005,48.69,ok,silver,SYNTHETIC_PUBLIC_SAFE
S-00770,5,2,SITE-005,66.28,ok,silver,SYNTHETIC_PUBLIC_SAFE
S-00771,5,4,SITE-005,45.84,ok,silver,SYNTHETIC_PUBLIC_SAFE
S-00772,5,6,SITE-005,43.92,ok,silver,SYNTHETIC_PUBLIC_SAFE
S-00773,5,8,SITE-005,82.41,ok,silver,SYNTHETIC_PUBLIC_SAFE
S-00774,5,10,SITE-005,60.13,ok,silver,SYNTHETIC_PUBLIC_SAFE
S-00775,5,12,SITE-005,76.86,ok,silver,SYNTHETIC_PUBLIC_SAFE
S-00776,5,14,SITE-005,40.62,ok,silver,SYNTHETIC_PUBLIC_SAFE
S-00777,5,16,SITE-005,79.11,ok,silver,SYNTHETIC_PUBLIC_SAFE
S-00778,5,18,SITE-005,78.18,ok,silver,SYNTHETIC_PUBLIC_SAFE
S-00779,5,20,SITE-005,71.04,ok,silver,SYNTHETIC_PUBLIC_SAFE
S-00780,5,22,SITE-005,46.04,ok,silver,SYNTHETIC_PUBLIC_SAFE
S-00781,5,0,SITE-006,80.06,ok,silver,SYNTHETIC_PUBLIC_SAFE
S-00782,5,2,SITE-006,79.95,ok,silver,SYNTHETIC_PUBLIC_SAFE
S-00783,5,4,SITE-006,64.11,ok,silver,SYNTHETIC_PUBLIC_SAFE
S-00784,5,6,SITE-006,66.69,ok,silver,SYNTHETIC_PUBLIC_SAFE
S-00785,5,8,SITE-006,86.14,ok,silver,SYNTHETIC_PUBLIC_SAFE
S-00786,5,10,SITE-006,72.89,ok,silver,SYNTHETIC_PUBLIC_SAFE
S-00787,5,12,SITE-006,64.52,ok,silver,SYNTHETIC_PUBLIC_SAFE
S-00788,5,14,SITE-006,63.42,ok,silver,SYNTHETIC_PUBLIC_SAFE
S-00789,5,16,SITE-006,42.81,ok,silver,SYNTHETIC_PUBLIC_SAFE
S-00790,5,18,SITE-006,55.68,ok,silver,SYNTHETIC_PUBLIC_SAFE
S-00791,5,20,SITE-006,49.07,ok,silver,SYNTHETIC_PUBLIC_SAFE
S-00792,5,22,SITE-006,42.52,ok,silver,SYNTHETIC_PUBLIC_SAFE
S-00793,5,0,SITE-007,78.25,ok,silver,SYNTHETIC_PUBLIC_SAFE
S-00794,5,2,SITE-007,98.57,review,silver,SYNTHETIC_PUBLIC_SAFE
S-00795,5,4,SITE-007,81.45,ok,silver,SYNTHETIC_PUBLIC_SAFE
S-00796,5,6,SITE-007,71.54,ok,silver,SYNTHETIC_PUBLIC_SAFE
S-00797,5,8,SITE-007,42.97,ok,silver,SYNTHETIC_PUBLIC_SAFE
S-00798,5,10,SITE-007,46.24,ok,silver,SYNTHETIC_PUBLIC_SAFE
S-00799,5,12,SITE-007,58.22,ok,silver,SYNTHETIC_PUBLIC_SAFE
S-00800,5,14,SITE-007,57.09,ok,silver,SYNTHETIC_PUBLIC_SAFE
S-00801,5,16,SITE-007,90.07,ok,silver,SYNTHETIC_PUBLIC_SAFE
S-00802,5,18,SITE-007,68.92,ok,silver,SYNTHETIC_PUBLIC_SAFE
S-00803,5,20,SITE-007,56.02,ok,silver,SYNTHETIC_PUBLIC_SAFE
S-00804,5,22,SITE-007,59.7,ok,silver,SYNTHETIC_PUBLIC_SAFE
S-00805,5,0,SITE-008,82.53,ok,silver,SYNTHETIC_PUBLIC_SAFE
S-00806,5,2,SITE-008,67.13,ok,silver,SYNTHETIC_PUBLIC_SAFE
S-00807,5,4,SITE-008,54.23,ok,silver,SYNTHETIC_PUBLIC_SAFE
S-00808,5,6,SITE-008,81.36,ok,silver,SYNTHETIC_PUBLIC_SAFE
S-00809,5,8,SITE-008,65.44,ok,silver,SYNTHETIC_PUBLIC_SAFE
S-00810,5,10,SITE-008,59.27,ok,silver,SYNTHETIC_PUBLIC_SAFE
S-00811,5,12,SITE-008,67.67,ok,silver,SYNTHETIC_PUBLIC_SAFE
S-00812,5,14,SITE-008,92.05,review,silver,SYNTHETIC_PUBLIC_SAFE
S-00813,5,16,SITE-008,89.42,ok,silver,SYNTHETIC_PUBLIC_SAFE
S-00814,5,18,SITE-008,83.08,ok,silver,SYNTHETIC_PUBLIC_SAFE
S-00815,5,20,SITE-008,68.73,ok,silver,SYNTHETIC_PUBLIC_SAFE
S-00816,5,22,SITE-008,45.31,ok,silver,SYNTHETIC_PUBLIC_SAFE
S-00817,5,0,SITE-009,55.48,ok,silver,SYNTHETIC_PUBLIC_SAFE
S-00818,5,2,SITE-009,79.57,ok,silver,SYNTHETIC_PUBLIC_SAFE
S-00819,5,4,SITE-009,84.14,ok,silver,SYNTHETIC_PUBLIC_SAFE
S-00820,5,6,SITE-009,41.15,ok,silver,SYNTHETIC_PUBLIC_SAFE
S-00821,5,8,SITE-009,79.94,ok,silver,SYNTHETIC_PUBLIC_SAFE
S-00822,5,10,SITE-009,45.69,ok,silver,SYNTHETIC_PUBLIC_SAFE
S-00823,5,12,SITE-009,76.31,ok,silver,SYNTHETIC_PUBLIC_SAFE
S-00824,5,14,SITE-009,69.63,ok,silver,SYNTHETIC_PUBLIC_SAFE
S-00825,5,16,SITE-009,80.33,ok,silver,SYNTHETIC_PUBLIC_SAFE
S-00826,5,18,SITE-009,92.2,review,silver,SYNTHETIC_PUBLIC_SAFE
S-00827,5,20,SITE-009,89.68,ok,silver,SYNTHETIC_PUBLIC_SAFE
S-00828,5,22,SITE-009,88.02,ok,silver,SYNTHETIC_PUBLIC_SAFE
S-00829,5,0,SITE-010,82.65,ok,silver,SYNTHETIC_PUBLIC_SAFE
S-00830,5,2,SITE-010,50.12,ok,silver,SYNTHETIC_PUBLIC_SAFE
S-00831,5,4,SITE-010,73.35,ok,silver,SYNTHETIC_PUBLIC_SAFE
S-00832,5,6,SITE-010,59.22,ok,silver,SYNTHETIC_PUBLIC_SAFE
S-00833,5,8,SITE-010,39.9,ok,silver,SYNTHETIC_PUBLIC_SAFE
S-00834,5,10,SITE-010,75.94,ok,silver,SYNTHETIC_PUBLIC_SAFE
S-00835,5,12,SITE-010,66.57,ok,silver,SYNTHETIC_PUBLIC_SAFE
S-00836,5,14,SITE-010,70.57,ok,silver,SYNTHETIC_PUBLIC_SAFE
S-00837,5,16,SITE-010,68.93,ok,silver,SYNTHETIC_PUBLIC_SAFE
S-00838,5,18,SITE-010,86.18,ok,silver,SYNTHETIC_PUBLIC_SAFE
S-00839,5,20,SITE-010,55.76,ok,silver,SYNTHETIC_PUBLIC_SAFE
S-00840,5,22,SITE-010,49.71,ok,silver,SYNTHETIC_PUBLIC_SAFE
S-00841,5,0,SITE-011,61.92,ok,silver,SYNTHETIC_PUBLIC_SAFE
S-00842,5,2,SITE-011,78.55,ok,silver,SYNTHETIC_PUBLIC_SAFE
S-00843,5,4,SITE-011,63.91,ok,silver,SYNTHETIC_PUBLIC_SAFE
S-00844,5,6,SITE-011,55.28,ok,silver,SYNTHETIC_PUBLIC_SAFE
S-00845,5,8,SITE-011,85.23,ok,silver,SYNTHETIC_PUBLIC_SAFE
S-00846,5,10,SITE-011,79.28,ok,silver,SYNTHETIC_PUBLIC_SAFE
S-00847,5,12,SITE-011,86.71,ok,silver,SYNTHETIC_PUBLIC_SAFE
S-00848,5,14,SITE-011,61.93,ok,silver,SYNTHETIC_PUBLIC_SAFE
S-00849,5,16,SITE-011,54.62,ok,silver,SYNTHETIC_PUBLIC_SAFE
S-00850,5,18,SITE-011,92.16,review,silver,SYNTHETIC_PUBLIC_SAFE
S-00851,5,20,SITE-011,49.81,ok,silver,SYNTHETIC_PUBLIC_SAFE
S-00852,5,22,SITE-011,92.98,review,silver,SYNTHETIC_PUBLIC_SAFE
S-00853,5,0,SITE-012,62.52,ok,silver,SYNTHETIC_PUBLIC_SAFE
S-00854,5,2,SITE-012,61.15,ok,silver,SYNTHETIC_PUBLIC_SAFE
S-00855,5,4,SITE-012,41.02,ok,silver,SYNTHETIC_PUBLIC_SAFE
S-00856,5,6,SITE-012,76.59,ok,silver,SYNTHETIC_PUBLIC_SAFE
S-00857,5,8,SITE-012,92.94,review,silver,SYNTHETIC_PUBLIC_SAFE
S-00858,5,10,SITE-012,52.81,ok,silver,SYNTHETIC_PUBLIC_SAFE
S-00859,5,12,SITE-012,65.34,ok,silver,SYNTHETIC_PUBLIC_SAFE
S-00860,5,14,SITE-012,82.16,ok,silver,SYNTHETIC_PUBLIC_SAFE
S-00861,5,16,SITE-012,83.01,ok,silver,SYNTHETIC_PUBLIC_SAFE
S-00862,5,18,SITE-012,55.29,ok,silver,SYNTHETIC_PUBLIC_SAFE
S-00863,5,20,SITE-012,51.38,ok,silver,SYNTHETIC_PUBLIC_SAFE
S-00864,5,22,SITE-012,47.53,ok,silver,SYNTHETIC_PUBLIC_SAFE
S-00865,6,0,SITE-001,47.28,ok,silver,SYNTHETIC_PUBLIC_SAFE
S-00866,6,2,SITE-001,74.33,ok,silver,SYNTHETIC_PUBLIC_SAFE
S-00867,6,4,SITE-001,66.18,ok,silver,SYNTHETIC_PUBLIC_SAFE
S-00868,6,6,SITE-001,46.4,ok,silver,SYNTHETIC_PUBLIC_SAFE
S-00869,6,8,SITE-001,87.99,ok,silver,SYNTHETIC_PUBLIC_SAFE
S-00870,6,10,SITE-001,41.64,ok,silver,SYNTHETIC_PUBLIC_SAFE
S-00871,6,12,SITE-001,75.73,ok,silver,SYNTHETIC_PUBLIC_SAFE
S-00872,6,14,SITE-001,82.72,ok,silver,SYNTHETIC_PUBLIC_SAFE
S-00873,6,16,SITE-001,51.14,ok,silver,SYNTHETIC_PUBLIC_SAFE
S-00874,6,18,SITE-001,79.34,ok,silver,SYNTHETIC_PUBLIC_SAFE
S-00875,6,20,SITE-001,58.33,ok,silver,SYNTHETIC_PUBLIC_SAFE
S-00876,6,22,SITE-001,44.66,ok,silver,SYNTHETIC_PUBLIC_SAFE
S-00877,6,0,SITE-002,56.19,ok,silver,SYNTHETIC_PUBLIC_SAFE
S-00878,6,2,SITE-002,69.46,ok,silver,SYNTHETIC_PUBLIC_SAFE
S-00879,6,4,SITE-002,74.05,ok,silver,SYNTHETIC_PUBLIC_SAFE
S-00880,6,6,SITE-002,72.62,ok,silver,SYNTHETIC_PUBLIC_SAFE
S-00881,6,8,SITE-002,43.65,ok,silver,SYNTHETIC_PUBLIC_SAFE
S-00882,6,10,SITE-002,71.79,ok,silver,SYNTHETIC_PUBLIC_SAFE
S-00883,6,12,SITE-002,57.01,ok,silver,SYNTHETIC_PUBLIC_SAFE
S-00884,6,14,SITE-002,67.71,ok,silver,SYNTHETIC_PUBLIC_SAFE
S-00885,6,16,SITE-002,84.1,ok,silver,SYNTHETIC_PUBLIC_SAFE
S-00886,6,18,SITE-002,71.1,ok,silver,SYNTHETIC_PUBLIC_SAFE
S-00887,6,20,SITE-002,84.71,ok,silver,SYNTHETIC_PUBLIC_SAFE
S-00888,6,22,SITE-002,66.17,ok,silver,SYNTHETIC_PUBLIC_SAFE
S-00889,6,0,SITE-003,50.85,ok,silver,SYNTHETIC_PUBLIC_SAFE
S-00890,6,2,SITE-003,76.45,ok,silver,SYNTHETIC_PUBLIC_SAFE
S-00891,6,4,SITE-003,74.32,ok,silver,SYNTHETIC_PUBLIC_SAFE
S-00892,6,6,SITE-003,64.56,ok,silver,SYNTHETIC_PUBLIC_SAFE
S-00893,6,8,SITE-003,41.97,ok,silver,SYNTHETIC_PUBLIC_SAFE
S-00894,6,10,SITE-003,74.89,ok,silver,SYNTHETIC_PUBLIC_SAFE
S-00895,6,12,SITE-003,91.71,ok,silver,SYNTHETIC_PUBLIC_SAFE
S-00896,6,14,SITE-003,85.73,ok,silver,SYNTHETIC_PUBLIC_SAFE
S-00897,6,16,SITE-003,40.75,ok,silver,SYNTHETIC_PUBLIC_SAFE
S-00898,6,18,SITE-003,44.06,ok,silver,SYNTHETIC_PUBLIC_SAFE
S-00899,6,20,SITE-003,80.62,ok,silver,SYNTHETIC_PUBLIC_SAFE
S-00900,6,22,SITE-003,65.73,ok,silver,SYNTHETIC_PUBLIC_SAFE
S-00901,6,0,SITE-004,61.37,ok,silver,SYNTHETIC_PUBLIC_SAFE
S-00902,6,2,SITE-004,75.7,ok,silver,SYNTHETIC_PUBLIC_SAFE
S-00903,6,4,SITE-004,91.59,ok,silver,SYNTHETIC_PUBLIC_SAFE
S-00904,6,6,SITE-004,54.85,ok,silver,SYNTHETIC_PUBLIC_SAFE
S-00905,6,8,SITE-004,81.04,ok,silver,SYNTHETIC_PUBLIC_SAFE
S-00906,6,10,SITE-004,62.19,ok,silver,SYNTHETIC_PUBLIC_SAFE
S-00907,6,12,SITE-004,49.12,ok,silver,SYNTHETIC_PUBLIC_SAFE
S-00908,6,14,SITE-004,78.1,ok,silver,SYNTHETIC_PUBLIC_SAFE
S-00909,6,16,SITE-004,60.39,ok,silver,SYNTHETIC_PUBLIC_SAFE
S-00910,6,18,SITE-004,91.99,ok,silver,SYNTHETIC_PUBLIC_SAFE
S-00911,6,20,SITE-004,39.75,ok,silver,SYNTHETIC_PUBLIC_SAFE
S-00912,6,22,SITE-004,67.06,ok,silver,SYNTHETIC_PUBLIC_SAFE
S-00913,6,0,SITE-005,44.61,ok,silver,SYNTHETIC_PUBLIC_SAFE
S-00914,6,2,SITE-005,60.35,ok,silver,SYNTHETIC_PUBLIC_SAFE
S-00915,6,4,SITE-005,64.84,ok,silver,SYNTHETIC_PUBLIC_SAFE
S-00916,6,6,SITE-005,58.08,ok,silver,SYNTHETIC_PUBLIC_SAFE
S-00917,6,8,SITE-005,72.26,ok,silver,SYNTHETIC_PUBLIC_SAFE
S-00918,6,10,SITE-005,62.08,ok,silver,SYNTHETIC_PUBLIC_SAFE
S-00919,6,12,SITE-005,75.11,ok,silver,SYNTHETIC_PUBLIC_SAFE
S-00920,6,14,SITE-005,71.22,ok,silver,SYNTHETIC_PUBLIC_SAFE
S-00921,6,16,SITE-005,68.88,ok,silver,SYNTHETIC_PUBLIC_SAFE
S-00922,6,18,SITE-005,61.93,ok,silver,SYNTHETIC_PUBLIC_SAFE
S-00923,6,20,SITE-005,88.55,ok,silver,SYNTHETIC_PUBLIC_SAFE
S-00924,6,22,SITE-005,42.89,ok,silver,SYNTHETIC_PUBLIC_SAFE
S-00925,6,0,SITE-006,62.94,ok,silver,SYNTHETIC_PUBLIC_SAFE
S-00926,6,2,SITE-006,40.35,ok,silver,SYNTHETIC_PUBLIC_SAFE
S-00927,6,4,SITE-006,45.92,ok,silver,SYNTHETIC_PUBLIC_SAFE
S-00928,6,6,SITE-006,62.33,ok,silver,SYNTHETIC_PUBLIC_SAFE
S-00929,6,8,SITE-006,53.85,ok,silver,SYNTHETIC_PUBLIC_SAFE
S-00930,6,10,SITE-006,41.16,ok,silver,SYNTHETIC_PUBLIC_SAFE
S-00931,6,12,SITE-006,93.06,review,silver,SYNTHETIC_PUBLIC_SAFE
S-00932,6,14,SITE-006,56.64,ok,silver,SYNTHETIC_PUBLIC_SAFE
S-00933,6,16,SITE-006,50.13,ok,silver,SYNTHETIC_PUBLIC_SAFE
S-00934,6,18,SITE-006,69.14,ok,silver,SYNTHETIC_PUBLIC_SAFE
S-00935,6,20,SITE-006,75.88,ok,silver,SYNTHETIC_PUBLIC_SAFE
S-00936,6,22,SITE-006,88.3,ok,silver,SYNTHETIC_PUBLIC_SAFE
S-00937,6,0,SITE-007,41.51,ok,silver,SYNTHETIC_PUBLIC_SAFE
S-00938,6,2,SITE-007,50.33,ok,silver,SYNTHETIC_PUBLIC_SAFE
S-00939,6,4,SITE-007,44.88,ok,silver,SYNTHETIC_PUBLIC_SAFE
S-00940,6,6,SITE-007,51.38,ok,silver,SYNTHETIC_PUBLIC_SAFE
S-00941,6,8,SITE-007,74.08,ok,silver,SYNTHETIC_PUBLIC_SAFE
S-00942,6,10,SITE-007,55.59,ok,silver,SYNTHETIC_PUBLIC_SAFE
S-00943,6,12,SITE-007,61.63,ok,silver,SYNTHETIC_PUBLIC_SAFE
S-00944,6,14,SITE-007,44.36,ok,silver,SYNTHETIC_PUBLIC_SAFE
S-00945,6,16,SITE-007,73.13,ok,silver,SYNTHETIC_PUBLIC_SAFE
S-00946,6,18,SITE-007,47.17,ok,silver,SYNTHETIC_PUBLIC_SAFE
S-00947,6,20,SITE-007,78.32,ok,silver,SYNTHETIC_PUBLIC_SAFE
S-00948,6,22,SITE-007,72.32,ok,silver,SYNTHETIC_PUBLIC_SAFE
S-00949,6,0,SITE-008,66.14,ok,silver,SYNTHETIC_PUBLIC_SAFE
S-00950,6,2,SITE-008,54.74,ok,silver,SYNTHETIC_PUBLIC_SAFE
S-00951,6,4,SITE-008,58.76,ok,silver,SYNTHETIC_PUBLIC_SAFE
S-00952,6,6,SITE-008,74.02,ok,silver,SYNTHETIC_PUBLIC_SAFE
S-00953,6,8,SITE-008,82.43,ok,silver,SYNTHETIC_PUBLIC_SAFE
S-00954,6,10,SITE-008,58.43,ok,silver,SYNTHETIC_PUBLIC_SAFE
S-00955,6,12,SITE-008,50.08,ok,silver,SYNTHETIC_PUBLIC_SAFE
S-00956,6,14,SITE-008,65.88,ok,silver,SYNTHETIC_PUBLIC_SAFE
S-00957,6,16,SITE-008,40.17,ok,silver,SYNTHETIC_PUBLIC_SAFE
S-00958,6,18,SITE-008,85.73,ok,silver,SYNTHETIC_PUBLIC_SAFE
S-00959,6,20,SITE-008,87.72,ok,silver,SYNTHETIC_PUBLIC_SAFE
S-00960,6,22,SITE-008,44.68,ok,silver,SYNTHETIC_PUBLIC_SAFE
S-00961,6,0,SITE-009,79.46,ok,silver,SYNTHETIC_PUBLIC_SAFE
S-00962,6,2,SITE-009,82.3,ok,silver,SYNTHETIC_PUBLIC_SAFE
S-00963,6,4,SITE-009,84.78,ok,silver,SYNTHETIC_PUBLIC_SAFE
S-00964,6,6,SITE-009,71.72,ok,silver,SYNTHETIC_PUBLIC_SAFE
S-00965,6,8,SITE-009,40.63,ok,silver,SYNTHETIC_PUBLIC_SAFE
S-00966,6,10,SITE-009,58.93,ok,silver,SYNTHETIC_PUBLIC_SAFE
S-00967,6,12,SITE-009,80.55,ok,silver,SYNTHETIC_PUBLIC_SAFE
S-00968,6,14,SITE-009,74.15,ok,silver,SYNTHETIC_PUBLIC_SAFE
S-00969,6,16,SITE-009,89.54,ok,silver,SYNTHETIC_PUBLIC_SAFE
S-00970,6,18,SITE-009,78.3,ok,silver,SYNTHETIC_PUBLIC_SAFE
S-00971,6,20,SITE-009,41.02,ok,silver,SYNTHETIC_PUBLIC_SAFE
S-00972,6,22,SITE-009,62.83,ok,silver,SYNTHETIC_PUBLIC_SAFE
S-00973,6,0,SITE-010,41.69,ok,silver,SYNTHETIC_PUBLIC_SAFE
S-00974,6,2,SITE-010,56.13,ok,silver,SYNTHETIC_PUBLIC_SAFE
S-00975,6,4,SITE-010,69.65,ok,silver,SYNTHETIC_PUBLIC_SAFE
S-00976,6,6,SITE-010,55.12,ok,silver,SYNTHETIC_PUBLIC_SAFE
S-00977,6,8,SITE-010,56.88,ok,silver,SYNTHETIC_PUBLIC_SAFE
S-00978,6,10,SITE-010,45.87,ok,silver,SYNTHETIC_PUBLIC_SAFE
S-00979,6,12,SITE-010,60.41,ok,silver,SYNTHETIC_PUBLIC_SAFE
S-00980,6,14,SITE-010,64.79,ok,silver,SYNTHETIC_PUBLIC_SAFE
S-00981,6,16,SITE-010,67.25,ok,silver,SYNTHETIC_PUBLIC_SAFE
S-00982,6,18,SITE-010,81.9,ok,silver,SYNTHETIC_PUBLIC_SAFE
S-00983,6,20,SITE-010,47.73,ok,silver,SYNTHETIC_PUBLIC_SAFE
S-00984,6,22,SITE-010,66.83,ok,silver,SYNTHETIC_PUBLIC_SAFE
S-00985,6,0,SITE-011,41.5,ok,silver,SYNTHETIC_PUBLIC_SAFE
S-00986,6,2,SITE-011,43.29,ok,silver,SYNTHETIC_PUBLIC_SAFE
S-00987,6,4,SITE-011,63.59,ok,silver,SYNTHETIC_PUBLIC_SAFE
S-00988,6,6,SITE-011,73.97,ok,silver,SYNTHETIC_PUBLIC_SAFE
S-00989,6,8,SITE-011,88.7,ok,silver,SYNTHETIC_PUBLIC_SAFE
S-00990,6,10,SITE-011,82.29,ok,silver,SYNTHETIC_PUBLIC_SAFE
S-00991,6,12,SITE-011,81.77,ok,silver,SYNTHETIC_PUBLIC_SAFE
S-00992,6,14,SITE-011,59.55,ok,silver,SYNTHETIC_PUBLIC_SAFE
S-00993,6,16,SITE-011,83.51,ok,silver,SYNTHETIC_PUBLIC_SAFE
S-00994,6,18,SITE-011,53.23,ok,silver,SYNTHETIC_PUBLIC_SAFE
S-00995,6,20,SITE-011,66.03,ok,silver,SYNTHETIC_PUBLIC_SAFE
S-00996,6,22,SITE-011,77.08,ok,silver,SYNTHETIC_PUBLIC_SAFE
S-00997,6,0,SITE-012,58.2,ok,silver,SYNTHETIC_PUBLIC_SAFE
S-00998,6,2,SITE-012,55.22,ok,silver,SYNTHETIC_PUBLIC_SAFE
S-00999,6,4,SITE-012,42.93,ok,silver,SYNTHETIC_PUBLIC_SAFE
S-01000,6,6,SITE-012,47.34,ok,silver,SYNTHETIC_PUBLIC_SAFE
S-01001,6,8,SITE-012,93.11,review,silver,SYNTHETIC_PUBLIC_SAFE
S-01002,6,10,SITE-012,52.71,ok,silver,SYNTHETIC_PUBLIC_SAFE
S-01003,6,12,SITE-012,64.58,ok,silver,SYNTHETIC_PUBLIC_SAFE
S-01004,6,14,SITE-012,71.58,ok,silver,SYNTHETIC_PUBLIC_SAFE
S-01005,6,16,SITE-012,78.85,ok,silver,SYNTHETIC_PUBLIC_SAFE
S-01006,6,18,SITE-012,51.74,ok,silver,SYNTHETIC_PUBLIC_SAFE
S-01007,6,20,SITE-012,52.63,ok,silver,SYNTHETIC_PUBLIC_SAFE
S-01008,6,22,SITE-012,88.97,ok,silver,SYNTHETIC_PUBLIC_SAFE
S-01009,7,0,SITE-001,65.63,ok,silver,SYNTHETIC_PUBLIC_SAFE
S-01010,7,2,SITE-001,70.07,ok,silver,SYNTHETIC_PUBLIC_SAFE
S-01011,7,4,SITE-001,42.93,ok,silver,SYNTHETIC_PUBLIC_SAFE
S-01012,7,6,SITE-001,43.26,ok,silver,SYNTHETIC_PUBLIC_SAFE
S-01013,7,8,SITE-001,47.1,ok,silver,SYNTHETIC_PUBLIC_SAFE
S-01014,7,10,SITE-001,64.1,ok,silver,SYNTHETIC_PUBLIC_SAFE
S-01015,7,12,SITE-001,69.09,ok,silver,SYNTHETIC_PUBLIC_SAFE
S-01016,7,14,SITE-001,47.42,ok,silver,SYNTHETIC_PUBLIC_SAFE
S-01017,7,16,SITE-001,59.56,ok,silver,SYNTHETIC_PUBLIC_SAFE
S-01018,7,18,SITE-001,68.55,ok,silver,SYNTHETIC_PUBLIC_SAFE
S-01019,7,20,SITE-001,91.94,ok,silver,SYNTHETIC_PUBLIC_SAFE
S-01020,7,22,SITE-001,51.88,ok,silver,SYNTHETIC_PUBLIC_SAFE
S-01021,7,0,SITE-002,66.39,ok,silver,SYNTHETIC_PUBLIC_SAFE
S-01022,7,2,SITE-002,84.16,ok,silver,SYNTHETIC_PUBLIC_SAFE
S-01023,7,4,SITE-002,89.9,ok,silver,SYNTHETIC_PUBLIC_SAFE
S-01024,7,6,SITE-002,61.27,ok,silver,SYNTHETIC_PUBLIC_SAFE
S-01025,7,8,SITE-002,80.52,ok,silver,SYNTHETIC_PUBLIC_SAFE
S-01026,7,10,SITE-002,59.44,ok,silver,SYNTHETIC_PUBLIC_SAFE
S-01027,7,12,SITE-002,56.33,ok,silver,SYNTHETIC_PUBLIC_SAFE
S-01028,7,14,SITE-002,89.35,ok,silver,SYNTHETIC_PUBLIC_SAFE
S-01029,7,16,SITE-002,71.55,ok,silver,SYNTHETIC_PUBLIC_SAFE
S-01030,7,18,SITE-002,45.36,ok,silver,SYNTHETIC_PUBLIC_SAFE
S-01031,7,20,SITE-002,60.76,ok,silver,SYNTHETIC_PUBLIC_SAFE
S-01032,7,22,SITE-002,69.27,ok,silver,SYNTHETIC_PUBLIC_SAFE
S-01033,7,0,SITE-003,47.3,ok,silver,SYNTHETIC_PUBLIC_SAFE
S-01034,7,2,SITE-003,91.5,ok,silver,SYNTHETIC_PUBLIC_SAFE
S-01035,7,4,SITE-003,80.15,ok,silver,SYNTHETIC_PUBLIC_SAFE
S-01036,7,6,SITE-003,82.71,ok,silver,SYNTHETIC_PUBLIC_SAFE
S-01037,7,8,SITE-003,40.82,ok,silver,SYNTHETIC_PUBLIC_SAFE
S-01038,7,10,SITE-003,61.96,ok,silver,SYNTHETIC_PUBLIC_SAFE
S-01039,7,12,SITE-003,93.69,review,silver,SYNTHETIC_PUBLIC_SAFE
S-01040,7,14,SITE-003,39.68,ok,silver,SYNTHETIC_PUBLIC_SAFE
S-01041,7,16,SITE-003,64.26,ok,silver,SYNTHETIC_PUBLIC_SAFE
S-01042,7,18,SITE-003,54.29,ok,silver,SYNTHETIC_PUBLIC_SAFE
S-01043,7,20,SITE-003,92.68,review,silver,SYNTHETIC_PUBLIC_SAFE
S-01044,7,22,SITE-003,61.77,ok,silver,SYNTHETIC_PUBLIC_SAFE
S-01045,7,0,SITE-004,57.55,ok,silver,SYNTHETIC_PUBLIC_SAFE
S-01046,7,2,SITE-004,80.38,ok,silver,SYNTHETIC_PUBLIC_SAFE
S-01047,7,4,SITE-004,64.68,ok,silver,SYNTHETIC_PUBLIC_SAFE
S-01048,7,6,SITE-004,87.56,ok,silver,SYNTHETIC_PUBLIC_SAFE
S-01049,7,8,SITE-004,81.19,ok,silver,SYNTHETIC_PUBLIC_SAFE
S-01050,7,10,SITE-004,58.24,ok,silver,SYNTHETIC_PUBLIC_SAFE
S-01051,7,12,SITE-004,42.38,ok,silver,SYNTHETIC_PUBLIC_SAFE
S-01052,7,14,SITE-004,87.8,ok,silver,SYNTHETIC_PUBLIC_SAFE
S-01053,7,16,SITE-004,40.44,ok,silver,SYNTHETIC_PUBLIC_SAFE
S-01054,7,18,SITE-004,57.95,ok,silver,SYNTHETIC_PUBLIC_SAFE
S-01055,7,20,SITE-004,69.64,ok,silver,SYNTHETIC_PUBLIC_SAFE
S-01056,7,22,SITE-004,75.59,ok,silver,SYNTHETIC_PUBLIC_SAFE
S-01057,7,0,SITE-005,77.79,ok,silver,SYNTHETIC_PUBLIC_SAFE
S-01058,7,2,SITE-005,41.46,ok,silver,SYNTHETIC_PUBLIC_SAFE
S-01059,7,4,SITE-005,42.23,ok,silver,SYNTHETIC_PUBLIC_SAFE
S-01060,7,6,SITE-005,72.74,ok,silver,SYNTHETIC_PUBLIC_SAFE
S-01061,7,8,SITE-005,53.59,ok,silver,SYNTHETIC_PUBLIC_SAFE
S-01062,7,10,SITE-005,58.67,ok,silver,SYNTHETIC_PUBLIC_SAFE
S-01063,7,12,SITE-005,74.85,ok,silver,SYNTHETIC_PUBLIC_SAFE
S-01064,7,14,SITE-005,57.28,ok,silver,SYNTHETIC_PUBLIC_SAFE
S-01065,7,16,SITE-005,58.19,ok,silver,SYNTHETIC_PUBLIC_SAFE
S-01066,7,18,SITE-005,49.74,ok,silver,SYNTHETIC_PUBLIC_SAFE
S-01067,7,20,SITE-005,58.57,ok,silver,SYNTHETIC_PUBLIC_SAFE
S-01068,7,22,SITE-005,76.01,ok,silver,SYNTHETIC_PUBLIC_SAFE
S-01069,7,0,SITE-006,65.72,ok,silver,SYNTHETIC_PUBLIC_SAFE
S-01070,7,2,SITE-006,91.3,ok,silver,SYNTHETIC_PUBLIC_SAFE
S-01071,7,4,SITE-006,62.04,ok,silver,SYNTHETIC_PUBLIC_SAFE
S-01072,7,6,SITE-006,63.22,ok,silver,SYNTHETIC_PUBLIC_SAFE
S-01073,7,8,SITE-006,85.67,ok,silver,SYNTHETIC_PUBLIC_SAFE
S-01074,7,10,SITE-006,58.53,ok,silver,SYNTHETIC_PUBLIC_SAFE
S-01075,7,12,SITE-006,82.63,ok,silver,SYNTHETIC_PUBLIC_SAFE
S-01076,7,14,SITE-006,70.55,ok,silver,SYNTHETIC_PUBLIC_SAFE
S-01077,7,16,SITE-006,50.54,ok,silver,SYNTHETIC_PUBLIC_SAFE
S-01078,7,18,SITE-006,82.63,ok,silver,SYNTHETIC_PUBLIC_SAFE
S-01079,7,20,SITE-006,73.23,ok,silver,SYNTHETIC_PUBLIC_SAFE
S-01080,7,22,SITE-006,60.82,ok,silver,SYNTHETIC_PUBLIC_SAFE
S-01081,7,0,SITE-007,48.22,ok,silver,SYNTHETIC_PUBLIC_SAFE
S-01082,7,2,SITE-007,82.51,ok,silver,SYNTHETIC_PUBLIC_SAFE
S-01083,7,4,SITE-007,78.63,ok,silver,SYNTHETIC_PUBLIC_SAFE
S-01084,7,6,SITE-007,53.71,ok,silver,SYNTHETIC_PUBLIC_SAFE
S-01085,7,8,SITE-007,46.03,ok,silver,SYNTHETIC_PUBLIC_SAFE
S-01086,7,10,SITE-007,51.08,ok,silver,SYNTHETIC_PUBLIC_SAFE
S-01087,7,12,SITE-007,74.28,ok,silver,SYNTHETIC_PUBLIC_SAFE
S-01088,7,14,SITE-007,51.04,ok,silver,SYNTHETIC_PUBLIC_SAFE
S-01089,7,16,SITE-007,74.01,ok,silver,SYNTHETIC_PUBLIC_SAFE
S-01090,7,18,SITE-007,74.17,ok,silver,SYNTHETIC_PUBLIC_SAFE
S-01091,7,20,SITE-007,53.65,ok,silver,SYNTHETIC_PUBLIC_SAFE
S-01092,7,22,SITE-007,81.43,ok,silver,SYNTHETIC_PUBLIC_SAFE
S-01093,7,0,SITE-008,54.8,ok,silver,SYNTHETIC_PUBLIC_SAFE
S-01094,7,2,SITE-008,44.0,ok,silver,SYNTHETIC_PUBLIC_SAFE
S-01095,7,4,SITE-008,42.28,ok,silver,SYNTHETIC_PUBLIC_SAFE
S-01096,7,6,SITE-008,41.74,ok,silver,SYNTHETIC_PUBLIC_SAFE
S-01097,7,8,SITE-008,74.38,ok,silver,SYNTHETIC_PUBLIC_SAFE
S-01098,7,10,SITE-008,63.11,ok,silver,SYNTHETIC_PUBLIC_SAFE
S-01099,7,12,SITE-008,45.07,ok,silver,SYNTHETIC_PUBLIC_SAFE
S-01100,7,14,SITE-008,60.41,ok,silver,SYNTHETIC_PUBLIC_SAFE
S-01101,7,16,SITE-008,49.37,ok,silver,SYNTHETIC_PUBLIC_SAFE
S-01102,7,18,SITE-008,56.15,ok,silver,SYNTHETIC_PUBLIC_SAFE
S-01103,7,20,SITE-008,93.11,review,silver,SYNTHETIC_PUBLIC_SAFE
S-01104,7,22,SITE-008,61.04,ok,silver,SYNTHETIC_PUBLIC_SAFE
S-01105,7,0,SITE-009,65.11,ok,silver,SYNTHETIC_PUBLIC_SAFE
S-01106,7,2,SITE-009,47.93,ok,silver,SYNTHETIC_PUBLIC_SAFE
S-01107,7,4,SITE-009,64.24,ok,silver,SYNTHETIC_PUBLIC_SAFE
S-01108,7,6,SITE-009,50.63,ok,silver,SYNTHETIC_PUBLIC_SAFE
S-01109,7,8,SITE-009,92.52,review,silver,SYNTHETIC_PUBLIC_SAFE
S-01110,7,10,SITE-009,84.83,ok,silver,SYNTHETIC_PUBLIC_SAFE
S-01111,7,12,SITE-009,51.68,ok,silver,SYNTHETIC_PUBLIC_SAFE
S-01112,7,14,SITE-009,58.33,ok,silver,SYNTHETIC_PUBLIC_SAFE
S-01113,7,16,SITE-009,51.26,ok,silver,SYNTHETIC_PUBLIC_SAFE
S-01114,7,18,SITE-009,91.34,ok,silver,SYNTHETIC_PUBLIC_SAFE
S-01115,7,20,SITE-009,53.32,ok,silver,SYNTHETIC_PUBLIC_SAFE
S-01116,7,22,SITE-009,76.74,ok,silver,SYNTHETIC_PUBLIC_SAFE
S-01117,7,0,SITE-010,48.3,ok,silver,SYNTHETIC_PUBLIC_SAFE
S-01118,7,2,SITE-010,63.9,ok,silver,SYNTHETIC_PUBLIC_SAFE
S-01119,7,4,SITE-010,65.77,ok,silver,SYNTHETIC_PUBLIC_SAFE
S-01120,7,6,SITE-010,86.36,ok,silver,SYNTHETIC_PUBLIC_SAFE
S-01121,7,8,SITE-010,78.14,ok,silver,SYNTHETIC_PUBLIC_SAFE
S-01122,7,10,SITE-010,61.27,ok,silver,SYNTHETIC_PUBLIC_SAFE
S-01123,7,12,SITE-010,53.9,ok,silver,SYNTHETIC_PUBLIC_SAFE
S-01124,7,14,SITE-010,72.76,ok,silver,SYNTHETIC_PUBLIC_SAFE
S-01125,7,16,SITE-010,51.63,ok,silver,SYNTHETIC_PUBLIC_SAFE
S-01126,7,18,SITE-010,90.5,ok,silver,SYNTHETIC_PUBLIC_SAFE
S-01127,7,20,SITE-010,47.96,ok,silver,SYNTHETIC_PUBLIC_SAFE
S-01128,7,22,SITE-010,40.54,ok,silver,SYNTHETIC_PUBLIC_SAFE
S-01129,7,0,SITE-011,67.65,ok,silver,SYNTHETIC_PUBLIC_SAFE
S-01130,7,2,SITE-011,82.11,ok,silver,SYNTHETIC_PUBLIC_SAFE
S-01131,7,4,SITE-011,69.05,ok,silver,SYNTHETIC_PUBLIC_SAFE
S-01132,7,6,SITE-011,74.37,ok,silver,SYNTHETIC_PUBLIC_SAFE
S-01133,7,8,SITE-011,85.08,ok,silver,SYNTHETIC_PUBLIC_SAFE
S-01134,7,10,SITE-011,70.8,ok,silver,SYNTHETIC_PUBLIC_SAFE
S-01135,7,12,SITE-011,47.38,ok,silver,SYNTHETIC_PUBLIC_SAFE
S-01136,7,14,SITE-011,60.41,ok,silver,SYNTHETIC_PUBLIC_SAFE
S-01137,7,16,SITE-011,61.21,ok,silver,SYNTHETIC_PUBLIC_SAFE
S-01138,7,18,SITE-011,88.77,ok,silver,SYNTHETIC_PUBLIC_SAFE
S-01139,7,20,SITE-011,40.32,ok,silver,SYNTHETIC_PUBLIC_SAFE
S-01140,7,22,SITE-011,88.32,ok,silver,SYNTHETIC_PUBLIC_SAFE
S-01141,7,0,SITE-012,68.63,ok,silver,SYNTHETIC_PUBLIC_SAFE
S-01142,7,2,SITE-012,41.18,ok,silver,SYNTHETIC_PUBLIC_SAFE
S-01143,7,4,SITE-012,75.64,ok,silver,SYNTHETIC_PUBLIC_SAFE
S-01144,7,6,SITE-012,48.48,ok,silver,SYNTHETIC_PUBLIC_SAFE
S-01145,7,8,SITE-012,61.07,ok,silver,SYNTHETIC_PUBLIC_SAFE
S-01146,7,10,SITE-012,74.96,ok,silver,SYNTHETIC_PUBLIC_SAFE
S-01147,7,12,SITE-012,87.63,ok,silver,SYNTHETIC_PUBLIC_SAFE
S-01148,7,14,SITE-012,79.89,ok,silver,SYNTHETIC_PUBLIC_SAFE
S-01149,7,16,SITE-012,46.45,ok,silver,SYNTHETIC_PUBLIC_SAFE
S-01150,7,18,SITE-012,57.14,ok,silver,SYNTHETIC_PUBLIC_SAFE
S-01151,7,20,SITE-012,58.16,ok,silver,SYNTHETIC_PUBLIC_SAFE
S-01152,7,22,SITE-012,67.44,ok,silver,SYNTHETIC_PUBLIC_SAFE
S-01153,8,0,SITE-001,42.48,ok,silver,SYNTHETIC_PUBLIC_SAFE
S-01154,8,2,SITE-001,70.21,ok,silver,SYNTHETIC_PUBLIC_SAFE
S-01155,8,4,SITE-001,61.17,ok,silver,SYNTHETIC_PUBLIC_SAFE
S-01156,8,6,SITE-001,42.71,ok,silver,SYNTHETIC_PUBLIC_SAFE
S-01157,8,8,SITE-001,63.67,ok,silver,SYNTHETIC_PUBLIC_SAFE
S-01158,8,10,SITE-001,41.81,ok,silver,SYNTHETIC_PUBLIC_SAFE
S-01159,8,12,SITE-001,52.16,ok,silver,SYNTHETIC_PUBLIC_SAFE
S-01160,8,14,SITE-001,53.76,ok,silver,SYNTHETIC_PUBLIC_SAFE
S-01161,8,16,SITE-001,52.69,ok,silver,SYNTHETIC_PUBLIC_SAFE
S-01162,8,18,SITE-001,78.05,ok,silver,SYNTHETIC_PUBLIC_SAFE
S-01163,8,20,SITE-001,88.12,ok,silver,SYNTHETIC_PUBLIC_SAFE
S-01164,8,22,SITE-001,87.98,ok,silver,SYNTHETIC_PUBLIC_SAFE
S-01165,8,0,SITE-002,56.03,ok,silver,SYNTHETIC_PUBLIC_SAFE
S-01166,8,2,SITE-002,53.6,ok,silver,SYNTHETIC_PUBLIC_SAFE
S-01167,8,4,SITE-002,52.45,ok,silver,SYNTHETIC_PUBLIC_SAFE
S-01168,8,6,SITE-002,92.18,review,silver,SYNTHETIC_PUBLIC_SAFE
S-01169,8,8,SITE-002,60.24,ok,silver,SYNTHETIC_PUBLIC_SAFE
S-01170,8,10,SITE-002,46.21,ok,silver,SYNTHETIC_PUBLIC_SAFE
S-01171,8,12,SITE-002,70.91,ok,silver,SYNTHETIC_PUBLIC_SAFE
S-01172,8,14,SITE-002,71.9,ok,silver,SYNTHETIC_PUBLIC_SAFE
S-01173,8,16,SITE-002,66.66,ok,silver,SYNTHETIC_PUBLIC_SAFE
S-01174,8,18,SITE-002,52.23,ok,silver,SYNTHETIC_PUBLIC_SAFE
S-01175,8,20,SITE-002,53.49,ok,silver,SYNTHETIC_PUBLIC_SAFE
S-01176,8,22,SITE-002,42.61,ok,silver,SYNTHETIC_PUBLIC_SAFE
S-01177,8,0,SITE-003,90.99,ok,silver,SYNTHETIC_PUBLIC_SAFE
S-01178,8,2,SITE-003,65.04,ok,silver,SYNTHETIC_PUBLIC_SAFE
S-01179,8,4,SITE-003,42.38,ok,silver,SYNTHETIC_PUBLIC_SAFE
S-01180,8,6,SITE-003,61.67,ok,silver,SYNTHETIC_PUBLIC_SAFE
S-01181,8,8,SITE-003,83.32,ok,silver,SYNTHETIC_PUBLIC_SAFE
S-01182,8,10,SITE-003,86.95,ok,silver,SYNTHETIC_PUBLIC_SAFE
S-01183,8,12,SITE-003,81.94,ok,silver,SYNTHETIC_PUBLIC_SAFE
S-01184,8,14,SITE-003,79.71,ok,silver,SYNTHETIC_PUBLIC_SAFE
S-01185,8,16,SITE-003,47.38,ok,silver,SYNTHETIC_PUBLIC_SAFE
S-01186,8,18,SITE-003,47.3,ok,silver,SYNTHETIC_PUBLIC_SAFE
S-01187,8,20,SITE-003,64.62,ok,silver,SYNTHETIC_PUBLIC_SAFE
S-01188,8,22,SITE-003,64.95,ok,silver,SYNTHETIC_PUBLIC_SAFE
S-01189,8,0,SITE-004,49.79,ok,silver,SYNTHETIC_PUBLIC_SAFE
S-01190,8,2,SITE-004,86.45,ok,silver,SYNTHETIC_PUBLIC_SAFE
S-01191,8,4,SITE-004,69.56,ok,silver,SYNTHETIC_PUBLIC_SAFE
S-01192,8,6,SITE-004,64.98,ok,silver,SYNTHETIC_PUBLIC_SAFE
S-01193,8,8,SITE-004,65.53,ok,silver,SYNTHETIC_PUBLIC_SAFE
S-01194,8,10,SITE-004,41.94,ok,silver,SYNTHETIC_PUBLIC_SAFE
S-01195,8,12,SITE-004,72.42,ok,silver,SYNTHETIC_PUBLIC_SAFE
S-01196,8,14,SITE-004,46.7,ok,silver,SYNTHETIC_PUBLIC_SAFE
S-01197,8,16,SITE-004,63.82,ok,silver,SYNTHETIC_PUBLIC_SAFE
S-01198,8,18,SITE-004,81.13,ok,silver,SYNTHETIC_PUBLIC_SAFE
S-01199,8,20,SITE-004,80.66,ok,silver,SYNTHETIC_PUBLIC_SAFE
S-01200,8,22,SITE-004,76.24,ok,silver,SYNTHETIC_PUBLIC_SAFE
S-01201,8,0,SITE-005,43.39,ok,silver,SYNTHETIC_PUBLIC_SAFE
S-01202,8,2,SITE-005,58.97,ok,silver,SYNTHETIC_PUBLIC_SAFE
S-01203,8,4,SITE-005,82.07,ok,silver,SYNTHETIC_PUBLIC_SAFE
S-01204,8,6,SITE-005,49.54,ok,silver,SYNTHETIC_PUBLIC_SAFE
S-01205,8,8,SITE-005,58.02,ok,silver,SYNTHETIC_PUBLIC_SAFE
S-01206,8,10,SITE-005,91.27,ok,silver,SYNTHETIC_PUBLIC_SAFE
S-01207,8,12,SITE-005,87.0,ok,silver,SYNTHETIC_PUBLIC_SAFE
S-01208,8,14,SITE-005,44.12,ok,silver,SYNTHETIC_PUBLIC_SAFE
S-01209,8,16,SITE-005,86.96,ok,silver,SYNTHETIC_PUBLIC_SAFE
S-01210,8,18,SITE-005,60.53,ok,silver,SYNTHETIC_PUBLIC_SAFE
S-01211,8,20,SITE-005,84.56,ok,silver,SYNTHETIC_PUBLIC_SAFE
S-01212,8,22,SITE-005,70.77,ok,silver,SYNTHETIC_PUBLIC_SAFE
S-01213,8,0,SITE-006,62.39,ok,silver,SYNTHETIC_PUBLIC_SAFE
S-01214,8,2,SITE-006,63.86,ok,silver,SYNTHETIC_PUBLIC_SAFE
S-01215,8,4,SITE-006,86.34,ok,silver,SYNTHETIC_PUBLIC_SAFE
S-01216,8,6,SITE-006,41.96,ok,silver,SYNTHETIC_PUBLIC_SAFE
S-01217,8,8,SITE-006,40.86,ok,silver,SYNTHETIC_PUBLIC_SAFE
S-01218,8,10,SITE-006,47.47,ok,silver,SYNTHETIC_PUBLIC_SAFE
S-01219,8,12,SITE-006,55.64,ok,silver,SYNTHETIC_PUBLIC_SAFE
S-01220,8,14,SITE-006,93.98,review,silver,SYNTHETIC_PUBLIC_SAFE
S-01221,8,16,SITE-006,68.83,ok,silver,SYNTHETIC_PUBLIC_SAFE
S-01222,8,18,SITE-006,47.28,ok,silver,SYNTHETIC_PUBLIC_SAFE
S-01223,8,20,SITE-006,65.74,ok,silver,SYNTHETIC_PUBLIC_SAFE
S-01224,8,22,SITE-006,70.4,ok,silver,SYNTHETIC_PUBLIC_SAFE
S-01225,8,0,SITE-007,52.74,ok,silver,SYNTHETIC_PUBLIC_SAFE
S-01226,8,2,SITE-007,52.02,ok,silver,SYNTHETIC_PUBLIC_SAFE
S-01227,8,4,SITE-007,59.51,ok,silver,SYNTHETIC_PUBLIC_SAFE
S-01228,8,6,SITE-007,63.03,ok,silver,SYNTHETIC_PUBLIC_SAFE
S-01229,8,8,SITE-007,65.27,ok,silver,SYNTHETIC_PUBLIC_SAFE
S-01230,8,10,SITE-007,66.91,ok,silver,SYNTHETIC_PUBLIC_SAFE
S-01231,8,12,SITE-007,61.41,ok,silver,SYNTHETIC_PUBLIC_SAFE
S-01232,8,14,SITE-007,64.31,ok,silver,SYNTHETIC_PUBLIC_SAFE
S-01233,8,16,SITE-007,43.39,ok,silver,SYNTHETIC_PUBLIC_SAFE
S-01234,8,18,SITE-007,51.25,ok,silver,SYNTHETIC_PUBLIC_SAFE
S-01235,8,20,SITE-007,93.08,review,silver,SYNTHETIC_PUBLIC_SAFE
S-01236,8,22,SITE-007,82.77,ok,silver,SYNTHETIC_PUBLIC_SAFE
S-01237,8,0,SITE-008,49.41,ok,silver,SYNTHETIC_PUBLIC_SAFE
S-01238,8,2,SITE-008,57.36,ok,silver,SYNTHETIC_PUBLIC_SAFE
S-01239,8,4,SITE-008,58.77,ok,silver,SYNTHETIC_PUBLIC_SAFE
S-01240,8,6,SITE-008,81.44,ok,silver,SYNTHETIC_PUBLIC_SAFE
S-01241,8,8,SITE-008,49.95,ok,silver,SYNTHETIC_PUBLIC_SAFE
S-01242,8,10,SITE-008,55.53,ok,silver,SYNTHETIC_PUBLIC_SAFE
S-01243,8,12,SITE-008,77.52,ok,silver,SYNTHETIC_PUBLIC_SAFE
S-01244,8,14,SITE-008,43.54,ok,silver,SYNTHETIC_PUBLIC_SAFE
S-01245,8,16,SITE-008,89.24,ok,silver,SYNTHETIC_PUBLIC_SAFE
S-01246,8,18,SITE-008,58.27,ok,silver,SYNTHETIC_PUBLIC_SAFE
S-01247,8,20,SITE-008,86.52,ok,silver,SYNTHETIC_PUBLIC_SAFE
S-01248,8,22,SITE-008,47.18,ok,silver,SYNTHETIC_PUBLIC_SAFE
S-01249,8,0,SITE-009,54.95,ok,silver,SYNTHETIC_PUBLIC_SAFE
S-01250,8,2,SITE-009,56.04,ok,silver,SYNTHETIC_PUBLIC_SAFE
S-01251,8,4,SITE-009,44.2,ok,silver,SYNTHETIC_PUBLIC_SAFE
S-01252,8,6,SITE-009,66.13,ok,silver,SYNTHETIC_PUBLIC_SAFE
S-01253,8,8,SITE-009,81.72,ok,silver,SYNTHETIC_PUBLIC_SAFE
S-01254,8,10,SITE-009,87.21,ok,silver,SYNTHETIC_PUBLIC_SAFE
S-01255,8,12,SITE-009,59.67,ok,silver,SYNTHETIC_PUBLIC_SAFE
S-01256,8,14,SITE-009,85.62,ok,silver,SYNTHETIC_PUBLIC_SAFE
S-01257,8,16,SITE-009,72.1,ok,silver,SYNTHETIC_PUBLIC_SAFE
S-01258,8,18,SITE-009,61.53,ok,silver,SYNTHETIC_PUBLIC_SAFE
S-01259,8,20,SITE-009,85.94,ok,silver,SYNTHETIC_PUBLIC_SAFE
S-01260,8,22,SITE-009,40.17,ok,silver,SYNTHETIC_PUBLIC_SAFE
S-01261,8,0,SITE-010,88.76,ok,silver,SYNTHETIC_PUBLIC_SAFE
S-01262,8,2,SITE-010,42.57,ok,silver,SYNTHETIC_PUBLIC_SAFE
S-01263,8,4,SITE-010,42.58,ok,silver,SYNTHETIC_PUBLIC_SAFE
S-01264,8,6,SITE-010,46.89,ok,silver,SYNTHETIC_PUBLIC_SAFE
S-01265,8,8,SITE-010,78.12,ok,silver,SYNTHETIC_PUBLIC_SAFE
S-01266,8,10,SITE-010,83.7,ok,silver,SYNTHETIC_PUBLIC_SAFE
S-01267,8,12,SITE-010,79.51,ok,silver,SYNTHETIC_PUBLIC_SAFE
S-01268,8,14,SITE-010,87.75,ok,silver,SYNTHETIC_PUBLIC_SAFE
S-01269,8,16,SITE-010,91.46,ok,silver,SYNTHETIC_PUBLIC_SAFE
S-01270,8,18,SITE-010,85.73,ok,silver,SYNTHETIC_PUBLIC_SAFE
S-01271,8,20,SITE-010,44.8,ok,silver,SYNTHETIC_PUBLIC_SAFE
S-01272,8,22,SITE-010,93.18,review,silver,SYNTHETIC_PUBLIC_SAFE
S-01273,8,0,SITE-011,75.16,ok,silver,SYNTHETIC_PUBLIC_SAFE
S-01274,8,2,SITE-011,89.18,ok,silver,SYNTHETIC_PUBLIC_SAFE
S-01275,8,4,SITE-011,63.44,ok,silver,SYNTHETIC_PUBLIC_SAFE
S-01276,8,6,SITE-011,85.43,ok,silver,SYNTHETIC_PUBLIC_SAFE
S-01277,8,8,SITE-011,56.62,ok,silver,SYNTHETIC_PUBLIC_SAFE
S-01278,8,10,SITE-011,81.46,ok,silver,SYNTHETIC_PUBLIC_SAFE
S-01279,8,12,SITE-011,79.22,ok,silver,SYNTHETIC_PUBLIC_SAFE
S-01280,8,14,SITE-011,91.31,ok,silver,SYNTHETIC_PUBLIC_SAFE
S-01281,8,16,SITE-011,76.47,ok,silver,SYNTHETIC_PUBLIC_SAFE
S-01282,8,18,SITE-011,58.22,ok,silver,SYNTHETIC_PUBLIC_SAFE
S-01283,8,20,SITE-011,67.61,ok,silver,SYNTHETIC_PUBLIC_SAFE
S-01284,8,22,SITE-011,93.63,review,silver,SYNTHETIC_PUBLIC_SAFE
S-01285,8,0,SITE-012,65.48,ok,silver,SYNTHETIC_PUBLIC_SAFE
S-01286,8,2,SITE-012,59.48,ok,silver,SYNTHETIC_PUBLIC_SAFE
S-01287,8,4,SITE-012,60.25,ok,silver,SYNTHETIC_PUBLIC_SAFE
S-01288,8,6,SITE-012,78.39,ok,silver,SYNTHETIC_PUBLIC_SAFE
S-01289,8,8,SITE-012,45.91,ok,silver,SYNTHETIC_PUBLIC_SAFE
S-01290,8,10,SITE-012,87.34,ok,silver,SYNTHETIC_PUBLIC_SAFE
S-01291,8,12,SITE-012,75.01,ok,silver,SYNTHETIC_PUBLIC_SAFE
S-01292,8,14,SITE-012,76.18,ok,silver,SYNTHETIC_PUBLIC_SAFE
S-01293,8,16,SITE-012,67.62,ok,silver,SYNTHETIC_PUBLIC_SAFE
S-01294,8,18,SITE-012,81.82,ok,silver,SYNTHETIC_PUBLIC_SAFE
S-01295,8,20,SITE-012,79.47,ok,silver,SYNTHETIC_PUBLIC_SAFE
S-01296,8,22,SITE-012,87.23,ok,silver,SYNTHETIC_PUBLIC_SAFE
S-01297,9,0,SITE-001,52.43,ok,silver,SYNTHETIC_PUBLIC_SAFE
S-01298,9,2,SITE-001,40.25,ok,silver,SYNTHETIC_PUBLIC_SAFE
S-01299,9,4,SITE-001,72.05,ok,silver,SYNTHETIC_PUBLIC_SAFE
S-01300,9,6,SITE-001,46.91,ok,silver,SYNTHETIC_PUBLIC_SAFE
S-01301,9,8,SITE-001,55.21,ok,silver,SYNTHETIC_PUBLIC_SAFE
S-01302,9,10,SITE-001,48.89,ok,silver,SYNTHETIC_PUBLIC_SAFE
S-01303,9,12,SITE-001,84.04,ok,silver,SYNTHETIC_PUBLIC_SAFE
S-01304,9,14,SITE-001,47.6,ok,silver,SYNTHETIC_PUBLIC_SAFE
S-01305,9,16,SITE-001,51.42,ok,silver,SYNTHETIC_PUBLIC_SAFE
S-01306,9,18,SITE-001,60.94,ok,silver,SYNTHETIC_PUBLIC_SAFE
S-01307,9,20,SITE-001,67.13,ok,silver,SYNTHETIC_PUBLIC_SAFE
S-01308,9,22,SITE-001,52.29,ok,silver,SYNTHETIC_PUBLIC_SAFE
S-01309,9,0,SITE-002,62.76,ok,silver,SYNTHETIC_PUBLIC_SAFE
S-01310,9,2,SITE-002,82.52,ok,silver,SYNTHETIC_PUBLIC_SAFE
S-01311,9,4,SITE-002,88.02,ok,silver,SYNTHETIC_PUBLIC_SAFE
S-01312,9,6,SITE-002,47.53,ok,silver,SYNTHETIC_PUBLIC_SAFE
S-01313,9,8,SITE-002,91.25,ok,silver,SYNTHETIC_PUBLIC_SAFE
S-01314,9,10,SITE-002,59.31,ok,silver,SYNTHETIC_PUBLIC_SAFE
S-01315,9,12,SITE-002,66.93,ok,silver,SYNTHETIC_PUBLIC_SAFE
S-01316,9,14,SITE-002,70.98,ok,silver,SYNTHETIC_PUBLIC_SAFE
S-01317,9,16,SITE-002,67.32,ok,silver,SYNTHETIC_PUBLIC_SAFE
S-01318,9,18,SITE-002,86.96,ok,silver,SYNTHETIC_PUBLIC_SAFE
S-01319,9,20,SITE-002,68.95,ok,silver,SYNTHETIC_PUBLIC_SAFE
S-01320,9,22,SITE-002,62.68,ok,silver,SYNTHETIC_PUBLIC_SAFE
S-01321,9,0,SITE-003,62.11,ok,silver,SYNTHETIC_PUBLIC_SAFE
S-01322,9,2,SITE-003,47.77,ok,silver,SYNTHETIC_PUBLIC_SAFE
S-01323,9,4,SITE-003,84.75,ok,silver,SYNTHETIC_PUBLIC_SAFE
S-01324,9,6,SITE-003,76.92,ok,silver,SYNTHETIC_PUBLIC_SAFE
S-01325,9,8,SITE-003,70.52,ok,silver,SYNTHETIC_PUBLIC_SAFE
S-01326,9,10,SITE-003,64.81,ok,silver,SYNTHETIC_PUBLIC_SAFE
S-01327,9,12,SITE-003,83.52,ok,silver,SYNTHETIC_PUBLIC_SAFE
S-01328,9,14,SITE-003,86.7,ok,silver,SYNTHETIC_PUBLIC_SAFE
S-01329,9,16,SITE-003,84.24,ok,silver,SYNTHETIC_PUBLIC_SAFE
S-01330,9,18,SITE-003,60.2,ok,silver,SYNTHETIC_PUBLIC_SAFE
S-01331,9,20,SITE-003,68.94,ok,silver,SYNTHETIC_PUBLIC_SAFE
S-01332,9,22,SITE-003,74.48,ok,silver,SYNTHETIC_PUBLIC_SAFE
S-01333,9,0,SITE-004,82.72,ok,silver,SYNTHETIC_PUBLIC_SAFE
S-01334,9,2,SITE-004,51.2,ok,silver,SYNTHETIC_PUBLIC_SAFE
S-01335,9,4,SITE-004,92.11,review,silver,SYNTHETIC_PUBLIC_SAFE
S-01336,9,6,SITE-004,91.61,ok,silver,SYNTHETIC_PUBLIC_SAFE
S-01337,9,8,SITE-004,69.61,ok,silver,SYNTHETIC_PUBLIC_SAFE
S-01338,9,10,SITE-004,69.86,ok,silver,SYNTHETIC_PUBLIC_SAFE
S-01339,9,12,SITE-004,64.14,ok,silver,SYNTHETIC_PUBLIC_SAFE
S-01340,9,14,SITE-004,57.08,ok,silver,SYNTHETIC_PUBLIC_SAFE
S-01341,9,16,SITE-004,90.24,ok,silver,SYNTHETIC_PUBLIC_SAFE
S-01342,9,18,SITE-004,65.81,ok,silver,SYNTHETIC_PUBLIC_SAFE
S-01343,9,20,SITE-004,73.09,ok,silver,SYNTHETIC_PUBLIC_SAFE
S-01344,9,22,SITE-004,58.41,ok,silver,SYNTHETIC_PUBLIC_SAFE
S-01345,9,0,SITE-005,86.03,ok,silver,SYNTHETIC_PUBLIC_SAFE
S-01346,9,2,SITE-005,43.01,ok,silver,SYNTHETIC_PUBLIC_SAFE
S-01347,9,4,SITE-005,51.88,ok,silver,SYNTHETIC_PUBLIC_SAFE
S-01348,9,6,SITE-005,56.38,ok,silver,SYNTHETIC_PUBLIC_SAFE
S-01349,9,8,SITE-005,98.67,review,silver,SYNTHETIC_PUBLIC_SAFE
S-01350,9,10,SITE-005,79.98,ok,silver,SYNTHETIC_PUBLIC_SAFE
S-01351,9,12,SITE-005,82.33,ok,silver,SYNTHETIC_PUBLIC_SAFE
S-01352,9,14,SITE-005,92.02,review,silver,SYNTHETIC_PUBLIC_SAFE
S-01353,9,16,SITE-005,69.38,ok,silver,SYNTHETIC_PUBLIC_SAFE
S-01354,9,18,SITE-005,57.91,ok,silver,SYNTHETIC_PUBLIC_SAFE
S-01355,9,20,SITE-005,51.51,ok,silver,SYNTHETIC_PUBLIC_SAFE
S-01356,9,22,SITE-005,56.41,ok,silver,SYNTHETIC_PUBLIC_SAFE
S-01357,9,0,SITE-006,94.47,review,silver,SYNTHETIC_PUBLIC_SAFE
S-01358,9,2,SITE-006,52.02,ok,silver,SYNTHETIC_PUBLIC_SAFE
S-01359,9,4,SITE-006,77.76,ok,silver,SYNTHETIC_PUBLIC_SAFE
S-01360,9,6,SITE-006,94.02,review,silver,SYNTHETIC_PUBLIC_SAFE
S-01361,9,8,SITE-006,51.45,ok,silver,SYNTHETIC_PUBLIC_SAFE
S-01362,9,10,SITE-006,87.66,ok,silver,SYNTHETIC_PUBLIC_SAFE
S-01363,9,12,SITE-006,79.14,ok,silver,SYNTHETIC_PUBLIC_SAFE
S-01364,9,14,SITE-006,92.62,review,silver,SYNTHETIC_PUBLIC_SAFE
S-01365,9,16,SITE-006,56.04,ok,silver,SYNTHETIC_PUBLIC_SAFE
S-01366,9,18,SITE-006,77.56,ok,silver,SYNTHETIC_PUBLIC_SAFE
S-01367,9,20,SITE-006,55.21,ok,silver,SYNTHETIC_PUBLIC_SAFE
S-01368,9,22,SITE-006,90.94,ok,silver,SYNTHETIC_PUBLIC_SAFE
S-01369,9,0,SITE-007,43.07,ok,silver,SYNTHETIC_PUBLIC_SAFE
S-01370,9,2,SITE-007,68.89,ok,silver,SYNTHETIC_PUBLIC_SAFE
S-01371,9,4,SITE-007,47.95,ok,silver,SYNTHETIC_PUBLIC_SAFE
S-01372,9,6,SITE-007,93.71,review,silver,SYNTHETIC_PUBLIC_SAFE
S-01373,9,8,SITE-007,41.4,ok,silver,SYNTHETIC_PUBLIC_SAFE
S-01374,9,10,SITE-007,40.35,ok,silver,SYNTHETIC_PUBLIC_SAFE
S-01375,9,12,SITE-007,71.77,ok,silver,SYNTHETIC_PUBLIC_SAFE
S-01376,9,14,SITE-007,73.08,ok,silver,SYNTHETIC_PUBLIC_SAFE
S-01377,9,16,SITE-007,46.08,ok,silver,SYNTHETIC_PUBLIC_SAFE
S-01378,9,18,SITE-007,71.41,ok,silver,SYNTHETIC_PUBLIC_SAFE
S-01379,9,20,SITE-007,73.35,ok,silver,SYNTHETIC_PUBLIC_SAFE
S-01380,9,22,SITE-007,92.84,review,silver,SYNTHETIC_PUBLIC_SAFE
S-01381,9,0,SITE-008,67.81,ok,silver,SYNTHETIC_PUBLIC_SAFE
S-01382,9,2,SITE-008,57.05,ok,silver,SYNTHETIC_PUBLIC_SAFE
S-01383,9,4,SITE-008,76.16,ok,silver,SYNTHETIC_PUBLIC_SAFE
S-01384,9,6,SITE-008,59.53,ok,silver,SYNTHETIC_PUBLIC_SAFE
S-01385,9,8,SITE-008,53.69,ok,silver,SYNTHETIC_PUBLIC_SAFE
S-01386,9,10,SITE-008,73.69,ok,silver,SYNTHETIC_PUBLIC_SAFE
S-01387,9,12,SITE-008,86.75,ok,silver,SYNTHETIC_PUBLIC_SAFE
S-01388,9,14,SITE-008,98.25,review,silver,SYNTHETIC_PUBLIC_SAFE
S-01389,9,16,SITE-008,60.89,ok,silver,SYNTHETIC_PUBLIC_SAFE
S-01390,9,18,SITE-008,64.91,ok,silver,SYNTHETIC_PUBLIC_SAFE
S-01391,9,20,SITE-008,94.09,review,silver,SYNTHETIC_PUBLIC_SAFE
S-01392,9,22,SITE-008,87.62,ok,silver,SYNTHETIC_PUBLIC_SAFE
S-01393,9,0,SITE-009,85.3,ok,silver,SYNTHETIC_PUBLIC_SAFE
S-01394,9,2,SITE-009,67.54,ok,silver,SYNTHETIC_PUBLIC_SAFE
S-01395,9,4,SITE-009,45.4,ok,silver,SYNTHETIC_PUBLIC_SAFE
S-01396,9,6,SITE-009,80.97,ok,silver,SYNTHETIC_PUBLIC_SAFE
S-01397,9,8,SITE-009,88.8,ok,silver,SYNTHETIC_PUBLIC_SAFE
S-01398,9,10,SITE-009,58.81,ok,silver,SYNTHETIC_PUBLIC_SAFE
S-01399,9,12,SITE-009,80.28,ok,silver,SYNTHETIC_PUBLIC_SAFE
S-01400,9,14,SITE-009,51.72,ok,silver,SYNTHETIC_PUBLIC_SAFE
S-01401,9,16,SITE-009,56.27,ok,silver,SYNTHETIC_PUBLIC_SAFE
S-01402,9,18,SITE-009,69.09,ok,silver,SYNTHETIC_PUBLIC_SAFE
S-01403,9,20,SITE-009,78.15,ok,silver,SYNTHETIC_PUBLIC_SAFE
S-01404,9,22,SITE-009,45.78,ok,silver,SYNTHETIC_PUBLIC_SAFE
S-01405,9,0,SITE-010,75.45,ok,silver,SYNTHETIC_PUBLIC_SAFE
S-01406,9,2,SITE-010,74.27,ok,silver,SYNTHETIC_PUBLIC_SAFE
S-01407,9,4,SITE-010,82.11,ok,silver,SYNTHETIC_PUBLIC_SAFE
S-01408,9,6,SITE-010,61.51,ok,silver,SYNTHETIC_PUBLIC_SAFE
S-01409,9,8,SITE-010,50.39,ok,silver,SYNTHETIC_PUBLIC_SAFE
S-01410,9,10,SITE-010,87.3,ok,silver,SYNTHETIC_PUBLIC_SAFE
S-01411,9,12,SITE-010,43.91,ok,silver,SYNTHETIC_PUBLIC_SAFE
S-01412,9,14,SITE-010,43.13,ok,silver,SYNTHETIC_PUBLIC_SAFE
S-01413,9,16,SITE-010,64.34,ok,silver,SYNTHETIC_PUBLIC_SAFE
S-01414,9,18,SITE-010,55.82,ok,silver,SYNTHETIC_PUBLIC_SAFE
S-01415,9,20,SITE-010,61.67,ok,silver,SYNTHETIC_PUBLIC_SAFE
S-01416,9,22,SITE-010,82.83,ok,silver,SYNTHETIC_PUBLIC_SAFE
S-01417,9,0,SITE-011,84.22,ok,silver,SYNTHETIC_PUBLIC_SAFE
S-01418,9,2,SITE-011,79.36,ok,silver,SYNTHETIC_PUBLIC_SAFE
S-01419,9,4,SITE-011,44.24,ok,silver,SYNTHETIC_PUBLIC_SAFE
S-01420,9,6,SITE-011,89.19,ok,silver,SYNTHETIC_PUBLIC_SAFE
S-01421,9,8,SITE-011,65.6,ok,silver,SYNTHETIC_PUBLIC_SAFE
S-01422,9,10,SITE-011,85.62,ok,silver,SYNTHETIC_PUBLIC_SAFE
S-01423,9,12,SITE-011,41.88,ok,silver,SYNTHETIC_PUBLIC_SAFE
S-01424,9,14,SITE-011,53.62,ok,silver,SYNTHETIC_PUBLIC_SAFE
S-01425,9,16,SITE-011,82.74,ok,silver,SYNTHETIC_PUBLIC_SAFE
S-01426,9,18,SITE-011,82.59,ok,silver,SYNTHETIC_PUBLIC_SAFE
S-01427,9,20,SITE-011,64.72,ok,silver,SYNTHETIC_PUBLIC_SAFE
S-01428,9,22,SITE-011,70.94,ok,silver,SYNTHETIC_PUBLIC_SAFE
S-01429,9,0,SITE-012,53.15,ok,silver,SYNTHETIC_PUBLIC_SAFE
S-01430,9,2,SITE-012,41.83,ok,silver,SYNTHETIC_PUBLIC_SAFE
S-01431,9,4,SITE-012,48.4,ok,silver,SYNTHETIC_PUBLIC_SAFE
S-01432,9,6,SITE-012,40.92,ok,silver,SYNTHETIC_PUBLIC_SAFE
S-01433,9,8,SITE-012,43.15,ok,silver,SYNTHETIC_PUBLIC_SAFE
S-01434,9,10,SITE-012,55.52,ok,silver,SYNTHETIC_PUBLIC_SAFE
S-01435,9,12,SITE-012,62.88,ok,silver,SYNTHETIC_PUBLIC_SAFE
S-01436,9,14,SITE-012,66.38,ok,silver,SYNTHETIC_PUBLIC_SAFE
S-01437,9,16,SITE-012,80.91,ok,silver,SYNTHETIC_PUBLIC_SAFE
S-01438,9,18,SITE-012,80.98,ok,silver,SYNTHETIC_PUBLIC_SAFE
S-01439,9,20,SITE-012,72.43,ok,silver,SYNTHETIC_PUBLIC_SAFE
S-01440,9,22,SITE-012,93.28,review,silver,SYNTHETIC_PUBLIC_SAFE
S-01441,10,0,SITE-001,65.83,ok,silver,SYNTHETIC_PUBLIC_SAFE
S-01442,10,2,SITE-001,47.7,ok,silver,SYNTHETIC_PUBLIC_SAFE
S-01443,10,4,SITE-001,51.84,ok,silver,SYNTHETIC_PUBLIC_SAFE
S-01444,10,6,SITE-001,45.02,ok,silver,SYNTHETIC_PUBLIC_SAFE
S-01445,10,8,SITE-001,51.28,ok,silver,SYNTHETIC_PUBLIC_SAFE
S-01446,10,10,SITE-001,68.71,ok,silver,SYNTHETIC_PUBLIC_SAFE
S-01447,10,12,SITE-001,74.21,ok,silver,SYNTHETIC_PUBLIC_SAFE
S-01448,10,14,SITE-001,84.41,ok,silver,SYNTHETIC_PUBLIC_SAFE
S-01449,10,16,SITE-001,71.12,ok,silver,SYNTHETIC_PUBLIC_SAFE
S-01450,10,18,SITE-001,53.07,ok,silver,SYNTHETIC_PUBLIC_SAFE
S-01451,10,20,SITE-001,42.54,ok,silver,SYNTHETIC_PUBLIC_SAFE
S-01452,10,22,SITE-001,89.92,ok,silver,SYNTHETIC_PUBLIC_SAFE
S-01453,10,0,SITE-002,71.01,ok,silver,SYNTHETIC_PUBLIC_SAFE
S-01454,10,2,SITE-002,65.21,ok,silver,SYNTHETIC_PUBLIC_SAFE
S-01455,10,4,SITE-002,66.37,ok,silver,SYNTHETIC_PUBLIC_SAFE
S-01456,10,6,SITE-002,55.88,ok,silver,SYNTHETIC_PUBLIC_SAFE
S-01457,10,8,SITE-002,61.47,ok,silver,SYNTHETIC_PUBLIC_SAFE
S-01458,10,10,SITE-002,46.74,ok,silver,SYNTHETIC_PUBLIC_SAFE
S-01459,10,12,SITE-002,39.54,ok,silver,SYNTHETIC_PUBLIC_SAFE
S-01460,10,14,SITE-002,46.85,ok,silver,SYNTHETIC_PUBLIC_SAFE
S-01461,10,16,SITE-002,45.67,ok,silver,SYNTHETIC_PUBLIC_SAFE
S-01462,10,18,SITE-002,87.78,ok,silver,SYNTHETIC_PUBLIC_SAFE
S-01463,10,20,SITE-002,40.14,ok,silver,SYNTHETIC_PUBLIC_SAFE
S-01464,10,22,SITE-002,80.23,ok,silver,SYNTHETIC_PUBLIC_SAFE
S-01465,10,0,SITE-003,45.91,ok,silver,SYNTHETIC_PUBLIC_SAFE
S-01466,10,2,SITE-003,79.33,ok,silver,SYNTHETIC_PUBLIC_SAFE
S-01467,10,4,SITE-003,93.31,review,silver,SYNTHETIC_PUBLIC_SAFE
S-01468,10,6,SITE-003,93.88,review,silver,SYNTHETIC_PUBLIC_SAFE
S-01469,10,8,SITE-003,45.97,ok,silver,SYNTHETIC_PUBLIC_SAFE
S-01470,10,10,SITE-003,78.6,ok,silver,SYNTHETIC_PUBLIC_SAFE
S-01471,10,12,SITE-003,41.18,ok,silver,SYNTHETIC_PUBLIC_SAFE
S-01472,10,14,SITE-003,80.83,ok,silver,SYNTHETIC_PUBLIC_SAFE
S-01473,10,16,SITE-003,93.21,review,silver,SYNTHETIC_PUBLIC_SAFE
S-01474,10,18,SITE-003,89.97,ok,silver,SYNTHETIC_PUBLIC_SAFE
S-01475,10,20,SITE-003,73.39,ok,silver,SYNTHETIC_PUBLIC_SAFE
S-01476,10,22,SITE-003,79.62,ok,silver,SYNTHETIC_PUBLIC_SAFE
S-01477,10,0,SITE-004,49.21,ok,silver,SYNTHETIC_PUBLIC_SAFE
S-01478,10,2,SITE-004,88.38,ok,silver,SYNTHETIC_PUBLIC_SAFE
S-01479,10,4,SITE-004,57.49,ok,silver,SYNTHETIC_PUBLIC_SAFE
S-01480,10,6,SITE-004,85.24,ok,silver,SYNTHETIC_PUBLIC_SAFE
S-01481,10,8,SITE-004,53.09,ok,silver,SYNTHETIC_PUBLIC_SAFE
S-01482,10,10,SITE-004,55.28,ok,silver,SYNTHETIC_PUBLIC_SAFE
S-01483,10,12,SITE-004,66.64,ok,silver,SYNTHETIC_PUBLIC_SAFE
S-01484,10,14,SITE-004,41.22,ok,silver,SYNTHETIC_PUBLIC_SAFE
S-01485,10,16,SITE-004,70.13,ok,silver,SYNTHETIC_PUBLIC_SAFE
S-01486,10,18,SITE-004,66.09,ok,silver,SYNTHETIC_PUBLIC_SAFE
S-01487,10,20,SITE-004,76.25,ok,silver,SYNTHETIC_PUBLIC_SAFE
S-01488,10,22,SITE-004,45.38,ok,silver,SYNTHETIC_PUBLIC_SAFE
S-01489,10,0,SITE-005,63.54,ok,silver,SYNTHETIC_PUBLIC_SAFE
S-01490,10,2,SITE-005,85.47,ok,silver,SYNTHETIC_PUBLIC_SAFE
S-01491,10,4,SITE-005,67.84,ok,silver,SYNTHETIC_PUBLIC_SAFE
S-01492,10,6,SITE-005,57.2,ok,silver,SYNTHETIC_PUBLIC_SAFE
S-01493,10,8,SITE-005,61.31,ok,silver,SYNTHETIC_PUBLIC_SAFE
S-01494,10,10,SITE-005,72.19,ok,silver,SYNTHETIC_PUBLIC_SAFE
S-01495,10,12,SITE-005,59.45,ok,silver,SYNTHETIC_PUBLIC_SAFE
S-01496,10,14,SITE-005,59.59,ok,silver,SYNTHETIC_PUBLIC_SAFE
S-01497,10,16,SITE-005,86.52,ok,silver,SYNTHETIC_PUBLIC_SAFE
S-01498,10,18,SITE-005,69.26,ok,silver,SYNTHETIC_PUBLIC_SAFE
S-01499,10,20,SITE-005,49.08,ok,silver,SYNTHETIC_PUBLIC_SAFE
S-01500,10,22,SITE-005,77.96,ok,silver,SYNTHETIC_PUBLIC_SAFE
S-01501,10,0,SITE-006,76.07,ok,silver,SYNTHETIC_PUBLIC_SAFE
S-01502,10,2,SITE-006,75.62,ok,silver,SYNTHETIC_PUBLIC_SAFE
S-01503,10,4,SITE-006,91.82,ok,silver,SYNTHETIC_PUBLIC_SAFE
S-01504,10,6,SITE-006,68.49,ok,silver,SYNTHETIC_PUBLIC_SAFE
S-01505,10,8,SITE-006,61.34,ok,silver,SYNTHETIC_PUBLIC_SAFE
S-01506,10,10,SITE-006,71.06,ok,silver,SYNTHETIC_PUBLIC_SAFE
S-01507,10,12,SITE-006,68.15,ok,silver,SYNTHETIC_PUBLIC_SAFE
S-01508,10,14,SITE-006,70.91,ok,silver,SYNTHETIC_PUBLIC_SAFE
S-01509,10,16,SITE-006,76.38,ok,silver,SYNTHETIC_PUBLIC_SAFE
S-01510,10,18,SITE-006,75.37,ok,silver,SYNTHETIC_PUBLIC_SAFE
S-01511,10,20,SITE-006,76.38,ok,silver,SYNTHETIC_PUBLIC_SAFE
S-01512,10,22,SITE-006,57.69,ok,silver,SYNTHETIC_PUBLIC_SAFE
S-01513,10,0,SITE-007,67.32,ok,silver,SYNTHETIC_PUBLIC_SAFE
S-01514,10,2,SITE-007,92.31,review,silver,SYNTHETIC_PUBLIC_SAFE
S-01515,10,4,SITE-007,84.91,ok,silver,SYNTHETIC_PUBLIC_SAFE
S-01516,10,6,SITE-007,85.82,ok,silver,SYNTHETIC_PUBLIC_SAFE
S-01517,10,8,SITE-007,83.55,ok,silver,SYNTHETIC_PUBLIC_SAFE
S-01518,10,10,SITE-007,79.23,ok,silver,SYNTHETIC_PUBLIC_SAFE
S-01519,10,12,SITE-007,41.5,ok,silver,SYNTHETIC_PUBLIC_SAFE
S-01520,10,14,SITE-007,58.79,ok,silver,SYNTHETIC_PUBLIC_SAFE
S-01521,10,16,SITE-007,76.66,ok,silver,SYNTHETIC_PUBLIC_SAFE
S-01522,10,18,SITE-007,43.15,ok,silver,SYNTHETIC_PUBLIC_SAFE
S-01523,10,20,SITE-007,48.83,ok,silver,SYNTHETIC_PUBLIC_SAFE
S-01524,10,22,SITE-007,62.42,ok,silver,SYNTHETIC_PUBLIC_SAFE
S-01525,10,0,SITE-008,68.05,ok,silver,SYNTHETIC_PUBLIC_SAFE
S-01526,10,2,SITE-008,76.1,ok,silver,SYNTHETIC_PUBLIC_SAFE
S-01527,10,4,SITE-008,89.76,ok,silver,SYNTHETIC_PUBLIC_SAFE
S-01528,10,6,SITE-008,55.02,ok,silver,SYNTHETIC_PUBLIC_SAFE
S-01529,10,8,SITE-008,39.42,ok,silver,SYNTHETIC_PUBLIC_SAFE
S-01530,10,10,SITE-008,58.27,ok,silver,SYNTHETIC_PUBLIC_SAFE
S-01531,10,12,SITE-008,86.57,ok,silver,SYNTHETIC_PUBLIC_SAFE
S-01532,10,14,SITE-008,81.67,ok,silver,SYNTHETIC_PUBLIC_SAFE
S-01533,10,16,SITE-008,67.51,ok,silver,SYNTHETIC_PUBLIC_SAFE
S-01534,10,18,SITE-008,52.91,ok,silver,SYNTHETIC_PUBLIC_SAFE
S-01535,10,20,SITE-008,85.01,ok,silver,SYNTHETIC_PUBLIC_SAFE
S-01536,10,22,SITE-008,54.02,ok,silver,SYNTHETIC_PUBLIC_SAFE
S-01537,10,0,SITE-009,72.74,ok,silver,SYNTHETIC_PUBLIC_SAFE
S-01538,10,2,SITE-009,89.51,ok,silver,SYNTHETIC_PUBLIC_SAFE
S-01539,10,4,SITE-009,44.44,ok,silver,SYNTHETIC_PUBLIC_SAFE
S-01540,10,6,SITE-009,68.39,ok,silver,SYNTHETIC_PUBLIC_SAFE
S-01541,10,8,SITE-009,61.94,ok,silver,SYNTHETIC_PUBLIC_SAFE
S-01542,10,10,SITE-009,41.79,ok,silver,SYNTHETIC_PUBLIC_SAFE
S-01543,10,12,SITE-009,47.73,ok,silver,SYNTHETIC_PUBLIC_SAFE
S-01544,10,14,SITE-009,49.0,ok,silver,SYNTHETIC_PUBLIC_SAFE
S-01545,10,16,SITE-009,72.35,ok,silver,SYNTHETIC_PUBLIC_SAFE
S-01546,10,18,SITE-009,44.25,ok,silver,SYNTHETIC_PUBLIC_SAFE
S-01547,10,20,SITE-009,47.03,ok,silver,SYNTHETIC_PUBLIC_SAFE
S-01548,10,22,SITE-009,57.81,ok,silver,SYNTHETIC_PUBLIC_SAFE
S-01549,10,0,SITE-010,48.45,ok,silver,SYNTHETIC_PUBLIC_SAFE
S-01550,10,2,SITE-010,53.91,ok,silver,SYNTHETIC_PUBLIC_SAFE
S-01551,10,4,SITE-010,42.99,ok,silver,SYNTHETIC_PUBLIC_SAFE
S-01552,10,6,SITE-010,74.31,ok,silver,SYNTHETIC_PUBLIC_SAFE
S-01553,10,8,SITE-010,71.49,ok,silver,SYNTHETIC_PUBLIC_SAFE
S-01554,10,10,SITE-010,40.13,ok,silver,SYNTHETIC_PUBLIC_SAFE
S-01555,10,12,SITE-010,54.48,ok,silver,SYNTHETIC_PUBLIC_SAFE
S-01556,10,14,SITE-010,64.46,ok,silver,SYNTHETIC_PUBLIC_SAFE
S-01557,10,16,SITE-010,62.1,ok,silver,SYNTHETIC_PUBLIC_SAFE
S-01558,10,18,SITE-010,51.16,ok,silver,SYNTHETIC_PUBLIC_SAFE
S-01559,10,20,SITE-010,76.87,ok,silver,SYNTHETIC_PUBLIC_SAFE
S-01560,10,22,SITE-010,74.63,ok,silver,SYNTHETIC_PUBLIC_SAFE
S-01561,10,0,SITE-011,50.79,ok,silver,SYNTHETIC_PUBLIC_SAFE
S-01562,10,2,SITE-011,57.45,ok,silver,SYNTHETIC_PUBLIC_SAFE
S-01563,10,4,SITE-011,51.03,ok,silver,SYNTHETIC_PUBLIC_SAFE
S-01564,10,6,SITE-011,40.3,ok,silver,SYNTHETIC_PUBLIC_SAFE
S-01565,10,8,SITE-011,75.69,ok,silver,SYNTHETIC_PUBLIC_SAFE
S-01566,10,10,SITE-011,88.33,ok,silver,SYNTHETIC_PUBLIC_SAFE
S-01567,10,12,SITE-011,77.52,ok,silver,SYNTHETIC_PUBLIC_SAFE
S-01568,10,14,SITE-011,74.96,ok,silver,SYNTHETIC_PUBLIC_SAFE
S-01569,10,16,SITE-011,45.89,ok,silver,SYNTHETIC_PUBLIC_SAFE
S-01570,10,18,SITE-011,62.49,ok,silver,SYNTHETIC_PUBLIC_SAFE
S-01571,10,20,SITE-011,61.18,ok,silver,SYNTHETIC_PUBLIC_SAFE
S-01572,10,22,SITE-011,41.89,ok,silver,SYNTHETIC_PUBLIC_SAFE
S-01573,10,0,SITE-012,66.08,ok,silver,SYNTHETIC_PUBLIC_SAFE
S-01574,10,2,SITE-012,59.88,ok,silver,SYNTHETIC_PUBLIC_SAFE
S-01575,10,4,SITE-012,63.0,ok,silver,SYNTHETIC_PUBLIC_SAFE
S-01576,10,6,SITE-012,71.38,ok,silver,SYNTHETIC_PUBLIC_SAFE
S-01577,10,8,SITE-012,46.12,ok,silver,SYNTHETIC_PUBLIC_SAFE
S-01578,10,10,SITE-012,89.3,ok,silver,SYNTHETIC_PUBLIC_SAFE
S-01579,10,12,SITE-012,85.78,ok,silver,SYNTHETIC_PUBLIC_SAFE
S-01580,10,14,SITE-012,42.94,ok,silver,SYNTHETIC_PUBLIC_SAFE
S-01581,10,16,SITE-012,76.54,ok,silver,SYNTHETIC_PUBLIC_SAFE
S-01582,10,18,SITE-012,46.14,ok,silver,SYNTHETIC_PUBLIC_SAFE
S-01583,10,20,SITE-012,61.02,ok,silver,SYNTHETIC_PUBLIC_SAFE
S-01584,10,22,SITE-012,56.27,ok,silver,SYNTHETIC_PUBLIC_SAFE
S-01585,11,0,SITE-001,86.0,ok,silver,SYNTHETIC_PUBLIC_SAFE
S-01586,11,2,SITE-001,87.48,ok,silver,SYNTHETIC_PUBLIC_SAFE
S-01587,11,4,SITE-001,64.64,ok,silver,SYNTHETIC_PUBLIC_SAFE
S-01588,11,6,SITE-001,42.63,ok,silver,SYNTHETIC_PUBLIC_SAFE
S-01589,11,8,SITE-001,58.99,ok,silver,SYNTHETIC_PUBLIC_SAFE
S-01590,11,10,SITE-001,90.25,ok,silver,SYNTHETIC_PUBLIC_SAFE
S-01591,11,12,SITE-001,42.81,ok,silver,SYNTHETIC_PUBLIC_SAFE
S-01592,11,14,SITE-001,41.26,ok,silver,SYNTHETIC_PUBLIC_SAFE
S-01593,11,16,SITE-001,60.61,ok,silver,SYNTHETIC_PUBLIC_SAFE
S-01594,11,18,SITE-001,61.88,ok,silver,SYNTHETIC_PUBLIC_SAFE
S-01595,11,20,SITE-001,82.92,ok,silver,SYNTHETIC_PUBLIC_SAFE
S-01596,11,22,SITE-001,87.84,ok,silver,SYNTHETIC_PUBLIC_SAFE
S-01597,11,0,SITE-002,44.6,ok,silver,SYNTHETIC_PUBLIC_SAFE
S-01598,11,2,SITE-002,64.4,ok,silver,SYNTHETIC_PUBLIC_SAFE
S-01599,11,4,SITE-002,82.83,ok,silver,SYNTHETIC_PUBLIC_SAFE
S-01600,11,6,SITE-002,76.37,ok,silver,SYNTHETIC_PUBLIC_SAFE
S-01601,11,8,SITE-002,64.82,ok,silver,SYNTHETIC_PUBLIC_SAFE
S-01602,11,10,SITE-002,79.0,ok,silver,SYNTHETIC_PUBLIC_SAFE
S-01603,11,12,SITE-002,77.05,ok,silver,SYNTHETIC_PUBLIC_SAFE
S-01604,11,14,SITE-002,64.08,ok,silver,SYNTHETIC_PUBLIC_SAFE
S-01605,11,16,SITE-002,58.22,ok,silver,SYNTHETIC_PUBLIC_SAFE
S-01606,11,18,SITE-002,81.85,ok,silver,SYNTHETIC_PUBLIC_SAFE
S-01607,11,20,SITE-002,89.9,ok,silver,SYNTHETIC_PUBLIC_SAFE
S-01608,11,22,SITE-002,78.91,ok,silver,SYNTHETIC_PUBLIC_SAFE
S-01609,11,0,SITE-003,79.23,ok,silver,SYNTHETIC_PUBLIC_SAFE
S-01610,11,2,SITE-003,83.61,ok,silver,SYNTHETIC_PUBLIC_SAFE
S-01611,11,4,SITE-003,71.54,ok,silver,SYNTHETIC_PUBLIC_SAFE
S-01612,11,6,SITE-003,61.04,ok,silver,SYNTHETIC_PUBLIC_SAFE
S-01613,11,8,SITE-003,63.22,ok,silver,SYNTHETIC_PUBLIC_SAFE
S-01614,11,10,SITE-003,85.47,ok,silver,SYNTHETIC_PUBLIC_SAFE
S-01615,11,12,SITE-003,77.74,ok,silver,SYNTHETIC_PUBLIC_SAFE
S-01616,11,14,SITE-003,42.99,ok,silver,SYNTHETIC_PUBLIC_SAFE
S-01617,11,16,SITE-003,72.33,ok,silver,SYNTHETIC_PUBLIC_SAFE
S-01618,11,18,SITE-003,44.23,ok,silver,SYNTHETIC_PUBLIC_SAFE
S-01619,11,20,SITE-003,86.15,ok,silver,SYNTHETIC_PUBLIC_SAFE
S-01620,11,22,SITE-003,93.52,review,silver,SYNTHETIC_PUBLIC_SAFE
S-01621,11,0,SITE-004,56.99,ok,silver,SYNTHETIC_PUBLIC_SAFE
S-01622,11,2,SITE-004,42.3,ok,silver,SYNTHETIC_PUBLIC_SAFE
S-01623,11,4,SITE-004,85.94,ok,silver,SYNTHETIC_PUBLIC_SAFE
S-01624,11,6,SITE-004,78.4,ok,silver,SYNTHETIC_PUBLIC_SAFE
S-01625,11,8,SITE-004,74.53,ok,silver,SYNTHETIC_PUBLIC_SAFE
S-01626,11,10,SITE-004,72.97,ok,silver,SYNTHETIC_PUBLIC_SAFE
S-01627,11,12,SITE-004,77.55,ok,silver,SYNTHETIC_PUBLIC_SAFE
S-01628,11,14,SITE-004,55.9,ok,silver,SYNTHETIC_PUBLIC_SAFE
S-01629,11,16,SITE-004,76.02,ok,silver,SYNTHETIC_PUBLIC_SAFE
S-01630,11,18,SITE-004,50.06,ok,silver,SYNTHETIC_PUBLIC_SAFE
S-01631,11,20,SITE-004,76.49,ok,silver,SYNTHETIC_PUBLIC_SAFE
S-01632,11,22,SITE-004,40.31,ok,silver,SYNTHETIC_PUBLIC_SAFE
S-01633,11,0,SITE-005,45.45,ok,silver,SYNTHETIC_PUBLIC_SAFE
S-01634,11,2,SITE-005,42.63,ok,silver,SYNTHETIC_PUBLIC_SAFE
S-01635,11,4,SITE-005,86.76,ok,silver,SYNTHETIC_PUBLIC_SAFE
S-01636,11,6,SITE-005,53.35,ok,silver,SYNTHETIC_PUBLIC_SAFE
S-01637,11,8,SITE-005,52.73,ok,silver,SYNTHETIC_PUBLIC_SAFE
S-01638,11,10,SITE-005,73.43,ok,silver,SYNTHETIC_PUBLIC_SAFE
S-01639,11,12,SITE-005,81.42,ok,silver,SYNTHETIC_PUBLIC_SAFE
S-01640,11,14,SITE-005,60.51,ok,silver,SYNTHETIC_PUBLIC_SAFE
S-01641,11,16,SITE-005,40.05,ok,silver,SYNTHETIC_PUBLIC_SAFE
S-01642,11,18,SITE-005,42.52,ok,silver,SYNTHETIC_PUBLIC_SAFE
S-01643,11,20,SITE-005,40.76,ok,silver,SYNTHETIC_PUBLIC_SAFE
S-01644,11,22,SITE-005,64.67,ok,silver,SYNTHETIC_PUBLIC_SAFE
S-01645,11,0,SITE-006,51.68,ok,silver,SYNTHETIC_PUBLIC_SAFE
S-01646,11,2,SITE-006,72.45,ok,silver,SYNTHETIC_PUBLIC_SAFE
S-01647,11,4,SITE-006,41.26,ok,silver,SYNTHETIC_PUBLIC_SAFE
S-01648,11,6,SITE-006,41.44,ok,silver,SYNTHETIC_PUBLIC_SAFE
S-01649,11,8,SITE-006,45.24,ok,silver,SYNTHETIC_PUBLIC_SAFE
S-01650,11,10,SITE-006,89.73,ok,silver,SYNTHETIC_PUBLIC_SAFE
S-01651,11,12,SITE-006,46.22,ok,silver,SYNTHETIC_PUBLIC_SAFE
S-01652,11,14,SITE-006,65.76,ok,silver,SYNTHETIC_PUBLIC_SAFE
S-01653,11,16,SITE-006,93.9,review,silver,SYNTHETIC_PUBLIC_SAFE
S-01654,11,18,SITE-006,74.18,ok,silver,SYNTHETIC_PUBLIC_SAFE
S-01655,11,20,SITE-006,56.08,ok,silver,SYNTHETIC_PUBLIC_SAFE
S-01656,11,22,SITE-006,40.55,ok,silver,SYNTHETIC_PUBLIC_SAFE
S-01657,11,0,SITE-007,84.54,ok,silver,SYNTHETIC_PUBLIC_SAFE
S-01658,11,2,SITE-007,79.88,ok,silver,SYNTHETIC_PUBLIC_SAFE
S-01659,11,4,SITE-007,74.22,ok,silver,SYNTHETIC_PUBLIC_SAFE
S-01660,11,6,SITE-007,45.12,ok,silver,SYNTHETIC_PUBLIC_SAFE
S-01661,11,8,SITE-007,69.98,ok,silver,SYNTHETIC_PUBLIC_SAFE
S-01662,11,10,SITE-007,42.5,ok,silver,SYNTHETIC_PUBLIC_SAFE
S-01663,11,12,SITE-007,49.06,ok,silver,SYNTHETIC_PUBLIC_SAFE
S-01664,11,14,SITE-007,55.55,ok,silver,SYNTHETIC_PUBLIC_SAFE
S-01665,11,16,SITE-007,50.88,ok,silver,SYNTHETIC_PUBLIC_SAFE
S-01666,11,18,SITE-007,39.77,ok,silver,SYNTHETIC_PUBLIC_SAFE
S-01667,11,20,SITE-007,68.28,ok,silver,SYNTHETIC_PUBLIC_SAFE
S-01668,11,22,SITE-007,63.07,ok,silver,SYNTHETIC_PUBLIC_SAFE
S-01669,11,0,SITE-008,90.46,ok,silver,SYNTHETIC_PUBLIC_SAFE
S-01670,11,2,SITE-008,86.66,ok,silver,SYNTHETIC_PUBLIC_SAFE
S-01671,11,4,SITE-008,60.26,ok,silver,SYNTHETIC_PUBLIC_SAFE
S-01672,11,6,SITE-008,56.89,ok,silver,SYNTHETIC_PUBLIC_SAFE
S-01673,11,8,SITE-008,78.57,ok,silver,SYNTHETIC_PUBLIC_SAFE
S-01674,11,10,SITE-008,68.41,ok,silver,SYNTHETIC_PUBLIC_SAFE
S-01675,11,12,SITE-008,71.42,ok,silver,SYNTHETIC_PUBLIC_SAFE
S-01676,11,14,SITE-008,71.78,ok,silver,SYNTHETIC_PUBLIC_SAFE
S-01677,11,16,SITE-008,60.12,ok,silver,SYNTHETIC_PUBLIC_SAFE
S-01678,11,18,SITE-008,84.84,ok,silver,SYNTHETIC_PUBLIC_SAFE
S-01679,11,20,SITE-008,78.66,ok,silver,SYNTHETIC_PUBLIC_SAFE
S-01680,11,22,SITE-008,82.1,ok,silver,SYNTHETIC_PUBLIC_SAFE
S-01681,11,0,SITE-009,40.39,ok,silver,SYNTHETIC_PUBLIC_SAFE
S-01682,11,2,SITE-009,71.77,ok,silver,SYNTHETIC_PUBLIC_SAFE
S-01683,11,4,SITE-009,45.57,ok,silver,SYNTHETIC_PUBLIC_SAFE
S-01684,11,6,SITE-009,62.66,ok,silver,SYNTHETIC_PUBLIC_SAFE
S-01685,11,8,SITE-009,90.51,ok,silver,SYNTHETIC_PUBLIC_SAFE
S-01686,11,10,SITE-009,64.69,ok,silver,SYNTHETIC_PUBLIC_SAFE
S-01687,11,12,SITE-009,64.51,ok,silver,SYNTHETIC_PUBLIC_SAFE
S-01688,11,14,SITE-009,41.82,ok,silver,SYNTHETIC_PUBLIC_SAFE
S-01689,11,16,SITE-009,86.49,ok,silver,SYNTHETIC_PUBLIC_SAFE
S-01690,11,18,SITE-009,40.19,ok,silver,SYNTHETIC_PUBLIC_SAFE
S-01691,11,20,SITE-009,87.51,ok,silver,SYNTHETIC_PUBLIC_SAFE
S-01692,11,22,SITE-009,70.34,ok,silver,SYNTHETIC_PUBLIC_SAFE
S-01693,11,0,SITE-010,51.01,ok,silver,SYNTHETIC_PUBLIC_SAFE
S-01694,11,2,SITE-010,57.88,ok,silver,SYNTHETIC_PUBLIC_SAFE
S-01695,11,4,SITE-010,49.73,ok,silver,SYNTHETIC_PUBLIC_SAFE
S-01696,11,6,SITE-010,47.25,ok,silver,SYNTHETIC_PUBLIC_SAFE
S-01697,11,8,SITE-010,61.16,ok,silver,SYNTHETIC_PUBLIC_SAFE
S-01698,11,10,SITE-010,71.26,ok,silver,SYNTHETIC_PUBLIC_SAFE
S-01699,11,12,SITE-010,91.04,ok,silver,SYNTHETIC_PUBLIC_SAFE
S-01700,11,14,SITE-010,63.69,ok,silver,SYNTHETIC_PUBLIC_SAFE
S-01701,11,16,SITE-010,95.19,review,silver,SYNTHETIC_PUBLIC_SAFE
S-01702,11,18,SITE-010,68.7,ok,silver,SYNTHETIC_PUBLIC_SAFE
S-01703,11,20,SITE-010,59.57,ok,silver,SYNTHETIC_PUBLIC_SAFE
S-01704,11,22,SITE-010,83.74,ok,silver,SYNTHETIC_PUBLIC_SAFE
S-01705,11,0,SITE-011,49.59,ok,silver,SYNTHETIC_PUBLIC_SAFE
S-01706,11,2,SITE-011,58.7,ok,silver,SYNTHETIC_PUBLIC_SAFE
S-01707,11,4,SITE-011,56.54,ok,silver,SYNTHETIC_PUBLIC_SAFE
S-01708,11,6,SITE-011,94.25,review,silver,SYNTHETIC_PUBLIC_SAFE
S-01709,11,8,SITE-011,56.68,ok,silver,SYNTHETIC_PUBLIC_SAFE
S-01710,11,10,SITE-011,82.5,ok,silver,SYNTHETIC_PUBLIC_SAFE
S-01711,11,12,SITE-011,48.93,ok,silver,SYNTHETIC_PUBLIC_SAFE
S-01712,11,14,SITE-011,53.82,ok,silver,SYNTHETIC_PUBLIC_SAFE
S-01713,11,16,SITE-011,90.02,ok,silver,SYNTHETIC_PUBLIC_SAFE
S-01714,11,18,SITE-011,59.08,ok,silver,SYNTHETIC_PUBLIC_SAFE
S-01715,11,20,SITE-011,92.18,review,silver,SYNTHETIC_PUBLIC_SAFE
S-01716,11,22,SITE-011,52.34,ok,silver,SYNTHETIC_PUBLIC_SAFE
S-01717,11,0,SITE-012,63.12,ok,silver,SYNTHETIC_PUBLIC_SAFE
S-01718,11,2,SITE-012,77.52,ok,silver,SYNTHETIC_PUBLIC_SAFE
S-01719,11,4,SITE-012,95.42,review,silver,SYNTHETIC_PUBLIC_SAFE
S-01720,11,6,SITE-012,47.32,ok,silver,SYNTHETIC_PUBLIC_SAFE
S-01721,11,8,SITE-012,58.17,ok,silver,SYNTHETIC_PUBLIC_SAFE
S-01722,11,10,SITE-012,91.84,ok,silver,SYNTHETIC_PUBLIC_SAFE
S-01723,11,12,SITE-012,67.89,ok,silver,SYNTHETIC_PUBLIC_SAFE
S-01724,11,14,SITE-012,55.25,ok,silver,SYNTHETIC_PUBLIC_SAFE
S-01725,11,16,SITE-012,90.65,ok,silver,SYNTHETIC_PUBLIC_SAFE
S-01726,11,18,SITE-012,93.55,review,silver,SYNTHETIC_PUBLIC_SAFE
S-01727,11,20,SITE-012,78.18,ok,silver,SYNTHETIC_PUBLIC_SAFE
S-01728,11,22,SITE-012,91.8,ok,silver,SYNTHETIC_PUBLIC_SAFE
S-01729,12,0,SITE-001,54.61,ok,silver,SYNTHETIC_PUBLIC_SAFE
S-01730,12,2,SITE-001,72.42,ok,silver,SYNTHETIC_PUBLIC_SAFE
S-01731,12,4,SITE-001,41.17,ok,silver,SYNTHETIC_PUBLIC_SAFE
S-01732,12,6,SITE-001,41.65,ok,silver,SYNTHETIC_PUBLIC_SAFE
S-01733,12,8,SITE-001,80.04,ok,silver,SYNTHETIC_PUBLIC_SAFE
S-01734,12,10,SITE-001,66.2,ok,silver,SYNTHETIC_PUBLIC_SAFE
S-01735,12,12,SITE-001,68.39,ok,silver,SYNTHETIC_PUBLIC_SAFE
S-01736,12,14,SITE-001,83.57,ok,silver,SYNTHETIC_PUBLIC_SAFE
S-01737,12,16,SITE-001,47.36,ok,silver,SYNTHETIC_PUBLIC_SAFE
S-01738,12,18,SITE-001,71.63,ok,silver,SYNTHETIC_PUBLIC_SAFE
S-01739,12,20,SITE-001,86.54,ok,silver,SYNTHETIC_PUBLIC_SAFE
S-01740,12,22,SITE-001,60.14,ok,silver,SYNTHETIC_PUBLIC_SAFE
S-01741,12,0,SITE-002,60.65,ok,silver,SYNTHETIC_PUBLIC_SAFE
S-01742,12,2,SITE-002,70.36,ok,silver,SYNTHETIC_PUBLIC_SAFE
S-01743,12,4,SITE-002,89.05,ok,silver,SYNTHETIC_PUBLIC_SAFE
S-01744,12,6,SITE-002,87.44,ok,silver,SYNTHETIC_PUBLIC_SAFE
S-01745,12,8,SITE-002,92.84,review,silver,SYNTHETIC_PUBLIC_SAFE
S-01746,12,10,SITE-002,72.46,ok,silver,SYNTHETIC_PUBLIC_SAFE
S-01747,12,12,SITE-002,41.23,ok,silver,SYNTHETIC_PUBLIC_SAFE
S-01748,12,14,SITE-002,51.25,ok,silver,SYNTHETIC_PUBLIC_SAFE
S-01749,12,16,SITE-002,84.98,ok,silver,SYNTHETIC_PUBLIC_SAFE
S-01750,12,18,SITE-002,73.59,ok,silver,SYNTHETIC_PUBLIC_SAFE
S-01751,12,20,SITE-002,47.47,ok,silver,SYNTHETIC_PUBLIC_SAFE
S-01752,12,22,SITE-002,77.63,ok,silver,SYNTHETIC_PUBLIC_SAFE
S-01753,12,0,SITE-003,75.45,ok,silver,SYNTHETIC_PUBLIC_SAFE
S-01754,12,2,SITE-003,81.05,ok,silver,SYNTHETIC_PUBLIC_SAFE
S-01755,12,4,SITE-003,79.52,ok,silver,SYNTHETIC_PUBLIC_SAFE
S-01756,12,6,SITE-003,56.16,ok,silver,SYNTHETIC_PUBLIC_SAFE
S-01757,12,8,SITE-003,52.62,ok,silver,SYNTHETIC_PUBLIC_SAFE
S-01758,12,10,SITE-003,75.8,ok,silver,SYNTHETIC_PUBLIC_SAFE
S-01759,12,12,SITE-003,46.15,ok,silver,SYNTHETIC_PUBLIC_SAFE
S-01760,12,14,SITE-003,52.14,ok,silver,SYNTHETIC_PUBLIC_SAFE
S-01761,12,16,SITE-003,76.23,ok,silver,SYNTHETIC_PUBLIC_SAFE
S-01762,12,18,SITE-003,72.49,ok,silver,SYNTHETIC_PUBLIC_SAFE
S-01763,12,20,SITE-003,78.83,ok,silver,SYNTHETIC_PUBLIC_SAFE
S-01764,12,22,SITE-003,85.35,ok,silver,SYNTHETIC_PUBLIC_SAFE
S-01765,12,0,SITE-004,54.48,ok,silver,SYNTHETIC_PUBLIC_SAFE
S-01766,12,2,SITE-004,63.57,ok,silver,SYNTHETIC_PUBLIC_SAFE
S-01767,12,4,SITE-004,90.14,ok,silver,SYNTHETIC_PUBLIC_SAFE
S-01768,12,6,SITE-004,60.77,ok,silver,SYNTHETIC_PUBLIC_SAFE
S-01769,12,8,SITE-004,53.54,ok,silver,SYNTHETIC_PUBLIC_SAFE
S-01770,12,10,SITE-004,68.53,ok,silver,SYNTHETIC_PUBLIC_SAFE
S-01771,12,12,SITE-004,93.65,review,silver,SYNTHETIC_PUBLIC_SAFE
S-01772,12,14,SITE-004,62.16,ok,silver,SYNTHETIC_PUBLIC_SAFE
S-01773,12,16,SITE-004,53.25,ok,silver,SYNTHETIC_PUBLIC_SAFE
S-01774,12,18,SITE-004,76.86,ok,silver,SYNTHETIC_PUBLIC_SAFE
S-01775,12,20,SITE-004,70.92,ok,silver,SYNTHETIC_PUBLIC_SAFE
S-01776,12,22,SITE-004,55.25,ok,silver,SYNTHETIC_PUBLIC_SAFE
S-01777,12,0,SITE-005,59.49,ok,silver,SYNTHETIC_PUBLIC_SAFE
S-01778,12,2,SITE-005,43.91,ok,silver,SYNTHETIC_PUBLIC_SAFE
S-01779,12,4,SITE-005,49.85,ok,silver,SYNTHETIC_PUBLIC_SAFE
S-01780,12,6,SITE-005,86.21,ok,silver,SYNTHETIC_PUBLIC_SAFE
S-01781,12,8,SITE-005,93.26,review,silver,SYNTHETIC_PUBLIC_SAFE
S-01782,12,10,SITE-005,76.61,ok,silver,SYNTHETIC_PUBLIC_SAFE
S-01783,12,12,SITE-005,55.86,ok,silver,SYNTHETIC_PUBLIC_SAFE
S-01784,12,14,SITE-005,51.24,ok,silver,SYNTHETIC_PUBLIC_SAFE
S-01785,12,16,SITE-005,85.26,ok,silver,SYNTHETIC_PUBLIC_SAFE
S-01786,12,18,SITE-005,41.43,ok,silver,SYNTHETIC_PUBLIC_SAFE
S-01787,12,20,SITE-005,87.54,ok,silver,SYNTHETIC_PUBLIC_SAFE
S-01788,12,22,SITE-005,42.5,ok,silver,SYNTHETIC_PUBLIC_SAFE
S-01789,12,0,SITE-006,85.16,ok,silver,SYNTHETIC_PUBLIC_SAFE
S-01790,12,2,SITE-006,91.28,ok,silver,SYNTHETIC_PUBLIC_SAFE
S-01791,12,4,SITE-006,55.17,ok,silver,SYNTHETIC_PUBLIC_SAFE
S-01792,12,6,SITE-006,72.76,ok,silver,SYNTHETIC_PUBLIC_SAFE
S-01793,12,8,SITE-006,53.57,ok,silver,SYNTHETIC_PUBLIC_SAFE
S-01794,12,10,SITE-006,80.35,ok,silver,SYNTHETIC_PUBLIC_SAFE
S-01795,12,12,SITE-006,77.03,ok,silver,SYNTHETIC_PUBLIC_SAFE
S-01796,12,14,SITE-006,71.91,ok,silver,SYNTHETIC_PUBLIC_SAFE
S-01797,12,16,SITE-006,40.98,ok,silver,SYNTHETIC_PUBLIC_SAFE
S-01798,12,18,SITE-006,53.24,ok,silver,SYNTHETIC_PUBLIC_SAFE
S-01799,12,20,SITE-006,75.29,ok,silver,SYNTHETIC_PUBLIC_SAFE
S-01800,12,22,SITE-006,82.01,ok,silver,SYNTHETIC_PUBLIC_SAFE
S-01801,12,0,SITE-007,46.39,ok,silver,SYNTHETIC_PUBLIC_SAFE
S-01802,12,2,SITE-007,71.31,ok,silver,SYNTHETIC_PUBLIC_SAFE
S-01803,12,4,SITE-007,93.35,review,silver,SYNTHETIC_PUBLIC_SAFE
S-01804,12,6,SITE-007,83.7,ok,silver,SYNTHETIC_PUBLIC_SAFE
S-01805,12,8,SITE-007,62.83,ok,silver,SYNTHETIC_PUBLIC_SAFE
S-01806,12,10,SITE-007,66.11,ok,silver,SYNTHETIC_PUBLIC_SAFE
S-01807,12,12,SITE-007,78.29,ok,silver,SYNTHETIC_PUBLIC_SAFE
S-01808,12,14,SITE-007,80.5,ok,silver,SYNTHETIC_PUBLIC_SAFE
S-01809,12,16,SITE-007,86.79,ok,silver,SYNTHETIC_PUBLIC_SAFE
S-01810,12,18,SITE-007,55.51,ok,silver,SYNTHETIC_PUBLIC_SAFE
S-01811,12,20,SITE-007,92.38,review,silver,SYNTHETIC_PUBLIC_SAFE
S-01812,12,22,SITE-007,88.91,ok,silver,SYNTHETIC_PUBLIC_SAFE
S-01813,12,0,SITE-008,73.15,ok,silver,SYNTHETIC_PUBLIC_SAFE
S-01814,12,2,SITE-008,61.19,ok,silver,SYNTHETIC_PUBLIC_SAFE
S-01815,12,4,SITE-008,61.05,ok,silver,SYNTHETIC_PUBLIC_SAFE
S-01816,12,6,SITE-008,57.22,ok,silver,SYNTHETIC_PUBLIC_SAFE
S-01817,12,8,SITE-008,85.25,ok,silver,SYNTHETIC_PUBLIC_SAFE
S-01818,12,10,SITE-008,53.72,ok,silver,SYNTHETIC_PUBLIC_SAFE
S-01819,12,12,SITE-008,86.2,ok,silver,SYNTHETIC_PUBLIC_SAFE
S-01820,12,14,SITE-008,47.16,ok,silver,SYNTHETIC_PUBLIC_SAFE
S-01821,12,16,SITE-008,54.55,ok,silver,SYNTHETIC_PUBLIC_SAFE
S-01822,12,18,SITE-008,74.43,ok,silver,SYNTHETIC_PUBLIC_SAFE
S-01823,12,20,SITE-008,63.75,ok,silver,SYNTHETIC_PUBLIC_SAFE
S-01824,12,22,SITE-008,85.14,ok,silver,SYNTHETIC_PUBLIC_SAFE
S-01825,12,0,SITE-009,77.82,ok,silver,SYNTHETIC_PUBLIC_SAFE
S-01826,12,2,SITE-009,41.82,ok,silver,SYNTHETIC_PUBLIC_SAFE
S-01827,12,4,SITE-009,73.36,ok,silver,SYNTHETIC_PUBLIC_SAFE
S-01828,12,6,SITE-009,40.26,ok,silver,SYNTHETIC_PUBLIC_SAFE
S-01829,12,8,SITE-009,79.12,ok,silver,SYNTHETIC_PUBLIC_SAFE
S-01830,12,10,SITE-009,57.48,ok,silver,SYNTHETIC_PUBLIC_SAFE
S-01831,12,12,SITE-009,88.9,ok,silver,SYNTHETIC_PUBLIC_SAFE
S-01832,12,14,SITE-009,55.45,ok,silver,SYNTHETIC_PUBLIC_SAFE
S-01833,12,16,SITE-009,52.25,ok,silver,SYNTHETIC_PUBLIC_SAFE
S-01834,12,18,SITE-009,52.93,ok,silver,SYNTHETIC_PUBLIC_SAFE
S-01835,12,20,SITE-009,84.62,ok,silver,SYNTHETIC_PUBLIC_SAFE
S-01836,12,22,SITE-009,74.45,ok,silver,SYNTHETIC_PUBLIC_SAFE
S-01837,12,0,SITE-010,92.73,review,silver,SYNTHETIC_PUBLIC_SAFE
S-01838,12,2,SITE-010,87.07,ok,silver,SYNTHETIC_PUBLIC_SAFE
S-01839,12,4,SITE-010,44.32,ok,silver,SYNTHETIC_PUBLIC_SAFE
S-01840,12,6,SITE-010,79.33,ok,silver,SYNTHETIC_PUBLIC_SAFE
S-01841,12,8,SITE-010,67.16,ok,silver,SYNTHETIC_PUBLIC_SAFE
S-01842,12,10,SITE-010,51.49,ok,silver,SYNTHETIC_PUBLIC_SAFE
S-01843,12,12,SITE-010,89.4,ok,silver,SYNTHETIC_PUBLIC_SAFE
S-01844,12,14,SITE-010,51.59,ok,silver,SYNTHETIC_PUBLIC_SAFE
S-01845,12,16,SITE-010,78.65,ok,silver,SYNTHETIC_PUBLIC_SAFE
S-01846,12,18,SITE-010,101.41,review,silver,SYNTHETIC_PUBLIC_SAFE
S-01847,12,20,SITE-010,72.71,ok,silver,SYNTHETIC_PUBLIC_SAFE
S-01848,12,22,SITE-010,72.24,ok,silver,SYNTHETIC_PUBLIC_SAFE
S-01849,12,0,SITE-011,76.54,ok,silver,SYNTHETIC_PUBLIC_SAFE
S-01850,12,2,SITE-011,72.66,ok,silver,SYNTHETIC_PUBLIC_SAFE
S-01851,12,4,SITE-011,79.81,ok,silver,SYNTHETIC_PUBLIC_SAFE
S-01852,12,6,SITE-011,62.59,ok,silver,SYNTHETIC_PUBLIC_SAFE
S-01853,12,8,SITE-011,56.65,ok,silver,SYNTHETIC_PUBLIC_SAFE
S-01854,12,10,SITE-011,51.01,ok,silver,SYNTHETIC_PUBLIC_SAFE
S-01855,12,12,SITE-011,50.73,ok,silver,SYNTHETIC_PUBLIC_SAFE
S-01856,12,14,SITE-011,64.68,ok,silver,SYNTHETIC_PUBLIC_SAFE
S-01857,12,16,SITE-011,70.83,ok,silver,SYNTHETIC_PUBLIC_SAFE
S-01858,12,18,SITE-011,41.91,ok,silver,SYNTHETIC_PUBLIC_SAFE
S-01859,12,20,SITE-011,86.12,ok,silver,SYNTHETIC_PUBLIC_SAFE
S-01860,12,22,SITE-011,53.64,ok,silver,SYNTHETIC_PUBLIC_SAFE
S-01861,12,0,SITE-012,48.11,ok,silver,SYNTHETIC_PUBLIC_SAFE
S-01862,12,2,SITE-012,57.03,ok,silver,SYNTHETIC_PUBLIC_SAFE
S-01863,12,4,SITE-012,91.86,ok,silver,SYNTHETIC_PUBLIC_SAFE
S-01864,12,6,SITE-012,39.58,ok,silver,SYNTHETIC_PUBLIC_SAFE
S-01865,12,8,SITE-012,70.94,ok,silver,SYNTHETIC_PUBLIC_SAFE
S-01866,12,10,SITE-012,63.98,ok,silver,SYNTHETIC_PUBLIC_SAFE
S-01867,12,12,SITE-012,53.71,ok,silver,SYNTHETIC_PUBLIC_SAFE
S-01868,12,14,SITE-012,47.79,ok,silver,SYNTHETIC_PUBLIC_SAFE
S-01869,12,16,SITE-012,53.16,ok,silver,SYNTHETIC_PUBLIC_SAFE
S-01870,12,18,SITE-012,77.44,ok,silver,SYNTHETIC_PUBLIC_SAFE
S-01871,12,20,SITE-012,64.2,ok,silver,SYNTHETIC_PUBLIC_SAFE
S-01872,12,22,SITE-012,51.78,ok,silver,SYNTHETIC_PUBLIC_SAFE
S-01873,13,0,SITE-001,69.98,ok,silver,SYNTHETIC_PUBLIC_SAFE
S-01874,13,2,SITE-001,40.67,ok,silver,SYNTHETIC_PUBLIC_SAFE
S-01875,13,4,SITE-001,50.19,ok,silver,SYNTHETIC_PUBLIC_SAFE
S-01876,13,6,SITE-001,66.81,ok,silver,SYNTHETIC_PUBLIC_SAFE
S-01877,13,8,SITE-001,48.51,ok,silver,SYNTHETIC_PUBLIC_SAFE
S-01878,13,10,SITE-001,69.64,ok,silver,SYNTHETIC_PUBLIC_SAFE
S-01879,13,12,SITE-001,50.24,ok,silver,SYNTHETIC_PUBLIC_SAFE
S-01880,13,14,SITE-001,81.85,ok,silver,SYNTHETIC_PUBLIC_SAFE
S-01881,13,16,SITE-001,79.41,ok,silver,SYNTHETIC_PUBLIC_SAFE
S-01882,13,18,SITE-001,48.1,ok,silver,SYNTHETIC_PUBLIC_SAFE
S-01883,13,20,SITE-001,73.09,ok,silver,SYNTHETIC_PUBLIC_SAFE
S-01884,13,22,SITE-001,55.52,ok,silver,SYNTHETIC_PUBLIC_SAFE
S-01885,13,0,SITE-002,72.45,ok,silver,SYNTHETIC_PUBLIC_SAFE
S-01886,13,2,SITE-002,68.95,ok,silver,SYNTHETIC_PUBLIC_SAFE
S-01887,13,4,SITE-002,57.65,ok,silver,SYNTHETIC_PUBLIC_SAFE
S-01888,13,6,SITE-002,91.56,ok,silver,SYNTHETIC_PUBLIC_SAFE
S-01889,13,8,SITE-002,52.43,ok,silver,SYNTHETIC_PUBLIC_SAFE
S-01890,13,10,SITE-002,41.79,ok,silver,SYNTHETIC_PUBLIC_SAFE
S-01891,13,12,SITE-002,42.74,ok,silver,SYNTHETIC_PUBLIC_SAFE
S-01892,13,14,SITE-002,74.99,ok,silver,SYNTHETIC_PUBLIC_SAFE
S-01893,13,16,SITE-002,55.63,ok,silver,SYNTHETIC_PUBLIC_SAFE
S-01894,13,18,SITE-002,71.75,ok,silver,SYNTHETIC_PUBLIC_SAFE
S-01895,13,20,SITE-002,93.33,review,silver,SYNTHETIC_PUBLIC_SAFE
S-01896,13,22,SITE-002,39.86,ok,silver,SYNTHETIC_PUBLIC_SAFE
S-01897,13,0,SITE-003,52.06,ok,silver,SYNTHETIC_PUBLIC_SAFE
S-01898,13,2,SITE-003,42.08,ok,silver,SYNTHETIC_PUBLIC_SAFE
S-01899,13,4,SITE-003,77.1,ok,silver,SYNTHETIC_PUBLIC_SAFE
S-01900,13,6,SITE-003,45.78,ok,silver,SYNTHETIC_PUBLIC_SAFE
S-01901,13,8,SITE-003,90.64,ok,silver,SYNTHETIC_PUBLIC_SAFE
S-01902,13,10,SITE-003,59.8,ok,silver,SYNTHETIC_PUBLIC_SAFE
S-01903,13,12,SITE-003,84.96,ok,silver,SYNTHETIC_PUBLIC_SAFE
S-01904,13,14,SITE-003,43.24,ok,silver,SYNTHETIC_PUBLIC_SAFE
S-01905,13,16,SITE-003,65.11,ok,silver,SYNTHETIC_PUBLIC_SAFE
S-01906,13,18,SITE-003,62.25,ok,silver,SYNTHETIC_PUBLIC_SAFE
S-01907,13,20,SITE-003,70.1,ok,silver,SYNTHETIC_PUBLIC_SAFE
S-01908,13,22,SITE-003,52.05,ok,silver,SYNTHETIC_PUBLIC_SAFE
S-01909,13,0,SITE-004,67.43,ok,silver,SYNTHETIC_PUBLIC_SAFE
S-01910,13,2,SITE-004,85.61,ok,silver,SYNTHETIC_PUBLIC_SAFE
S-01911,13,4,SITE-004,48.67,ok,silver,SYNTHETIC_PUBLIC_SAFE
S-01912,13,6,SITE-004,48.43,ok,silver,SYNTHETIC_PUBLIC_SAFE
S-01913,13,8,SITE-004,60.72,ok,silver,SYNTHETIC_PUBLIC_SAFE
S-01914,13,10,SITE-004,68.79,ok,silver,SYNTHETIC_PUBLIC_SAFE
S-01915,13,12,SITE-004,73.05,ok,silver,SYNTHETIC_PUBLIC_SAFE
S-01916,13,14,SITE-004,56.64,ok,silver,SYNTHETIC_PUBLIC_SAFE
S-01917,13,16,SITE-004,52.15,ok,silver,SYNTHETIC_PUBLIC_SAFE
S-01918,13,18,SITE-004,57.85,ok,silver,SYNTHETIC_PUBLIC_SAFE
S-01919,13,20,SITE-004,85.07,ok,silver,SYNTHETIC_PUBLIC_SAFE
S-01920,13,22,SITE-004,77.56,ok,silver,SYNTHETIC_PUBLIC_SAFE
S-01921,13,0,SITE-005,90.32,ok,silver,SYNTHETIC_PUBLIC_SAFE
S-01922,13,2,SITE-005,49.53,ok,silver,SYNTHETIC_PUBLIC_SAFE
S-01923,13,4,SITE-005,55.67,ok,silver,SYNTHETIC_PUBLIC_SAFE
S-01924,13,6,SITE-005,69.88,ok,silver,SYNTHETIC_PUBLIC_SAFE
S-01925,13,8,SITE-005,68.48,ok,silver,SYNTHETIC_PUBLIC_SAFE
S-01926,13,10,SITE-005,75.42,ok,silver,SYNTHETIC_PUBLIC_SAFE
S-01927,13,12,SITE-005,59.95,ok,silver,SYNTHETIC_PUBLIC_SAFE
S-01928,13,14,SITE-005,58.43,ok,silver,SYNTHETIC_PUBLIC_SAFE
S-01929,13,16,SITE-005,54.52,ok,silver,SYNTHETIC_PUBLIC_SAFE
S-01930,13,18,SITE-005,52.84,ok,silver,SYNTHETIC_PUBLIC_SAFE
S-01931,13,20,SITE-005,81.46,ok,silver,SYNTHETIC_PUBLIC_SAFE
S-01932,13,22,SITE-005,55.44,ok,silver,SYNTHETIC_PUBLIC_SAFE
S-01933,13,0,SITE-006,67.45,ok,silver,SYNTHETIC_PUBLIC_SAFE
S-01934,13,2,SITE-006,79.47,ok,silver,SYNTHETIC_PUBLIC_SAFE
S-01935,13,4,SITE-006,65.91,ok,silver,SYNTHETIC_PUBLIC_SAFE
S-01936,13,6,SITE-006,41.75,ok,silver,SYNTHETIC_PUBLIC_SAFE
S-01937,13,8,SITE-006,85.03,ok,silver,SYNTHETIC_PUBLIC_SAFE
S-01938,13,10,SITE-006,53.46,ok,silver,SYNTHETIC_PUBLIC_SAFE
S-01939,13,12,SITE-006,54.03,ok,silver,SYNTHETIC_PUBLIC_SAFE
S-01940,13,14,SITE-006,65.25,ok,silver,SYNTHETIC_PUBLIC_SAFE
S-01941,13,16,SITE-006,47.79,ok,silver,SYNTHETIC_PUBLIC_SAFE
S-01942,13,18,SITE-006,75.3,ok,silver,SYNTHETIC_PUBLIC_SAFE
S-01943,13,20,SITE-006,57.76,ok,silver,SYNTHETIC_PUBLIC_SAFE
S-01944,13,22,SITE-006,89.66,ok,silver,SYNTHETIC_PUBLIC_SAFE
S-01945,13,0,SITE-007,53.65,ok,silver,SYNTHETIC_PUBLIC_SAFE
S-01946,13,2,SITE-007,67.68,ok,silver,SYNTHETIC_PUBLIC_SAFE
S-01947,13,4,SITE-007,46.58,ok,silver,SYNTHETIC_PUBLIC_SAFE
S-01948,13,6,SITE-007,62.08,ok,silver,SYNTHETIC_PUBLIC_SAFE
S-01949,13,8,SITE-007,87.1,ok,silver,SYNTHETIC_PUBLIC_SAFE
S-01950,13,10,SITE-007,44.74,ok,silver,SYNTHETIC_PUBLIC_SAFE
S-01951,13,12,SITE-007,78.62,ok,silver,SYNTHETIC_PUBLIC_SAFE
S-01952,13,14,SITE-007,65.54,ok,silver,SYNTHETIC_PUBLIC_SAFE
S-01953,13,16,SITE-007,83.3,ok,silver,SYNTHETIC_PUBLIC_SAFE
S-01954,13,18,SITE-007,40.97,ok,silver,SYNTHETIC_PUBLIC_SAFE
S-01955,13,20,SITE-007,55.17,ok,silver,SYNTHETIC_PUBLIC_SAFE
S-01956,13,22,SITE-007,48.39,ok,silver,SYNTHETIC_PUBLIC_SAFE
S-01957,13,0,SITE-008,46.45,ok,silver,SYNTHETIC_PUBLIC_SAFE
S-01958,13,2,SITE-008,40.4,ok,silver,SYNTHETIC_PUBLIC_SAFE
S-01959,13,4,SITE-008,45.31,ok,silver,SYNTHETIC_PUBLIC_SAFE
S-01960,13,6,SITE-008,71.37,ok,silver,SYNTHETIC_PUBLIC_SAFE
S-01961,13,8,SITE-008,52.51,ok,silver,SYNTHETIC_PUBLIC_SAFE
S-01962,13,10,SITE-008,70.04,ok,silver,SYNTHETIC_PUBLIC_SAFE
S-01963,13,12,SITE-008,53.33,ok,silver,SYNTHETIC_PUBLIC_SAFE
S-01964,13,14,SITE-008,79.07,ok,silver,SYNTHETIC_PUBLIC_SAFE
S-01965,13,16,SITE-008,83.7,ok,silver,SYNTHETIC_PUBLIC_SAFE
S-01966,13,18,SITE-008,76.64,ok,silver,SYNTHETIC_PUBLIC_SAFE
S-01967,13,20,SITE-008,80.99,ok,silver,SYNTHETIC_PUBLIC_SAFE
S-01968,13,22,SITE-008,41.41,ok,silver,SYNTHETIC_PUBLIC_SAFE
S-01969,13,0,SITE-009,82.01,ok,silver,SYNTHETIC_PUBLIC_SAFE
S-01970,13,2,SITE-009,77.54,ok,silver,SYNTHETIC_PUBLIC_SAFE
S-01971,13,4,SITE-009,45.66,ok,silver,SYNTHETIC_PUBLIC_SAFE
S-01972,13,6,SITE-009,44.56,ok,silver,SYNTHETIC_PUBLIC_SAFE
S-01973,13,8,SITE-009,69.0,ok,silver,SYNTHETIC_PUBLIC_SAFE
S-01974,13,10,SITE-009,42.77,ok,silver,SYNTHETIC_PUBLIC_SAFE
S-01975,13,12,SITE-009,84.04,ok,silver,SYNTHETIC_PUBLIC_SAFE
S-01976,13,14,SITE-009,89.47,ok,silver,SYNTHETIC_PUBLIC_SAFE
S-01977,13,16,SITE-009,70.44,ok,silver,SYNTHETIC_PUBLIC_SAFE
S-01978,13,18,SITE-009,78.22,ok,silver,SYNTHETIC_PUBLIC_SAFE
S-01979,13,20,SITE-009,64.39,ok,silver,SYNTHETIC_PUBLIC_SAFE
S-01980,13,22,SITE-009,84.68,ok,silver,SYNTHETIC_PUBLIC_SAFE
S-01981,13,0,SITE-010,46.08,ok,silver,SYNTHETIC_PUBLIC_SAFE
S-01982,13,2,SITE-010,59.53,ok,silver,SYNTHETIC_PUBLIC_SAFE
S-01983,13,4,SITE-010,49.26,ok,silver,SYNTHETIC_PUBLIC_SAFE
S-01984,13,6,SITE-010,87.87,ok,silver,SYNTHETIC_PUBLIC_SAFE
S-01985,13,8,SITE-010,88.69,ok,silver,SYNTHETIC_PUBLIC_SAFE
S-01986,13,10,SITE-010,83.98,ok,silver,SYNTHETIC_PUBLIC_SAFE
S-01987,13,12,SITE-010,46.32,ok,silver,SYNTHETIC_PUBLIC_SAFE
S-01988,13,14,SITE-010,58.72,ok,silver,SYNTHETIC_PUBLIC_SAFE
S-01989,13,16,SITE-010,47.88,ok,silver,SYNTHETIC_PUBLIC_SAFE
S-01990,13,18,SITE-010,94.76,review,silver,SYNTHETIC_PUBLIC_SAFE
S-01991,13,20,SITE-010,76.59,ok,silver,SYNTHETIC_PUBLIC_SAFE
S-01992,13,22,SITE-010,89.52,ok,silver,SYNTHETIC_PUBLIC_SAFE
S-01993,13,0,SITE-011,66.04,ok,silver,SYNTHETIC_PUBLIC_SAFE
S-01994,13,2,SITE-011,86.81,ok,silver,SYNTHETIC_PUBLIC_SAFE
S-01995,13,4,SITE-011,59.79,ok,silver,SYNTHETIC_PUBLIC_SAFE
S-01996,13,6,SITE-011,78.1,ok,silver,SYNTHETIC_PUBLIC_SAFE
S-01997,13,8,SITE-011,84.27,ok,silver,SYNTHETIC_PUBLIC_SAFE
S-01998,13,10,SITE-011,45.23,ok,silver,SYNTHETIC_PUBLIC_SAFE
S-01999,13,12,SITE-011,78.25,ok,silver,SYNTHETIC_PUBLIC_SAFE
S-02000,13,14,SITE-011,88.58,ok,silver,SYNTHETIC_PUBLIC_SAFE
S-02001,13,16,SITE-011,47.19,ok,silver,SYNTHETIC_PUBLIC_SAFE
S-02002,13,18,SITE-011,47.4,ok,silver,SYNTHETIC_PUBLIC_SAFE
S-02003,13,20,SITE-011,57.02,ok,silver,SYNTHETIC_PUBLIC_SAFE
S-02004,13,22,SITE-011,61.41,ok,silver,SYNTHETIC_PUBLIC_SAFE
S-02005,13,0,SITE-012,53.83,ok,silver,SYNTHETIC_PUBLIC_SAFE
S-02006,13,2,SITE-012,90.5,ok,silver,SYNTHETIC_PUBLIC_SAFE
S-02007,13,4,SITE-012,71.62,ok,silver,SYNTHETIC_PUBLIC_SAFE
S-02008,13,6,SITE-012,92.62,review,silver,SYNTHETIC_PUBLIC_SAFE
S-02009,13,8,SITE-012,68.7,ok,silver,SYNTHETIC_PUBLIC_SAFE
S-02010,13,10,SITE-012,67.42,ok,silver,SYNTHETIC_PUBLIC_SAFE
S-02011,13,12,SITE-012,56.02,ok,silver,SYNTHETIC_PUBLIC_SAFE
S-02012,13,14,SITE-012,50.39,ok,silver,SYNTHETIC_PUBLIC_SAFE
S-02013,13,16,SITE-012,86.49,ok,silver,SYNTHETIC_PUBLIC_SAFE
S-02014,13,18,SITE-012,82.4,ok,silver,SYNTHETIC_PUBLIC_SAFE
S-02015,13,20,SITE-012,39.87,ok,silver,SYNTHETIC_PUBLIC_SAFE
S-02016,13,22,SITE-012,70.51,ok,silver,SYNTHETIC_PUBLIC_SAFE
